title,content,press,category,link
"[뷰리핑] 김부겸-추경호, 대구 ‘빅매치’","진행: 하어영 한겨레 정치팀 기자. 출연: 강수영 변호사, 김완 한겨레21 취재 2팀 팀장, 김원철 한겨레 워싱턴 특파원 국힘 추경호 대구시장 후보 선출, 김부겸과 맞대결/이진숙, 대구시장 선거 포기… 재보선 출마 전망/김부겸 개소식에 민주 지도부 집결/사퇴 거부한 장동혁 ‘방미 거짓말 논란’ 계속/장동혁 “해당행위 조치” 다음날…배현진 윤리위 또 제소/부산 구포초서 박민식-한동훈 대면… 하정우는 불참/‘김용 출마 찬성’ 60명 모였는데… 민주당 지도부는 어떤 결정할까/쿠팡 논란에 우원식 “명백한 내정 간섭”/미 총격 사태 파문…“45m 돌진하다 제압”/투숙객 용의자는 석사 출신 ‘이달의 교사’. 오늘 (04월 27일) 뷰리핑 많은 시청바랍니다.",한겨레,정치,https://n.news.naver.com/mnews/article/028/0002802543?sid=100
'가산점에 여론조사 논란까지'…국민의힘 충주시장 경선 후유증,"일부 당원 집단 탈당 추진…지역 정치 지형에 영향 지역 정가 ""시민·당원 납득할 수습 메시지 나와야"" 국민의힘 충주당협 일부 당원의 탈당계 제출 대화 내용 캡처(독자 제공. 재판매 및 DB금지) (충주=뉴스1) 윤원진 기자 = 국민의힘 충주시장 후보 경선이 끝났지만, 후보 선출 과정에서 빚어진 논란으로 후유증이 쉽게 가시지 않고 있다. 27일 지역 정가에 따르면 국민의힘 일부 당원이 집단 탈당을 하려고 탈당계 사진을 사회관계망서비스(SNS)에 올리고 있다. 이유는 후보 경선 과정 가산점 문제와 미확인 여론조사 의혹 등이다. 이번 경선에서 공정성 논란은 투표에서 8.96% 뒤진 이동석 예비후보(40·전 대통령비서실 행정관)가 청년 가점 10점을 적용받아 최종 후보로 확정되면서 불거졌다. 최초 4자 경선 때 부여한 가점 4점을 양자 결선에서 2자 가점 10점으로 바꿔 적용했기 때문이다. 이런 탓에 실제 결과와 다른 결론이 난 국민의힘 경선 방식에 질책이 이어졌고, 당원 가운데 탈당 움직임까지 나타나며 당협 조직에 균열 조짐이 보인다. 가산점 제도는 중앙당 경선 지침에 의한 것으로 결선에서 가점 적용 방식은 충북도당에서 판단해 결정한 것으로 알려졌다. 여기에 경선 과정에서 돌출된 '미확인 여론조사' 논란도 국민의힘 상황을 복잡하게 하고 있다. 법적 여론조사 형식을 갖추지 않고 투표 이후 누구를 찍었는지 확인하는 여론조사가 이뤄지면서, 당 안팎에서 법적·윤리적 문제를 제기하는 목소리도 제기된다. 해당 여론조사를 '누가, 왜 했는지? 그리고 경선에 영향을 끼치지 않았는지' 온갖 추측이 난무하는 상태에서 당의 불신을 증폭시키는 요인이 되고 있다. 이런 일들은 후보 선출 문제를 넘어 지역의 정치 지형에도 영향을 미칠 변수로 평가된다. 나아가 당협 관리를 책임지는 이종배 국회의원의 향후 입지와도 직결될 수 있다는 점에서 여진이 계속될 것으로 보인다. 지역 정계의 한 인사는 ""지금 충주 국민의힘의 난맥상이 중앙당의 낮은 지지율과 맞물리면 그나마 기대하는 보수세가 무너질 수 있다""며 ""두 사안에 대해 시민과 당원들이 납득하는 수습 메시지가 나와야 할 것""이라고 조언했다.",뉴스1,정치,https://n.news.naver.com/mnews/article/421/0008912771?sid=162
"김용남 ""평택·하남 나와 이광재로 당 여론조사…결과 따라 공천""","""선거 40일도 안 남아…조만간 결정할 듯"" ""신장식 사모펀드 언급, 조국에 도움 안돼"" 김용남 전 국회의원. (공동취재)2025.5.17 ⓒ 뉴스1 이재명 기자 (서울=뉴스1) 김세정 기자 = 국회의원 재·보궐선거 출마가 예상되는 김용남 전 국회의원은 27일 더불어민주당이 최근 경기 평택을과 하남갑 두 지역구에 대한 여론조사를 실시했다며 조만간 전략공천에 대한 당의 결정이 나올 것으로 전망했다. 김 전 의원은 이날 MBC라디오 '김종배의 시선집중'과의 인터뷰에서 ""출마 지역은 당의 결정에 맡기겠다고 했기 때문에 전략적으로 판단해 결정할 것이고 지난 주말에 여론조사를 돌렸다고 알고 있다""며 ""어느 지역에서 어느 후보가 가장 높은 경쟁력을 보였는지 자료를 놓고 판단할 테니 결과에 따라 (공천이) 나올 것""이라고 밝혔다. '여론조사 결과를 아는가'라는 질문에 김 전 의원은 ""모른다""며 ""저와 이광재 전 강원지사 이름이 들어간 여론조사를 돌렸던데 하면서 (지역에 있는 분들이) 연락을 줬다. 언론기관에서 돌린 여론조사 같지는 않고 당에서 돌리는구나 싶어 물어봤더니 부인하지 않더라""고 말했다. 김 전 의원은 선거 구도와 관련해 평택을에 대해 ""선거 구도가 가장 복잡한 건 사실""이라며 하남갑 출마를 더 선호한다는 뜻을 내비쳤다. 다만 ""당의 결정에 따르기로 했기 때문에 고집하는 건 아니다""라고 했다. 그는 ""(공천 발표는) 동시에 결정하지 않겠나""라며 ""(내부 검토의 경우) 선거 구도가 복잡하고 고려할 게 많은 평택을을 먼저 결정하고, 그 다음 하남갑을 결정하는 순서가 될 것 같다""고 내다봤다. '당으로부터 언제 결정해 준다는 언질을 받았나'라는 말엔 ""사실 선거가 40일도 안 남았다. 조만간 결정할 것 같다""고 답했다. 평택을 재선거에 대해선 ""5자 구도 내지는 6자 구도가 되기 때문에 막판까지도 단일화 얘기가 계속 나올 수 있다""고 했다. 김 전 의원은 '만약 평택을 지역에 공천을 받는다면 조국 조국혁신당 대표나 김재연 진보당 상임대표에게 후보 단일화를 제안할 수 있냐'는 질문에는 ""공천 확정도 안 된 상태에서 그런 말씀을 드리긴 조금 부적절하다""며 말을 아꼈다. 이어 ""아무래도 그런(국민의힘 후보가 당선되는) 일은 막아야겠다""고 언급했다. 자신의 향후 정치적 역할에 대해선 ""민주당의 이념적 스펙트럼을 넓히는 데 있다""며 ""지금 민주당은 중도뿐만 아니라 보수까지 다 아우르는, 이재명 대통령의 정책이나 비전도 그쪽으로 나아가고 있고, 과거 민주당보다는 훨씬 폭이 넓은 민주당을 만드는 데 제 역할이 있다고 생각한다""고 말했다. 김 전 의원은 신장식 혁신당 최고위원이 자신을 겨냥해 '반성문부터 써야 한다'고 주장한 데 대해선 반박했다. 앞서 신 최고위원은 지난 23일 YTN 라디오에 출연해 김 전 의원이 2019년 조국 사태 당시 조 대표의 사모펀드 의혹을 제기했던 점을 거론하며 ""검찰은 사모펀드와 관련해 조 대표를 기소조차 하지 못했다""고 지적한 바 있다. 이에 대해 김 전 의원은 ""제가 그때 공개한 사실 중 사실과 다른 부분은 전혀 없다""고 했다. 이어 ""제가 과거 보수정당에서 활약했다는 점을 부각하고 싶은 것 같다""면서 ""사모펀드 투자와 관련해서도 조 대표 5촌 조카는 유죄를 받았고 배우자도 일정 부분 유죄가 났었다. 제가 일부러 환기할 의도는 전혀 없는데 혁신당 쪽에서 그 사실을 소환하는 것은 조 대표에게 도움 될 것 같지 않다""고 강조했다.",뉴스1,정치,https://n.news.naver.com/mnews/article/421/0008912767?sid=162
"與홍기원 ""장동혁, '바이든 날리면'보다 더한 외교참사... 심각한 국격 훼손""","[YTN 라디오 장성철의 뉴스명당] ■ 방송 : FM 94.5 (07:15~09:00) ■ 방송일 : 2026년 04월 27일 (월) ■ 진행 : 장성철 공론센터 소장 ■ 대담 : 홍기원 더불어민주당 의원 - 트럼프 암살 시도, 보안상의 심각한 문제... 검색대 돌진 허용은 충격 - 美, 지금 극단적 대립 중... 트럼프가 정치적 양극화 심화시켜 - 이란, 본격적인 협상단 보낸 것 아냐... 美와 이중 봉쇄 해결이 관건 - 장동혁 방미, 윤석열의 '바이든-날리면'보다 더한 외교 참사 - 비서실장 만나고 차관보라니... 국격 떨어뜨리는 엄청난 외교 훼손 - 美 고위급은 야당 인사 안 만나... 외교 관례도 모르는 행태 - 쿠팡 리스크? 동의 불가... 쿠팡, 美에 과장된 정보로 강한 로비 중 - 정동영 '구성시' 발언, 미국이 기밀 정보로 오해했을 가능성 있어 - 조국 평택 출마 소식에 '이거 참 큰일 났다' 생각 들었다 - 정치 1번지 종로 아닌 평택... 잘못 공천하면 국힘에 어부지리 아래 텍스트는 실제 방송 내용과 차이가 있을 수 있으니 보다 정확한 내용은 방송으로 확인하시기를 바랍니다. [내용 인용 시 YTN 라디오 <장성철의 뉴스명당> 인터뷰 내용임을 밝혀주시기 바랍니다.] ◆ 장성철 : 네, 트럼프 대통령을 향한 또 한 번의 총격 테러가 시도됐습니다. 안으로는 테러 시도, 밖으로는 이란과의 협상 불발, 그야말로 사면초가인데요. 그럼에도 동맹인 우리를 향한 전방위 압박도 멈추지 않고 있습니다. 최고의 외교 안보 전문가시죠? 국회 외교통일위원회 더불어민주당 홍기원 의원 모시고 관련된 내용들 자세하게 짚어보겠습니다. 의원님, 어서 오세요. ◇ 홍기원 : 안녕하십니까? 홍기원입니다. ◆ 장성철 : 감사합니다. 의원님, 주말에 놀라셨을 것 같아요. 트럼프 대통령을 향한 총격 사건이 있었잖아요. ◇ 홍기원 : 예, 어마어마한 뉴스였죠. ◆ 장성철 : 단순한 일탈일까요? 아니면 미국의 여론을 어느 정도 대변한다, 이렇게 봐야 될까요? ◇ 홍기원 : 심각한 미국 내 정치적인 그런 분열 양상을 보여주는 한 단면이라고 생각합니다. 트럼프 대통령에 대한 암살 시도는 이번이 세 번째 아니에요? 후보 시절에 두 차례 있었고. 그런데 특히 이란 전쟁 이후에 또 미국 내에서 일반 시민이 이민 단속 직원에게 총 맞아서 2명이 죽었잖아요? 그 이후에 ""언제든지 이런 사고가 날 수 있다."" 하는 얘기들이 있었거든요. 그리고 미국 내에서 이 트럼프 2기 들어서, 작년 9월에 '청년 마가' 대표인 찰리 커크가 연설 중에 암살당했잖아요. 그거 말고도 정치인 암살 또는 관저 방화 사건, 이런 일들이 여러 차례 있었습니다. 그만큼 미국 내에 정치 분열이 심각한 그런 결과를 반영한 거라고 생각합니다. ◆ 장성철 : 단순한 개인적인 일탈이라고 보기는 좀 어렵겠군요. ◇ 홍기원 : 아주 극단적으로 대립하고 있습니다. ◆ 장성철 : 네, 저희가 생각하는 것보다 더… ◇ 홍기원 : 우리도 정치적 양극화가 심한데, 그래도 이재명 대통령이 좀 실용적으로 또 중도도 또는 보수도 이렇게 아우르는 정치하면서 조금 약화됐는데, 미국은 트럼프 대통령의 지금까지의 정치 행태가 양극화를 굉장히 심화시키고 있어요. ◆ 장성철 : 근데 의원님, 저는 놀란 게 정말 미국 대통령 하면 언제 어디서든 최고의 경호를 받는 거잖아요. 그런데 어떻게 이런 일이 벌어질 수 있을까요? ◇ 홍기원 : 지금 미국의 보안 전문가들도 ""이번에 심각한 문제가 있었다."" 그런 지적을 했고요. 그런데 이 사고가 난 가장 큰 배경으로 행사 장소가 워싱턴 DC의 힐튼 호텔이거든요. 거기 대연회장인데, 이번 암살 사건을 저지른 혐의자가 힐튼 호텔 내에 투숙객으로 있었지 않습니까? 그러니까 호텔 내부에서 하는 행사였고 또 호텔에 투숙한 사람이었기 때문에 아무래도 바깥 경계는 벗어날 수 있었고, 그렇다 하더라도 이 사람이 산탄총, 권총, 또 수많은 칼까지 지닌 채로 그 검색대를 돌진해서 돌파하려고 시도했던 거는… ◆ 장성철 : 그냥 막 우사인 볼트처럼 뛰어가더라고요. ◇ 홍기원 : 아무리 호텔 투숙객이라 하더라도 그러한 무기들을 갖고 있었는데 그걸 체크 못 하고 검색대까지 오고, 거기를 또 이렇게 돌진해서 돌파할 수 있도록 된 거는 굉장히 보안상의 문제가 있었던 거고, 그런 행사 장소의 문제를 많이 들더라고요. 호텔 연회장이기 때문에, 또 호텔이기 때문에 많은 사람이 드나들고 투숙객은 검색이 아무래도 약할 수밖에 없고, 대연회장은 입구도 여러 개고 그런 문제를 많이 제기하고 있습니다. ◆ 장성철 : 대처는 잘했다고 보시는 거예요? ◇ 홍기원 : 대처 자체는, 이번에 총을 발사한 게 3발이었다고 하거든요. 행사장 바깥에 아마 문밖에서 벌어진 일 같은데, 그 보안 요원들이 신속하게 대응하고 또 그 안에 있던 대통령, 부통령, 국무장관, 국방장관 다 신속하게 빼는 모습 보면서 대처는 비교적 잘했다고 그렇게 평가되고 있습니다. ◆ 장성철 : 네, 우리 좀 정부랑 핫라인 구성해 가지고, 여당 차원이라든지 아니면 정부 차원의 핫라인이 좀 잘 가동되고 있다 이렇게 좀 봐야 됩니까? ◇ 홍기원 : 그러니까 이번에 정동영 통일부 장관 발언을 배경으로 한미 간에 입장 차, 균열이 있지 않느냐 그런 얘기들이 있는데, 안보실장이나 우리 외교부 대변인의 발표를 들어보면 비교적 소통이 잘 되는 것 같고요. 큰 문제는 없는 것 같고, 특히 통일부 장관 일이 발생한 이후에 우리 외교부에 차관급이거든요, 외교전략정보본부장이 미국에 가서 국무부 정무차관하고 소통하고 왔다는 거 아니겠습니까? ◆ 장성철 : 차관보급 아니죠? 차관이죠. ◇ 홍기원 : 예, 외교전략정보본부장은 차관급 고위직이고요. 미국에 가서 국무부 정무차관하고 만난 거니까 소통이 잘 되고 있는 거죠. ◆ 장성철 : 그 점은 좀 이따가 한번 다시 한번 짚어보고요. 이란 전쟁 한번 살펴볼게요. 미국과 이란 2차 협상 무산됐습니다. 배경 뭐라고 봐야 될까요? ◇ 홍기원 : 이번은 2차 협상이 무산된 게 아니고 2차 협상을 할 것처럼 보였는데 안 된 거거든요. ◆ 장성철 : 테이블에 앉지도 못했다. ◇ 홍기원 : 그러니까 원래 2차 협상이 계획된 게 아니었다, 그런데 혹시 할 수도 있었을 뻔했는데 안 됐다, 이렇게 보는 게 맞고요. 왜냐하면 지금 이란의 대표단이 파키스탄에 갔잖아요. 그런데 대표단 구성을 보면 외교 장관과 외교부 라인만 갔어요. 지난번 1차 때는 한 80명 정도 또 이슬람 혁명 수비대를 포함한 여러 그룹에서 갔습니다. 그런데 이번에는 외교 장관을 필두로 해서 외교부 라인만 갔고, 그다음에 그 사람이 오만에 갔다가 다시 이슬라마바드에 왔다가 이번에 모스크바로 향한 걸로 알고 있는데, 그걸 보면 본격적인 협상단이 온 건 아니다. 그래서 미국 트럼프 대통령이 푸시코프하고 쿠슈너 보내려고 했다가 중단시켰다 하는 게, 이란 측에서 협상 대표단이 온 걸로 생각하고 좀 보내려고 했다가 ""아, 그게 아니었구나."" 하는 걸 판단해서 안 보낸 것 같고요. ◆ 장성철 : 대표성이 없다, 이렇게? ◇ 홍기원 : 그렇죠. 이란 외교부는 공식적인 대협상 창구이기는 하지만 이란 정권의 핵심 실세들과는 크게 관계가 없잖아요. 그걸 보면 이란 내에서 지금 중재자인 파키스탄과 의사소통을 하고 있고, 거기를 통해서 미국의 입장을 전달하는 그런 과정 중에 있지 않나 이렇게 생각합니다. ◆ 장성철 : 하도 이게 뭐 트럼프 대통령의 결정이라든지 판단이 매일매일 바뀌어 가지고 이 협상이 어떻게 될까 이렇게 전망해 보는 것 자체가 좀 무의미하지 않을까 그런 생각도 드는데, 우리나라 정부의 대처는 잘 되고 있다고 보세요, 의원님? ◇ 홍기원 : 지금 아직도 호르무즈 해협 안에 우리 배들이 많이 갇혀 있잖아요. 아직 한 척도 못 나온 걸로 알고 있는데, 우리 외교 장관이 이란 외교 장관하고 두 차례나 통화를 했고 또 외교 장관 특사, 정병하 특사가 가지 않았습니까? 그래서 이란 외교장관과 면담도 했다고 보도가 나왔는데 이렇게 특사가 간 게 우리나라가 지금 첫 사례랍니다. ◆ 장성철 : 그렇습니까? ◇ 홍기원 : 네, 그 정도로 열심히 하고 있는데 문제는 원래 미국과 이란이 휴전하면서 핵 제재가 풀릴 뻔했잖아요. 그때 나오려고 했는데 미국이 역봉쇄를 하면서 그게 어려워진 거죠. 이란만 봉쇄를 하고 있었고, 그래서 이 휴전 상태에서 나올 기회가 있었는데 미국이 역봉쇄를 하니까 또다시 이란이 ""아무도 못 움직인다."" 이렇게 되면서 더 어려워진 국면으로 보고 있습니다. 이 역봉쇄 문제, 또 이중 봉쇄 문제가 해결되지 않으면 여전히 우리 배가 나오는 것은 쉽지 않은 걸로 그렇게 보입니다. 이게 아무리 노력하더라도… ◆ 장성철 : 네, 좀 답답하시겠네요. 의원님도 많이. ◇ 홍기원 : 답답하죠. 지금 거기 갇혀 있는 우리 한국 선원이 162명, 벌써 거의 두 달 된 거 아니에요? 보통 일이 아닌데. ◆ 장성철 : 국회에서 의원분들이 할 수 있는 역할은 좀 제한적이겠지만, 상임위 활동할 때 외교부 장관 등에게 뭐를 제일 좀 당부하십니까? ◇ 홍기원 : 당연히 우리 갇혀 있는 배들, 또 선원들 빨리 나올 수 있도록 모든 노력을 다 하라는 거고, 그래서 특사도 파견한 거고 우리 국회에서도 여기 한국에 있는 이란 대사도 만나고 다각도로 노력을 기울이고 있는데, 아까 말씀드린 대로 상황이 그렇게 악화되면서 현재까지는 좀 기대가 어려운 그런 국면으로 보고 있습니다. ◆ 장성철 : 알겠습니다. 일단은 좀 아이템을 넘겨가지고요, 장동혁 국민의힘 대표의 방미 후폭풍에 대해서 좀 여쭤볼게요. 의원님, 외교관 하셨고 외교 전문가시잖아요. 차관보 비서실장, 차관보급, 이런 논란 어떻게 보십니까? ◇ 홍기원 : 첫째로는 뭐 당내 문제이긴 하지만 지방선거를 코앞에 두고 제1야당의 대표가 미국을 방문한 게 먼저 생뚱맞고요. 두 번째로는 '차관보급'을 만났다고 국민의힘에서 발표를 했잖아요. 그 차관보급 만난 것 자체도 의전적으로 굉장히 격이 맞지 않는 일입니다. 우리 제1야당 대표는 국내에서는 총리급 의전을 하는 그런 위치인데, 미국 국무부의 차관보급 만나고선 ""큰 중요한 인물을 만났고 큰일을 한 것이냐"" 그렇게 본인이 홍보를 했거든요. 거기까지도 우리 당은 크게 반응하지 않았습니다. 그런데 언론 보도에서 ""장동혁 대표가 만난 사람이 차관보나 또는 차관보급이 아니다."" 원래는 차관보라고 발표를 했었는데 ""차관보가 아니다, 차관의 비서실장이다."" 이렇게 언론 보도로 밝혀졌잖아요. 차관이 공공 외교 담당 차관인데 최근에 한국을 방문해서 우리 외교부의 차관보급 공공외교 대사하고 회담을 했습니다. 그 사람의 비서실장을 만났으니 이게 엄청나게 우리 국격을 떨어뜨리는 그런 일인 거죠. 본인이 그런 사람을 만나고 차관보를 만났다고 한 것도 거짓말이었고, 실제로 만난 사람은 차관의 비서실장이면 우리나라로 치면 심의관급 또는 서기관급이거든요. 장관 비서실장이 국장급이기 때문에… 그런 데다가 또 다른 차관보급을 만났다 이렇게 했는데 그 사람도 실상은 수석 부차관보로 밝혀졌지 않습니까? 그 사람도 국장급이에요. 결국은 제1야당의 대표가 가서 국장급 또는 그 이하의 사람을 만나고 온 건데 엄청나게 잘못한 거죠. 우리 국격에 엄청난 훼손을 준 건데 또 거짓말까지 하고, 또 가서는 한미 간에 큰 문제 없거든요. 근데 무슨 큰 문제가 있는데 본인이 해결하고 온것인마냥 그렇게 얘기했지 않습니까? 저는 진짜 윤석열의 '바이든 날리면'보다 더한 외교 참사라고 생각하고 있습니다. 개인적으로는 미국 내에서 우리나라를 어떻게 보겠습니까? 미국의 국무부 국장급 또는 차관의 비서실장급이 제1야당 대표를 만났는데 그거를 가지고 와서 국내에서는 중요한 사람 만난 걸로 홍보를 했는데, 미국에서는 우리를 어떻게 보겠어요? 저는 엄청난 외교 참사라고 생각하고 있습니다. 만약 장동혁 대표가 소위 가기 전에 예고하며 기대를 했던 펜스 부통령이나 루비오 국무장관을 만났다고 하면, 외교 관례를 들어서 이걸 대비를 했겠습니까? 자랑을 했겠죠. ◆ 장성철 : 근데 미국에서는 이렇게 비공개 요청하고 좀 내가 누군지도 알리지 말아 달라, 이렇게 보통 많이 얘기합니까? ◇ 홍기원 : 보통 안 해요. 그리고 외교는 정부 대 정부가 하는 거거든요. 국회의원은 국회 간에 서로 협력하고 논의하고 이런 거거든요. 그런데 야당 대표가 가서 국무부의 누구를 만나서 이렇게 하는 거는 크게 외교적으로 보면 일반적으로 있지 않는 일입니다. ◆ 장성철 : 장동혁 대표 측에서는요, 뭐 펜스 부통령 만나려고 했는데 트럼프가 갑자기 긴급회의를 소집하는 바람에 루비오 국무장관이나 펜스 부통령 못 만났다, 이렇게 얘기를 하거든요. ◇ 홍기원 : 이번에 체류 기간이 8박 10일인가 되잖아요. 그래서 그런 걸 이유로 이렇게 변명하는 것은 제가 좀 잘 이해가 안 되고요. 기본적으로는 미국 정부의 최고위급 인사들이 야당 인사는 잘 만나지 않습니다. 그거는 외교 관례상 외교는 정부 대 정부가 하는 것이기 때문에, 만약에 미국 내에서 최고위급 인사가 야당 인사를 만나면 우리 정부한테는 굉장히 외교적인 결례가 될 수 있는 거고... 그렇죠. ◆ 장성철 : 그런데 장동혁 대표나 국민의힘 측에서는 ""아니, 그래도 야당 대표가 가서 미국 내 인맥도 좀 넓히고 우리나라 사정도 얘기하고 여러 가지 핫라인도 구성하고 여러 가지 얘기 듣고 오면 그걸로써 좋은 거 아니냐, 근데 왜 민주당은 꼬투리 잡아가지고 그렇게 비판하냐"" 이런 목소리도 있어요. ◇ 홍기원 : 아까 말씀드렸는데, 장동혁 대표가 미국에서 차관보를 만나고 와서 뭐 이런이런 한미 관계 증진을 위한 노력을 하고 왔다 이렇게 발표한 그 시점까지 우리 민주당에서는 그거에 대해서 특별히 비판하는 입장을 낸 적이 없습니다. 다만 언론 보도를 통해서 장동혁 대표가 거짓말을 했다, 만난 사람이 차관보나 차관보급이 아니었다 하는 게 밝혀지면서 우리가 문제를 제기한 거고요. 저는 아까 말씀드린 대로 이거는 외교 참사에 버금가는 아주 굉장히 잘못된 그런 행태를 했다, 이렇게 보고 있습니다. ◆ 장성철 : 그런데 장동혁 대표도 지금 미국과의 외교적으로 문제가 많다, 참사 수준이다 이렇게 얘기하는 것 중에 하나가 정동영 통일부 장관이 북한 구성 핵시설 공개 논란, 이것 때문에 미국에서 우리나라한테 정보도 제한적으로 주고 여러 가지 불편한 일들이 많이 일어나고 있다, 이거 외교 참사 아니냐 이렇게 지적을 하거든요. ◇ 홍기원 : 일단 먼저 팩트부터 말씀드리면, 올해 3월 6일날 외통위 상임위장에서 정동영 장관이 구성시를 언급했다, 그게 문제가 돼서 미국 측에서 정보를 제한했다 뭐 이런 거잖아요. 그런데 제가 외통위 위원 아니겠습니까? 정동영 장관이 그 말을 할 때 제가 다 들었고 그때 야당 누구도 그게 문제라고 생각한 사람이 없습니다. 그건 그만큼 일반적인 얘기라는 뜻이죠. 왜냐하면 정동영 장관이 작년 7월에 장관 인사청문회 할 때 똑같은 얘기를 했거든요. 장관이 되기 전입니다. 그러니까 정동영 장관 입장에서는 본인의 설명도 그렇지만 미국이 제공한 기밀 정보를 바탕으로 취득한 내용이 아니다, 장관되기 전서부터 이미 미국 내 유수의 연구기관에서 발표된 내용이고 또 IAEA에서도 비슷한 내용을 발표를 했던 거를 본인이 북한 핵 문제에 워낙 관심이 크니까 그걸 정리해 놓은 입장을 얘기한 거고... 그래서 이번에 미국 측이 이거를 이유로 정보를 제한한 건지는 아직 불확실하지만... ◆ 장성철 : 근데 정보가 제한되고 있는 건 사실이잖아요. ◇ 홍기원 : 그거는 맞는 것 같아요. 근데 특이한 건 뭐냐 하면 정동영 장관이 이 얘기를 작년 청문회 때도 하고 이번에도 했는데, 구성시가 언급된 언론 보도는 이번이 처음입니다. 그러니까 미국에서는 자기들이 제공한 기밀 정보의 바탕에서 정동영 장관이 얘기한 걸로 오해했을 수는 있어요. 그래서 그거를 설명했다는 거고, 이번에 외교전략정보본부장이 가서 그런 설명을 다 했고 그 부분에 대해서는 이해가 됐을 수 있습니다. ◆ 장성철 : 그런데 정보 제한 조치는 왜 안풀어요? ◇ 홍기원 : 그거는 풀었는지 안 풀었는지 알 수 없는 일이고요. 왜냐하면 정보 제공 자체도 비밀이지만 정보 제한이 있다는 것 자체도 비밀이거든요. 주한미군 사령관이 그 문제를 제기했다 그래서 국방부에서 설명을 해 가지고 다 이해가 됐다 이런 얘기까지 다 나오고 있잖아요. 어쩌면 오해에서 기인했을 수도 있고, 또 하나는 미국과 우리 간에 지금 여러 가지 현안들이 있기 때문에 그러한 것들이 중첩돼서 일이 발생했을 수도 있는데, 이런 걸 가지고 외교 참사라고 하는 것은 너무 과도한 그런 프레임 씌우기죠. ◆ 장성철 : 그럼 이것도 여쭤볼게요. 위성락 국가안보실장도 쿠팡 문제가 한미 간 안보 협의에 영향을 주고 있다 이렇게 얘기를 해요. 쿠팡 리스크, 우리 한미 간의 외교 리스크가 됐습니까? ◇ 홍기원 : 그거를 저는 리스크로 표현하는 것 자체에 동의할 수 없는데요. 쿠팡 문제에 대해서 미국 정부나 또는 의회 인사들이 우리에게 문제 제기하는 건 맞습니다. 그건 쿠팡이 로비를 강하게 하고 있기 때문이고, 또 로비하는 과정에서 실제로 국내에서 벌어지는 일이 많이 과장돼서 미국 정부나 의회 인사들에게 입력된 것도 있거든요. 쿠팡이 문제 되는 이유는 크게 두 가지입니다. 하나는 대량의 개인 정보가 유출된 것에 대해서 쿠팡의 대응이 굉장히 미흡했잖아요. 그거에 대해서 우리 정부나 국회가 굉장히 좀 압박을 세게 한 거, 또 하나는 플랫폼법(온라인 플랫폼법)이 미국의 많은... 지금 온라인 플랫폼들이 미국 기업들이잖아요. 그래서 미국의 기업들이 불이익을 받는 걸로 이렇게 생각하는 기업이니까요. 그래서 얼마든지 있을 수 있는 일인데 특히 쿠팡 문제의 경우는 우리가 정당한 법 집행을 하고 또 정당한 입법 과정 중에 있는 건데, 미국 입장에서 보면 특히 미국 기업의 그런 애로라고 하니까 정부나 국회의원들이 나서서 문제 제기는 할 수 있죠. 그러면 서로 소통해서 풀 수 있는 건 풀고, 또 원칙적으로 우리가 개인정보 유출은 우리한테는 엄청나게 큰 사안인데 미국에서도 개인정보 유출이 된 그런 온라인 기업들에 수천억 원의 과징금도 부과하고 하거든요. 우리는 그 정도까지 가지도 않았는데... 하는 이런 문제들에 대해서는 협의를 통해서 얼마든지 오해도 불식시킬 수 있고, 또 설사 이견이 남는다 하더라도 그거는 우리가 정당한 입법, 정당한 법 집행이면 그거를 가지고 우리가 리스크다 이렇게 얘기하는 거는 좀 잘못된 거라고 생각합니다.",YTN,정치,https://n.news.naver.com/mnews/article/052/0002346082?sid=100
"[김윤정의 정곡(正鵠)] 국힘의 만력제(萬曆帝), 장동혁","제미나이가 그린 일러스트 중국 명나라 제13대 황제 만력제(萬曆帝). 중국사 전체를 통틀어 최악의 암군(暗君)을 꼽을 때 수위권을 다투는 인물이다. 30년 가까이 정사를 돌보지 않고 파업에 돌입한 이른바 ‘태정(怠政)’으로 명나라 멸망의 실질적 원흉이 됐다. 오죽하면 <명사(明史)>에 “명나라는 실로 만력 때 망했다”고 적혀 있을까. 그런데 이 끔찍한 황제가 압록강 이남에서는 완전히 다른 대접을 받는다. 임진왜란 당시 망해가는 조선을 구하기 위해 신하들의 맹렬한 반대를 무릅쓰고 병력과 쌀 100만석(약 9만t)을 쏟아부어 주었기 때문이다. 자기 나라 국고가 파탄 나고 북방에서 여진족(청나라)이 거대한 폭풍처럼 성장하는 와중에도 그는 오직 ‘조선 구하기’에 진심이었다. 명나라 입장에서는 나라를 말아먹은 원수였지만, 조선 입장에서는 망해가는 나라를 다시 살려준 ‘재조지은(再造之恩)’의 은혜로운 ‘조선천자’였다. 지금 대한민국 정치판을 들여다보면 만력제의 영혼이 부활한 것만 같은 기시감이 든다. 바로 장동혁 국민의힘 대표다. 최근 공개된 4월 4주차 전국지표조사(NBS)에서 국민의힘 지지율은 15%로 추락했다. 2020년 9월 ‘국민의힘’ 당명 변경 이후 최저치다. 반면 이재명 대통령 국정운영 긍정평가는 69%, 더불어민주당 지지도는 48%를 기록했다. 지방선거와 재보궐선거가 불과 한달여 앞으로 다가온 가운데 당 지도부가 골든타임을 허비하며 노출한 내홍의 상처다. 상처를 수습해도 모자랄 판에 터진 방미 후폭풍과 이어진 당내 파열음은 장 대표의 행보가 단순한 태정을 넘어 혼군(昏君)의 망동(妄動)에 이르렀음을 보여준다. 선거를 코앞에 두고 8박 10일간 미국으로 훌쩍 떠나버린 행위 자체도 문제지만, 귀국 일정을 연기하면서까지 만난 인물이 미 국무부 차관보가 아닌 ‘차관 비서실장’이었음이 드러났다. 그 뒷모습 사진 한 장을 외교 성과로 포장하려 했던 거짓 브리핑 논란은 상황 파악조차 못 하고 엉뚱한 곳에서 헛심을 쓰는 적나라한 현실 도피다. 당내에서는 이미 지도부의 권위가 소멸했다는 탄식이 쏟아진다. 오세훈 서울시장과 주호영 의원 등 광역단체장 후보들과 중진들이 연일 2선 후퇴와 거취 결단을 압박하고 나섰다. 장 대표는 사퇴론을 일축하며 “후보자라도 즉시 교체하겠다”고 엄포를 놓았지만, “집 밖에서 무능한 가장이 집안에 와서 행패를 부리는 모양새”라는 당내 맹비난만 자초했을 뿐이다. 5월 14일 후보 등록 시점을 전후로 지역별 ‘독자 선대위’를 꾸리며 각자도생에 나선 풍경은, 황제가 조회에 나오지 않자 끼리끼리 파벌을 지어 정치를 하던 명나라 말기 동림당(東林黨) 관료들을 연상케 한다. 그렇다면 장동혁 체제의 이 태정과 망동이 내려주는 ‘재조지은’의 은혜를 입고 있는 현대판 조선은 어디일까. 당연히 민주당이다. 일찌감치 16개 광역단체장과 공천을 마무리한 민주당은 장 대표가 미국에서 차관 비서실장의 뒤통수 사진이나 찍어오고 한때 자신의 정치적 구심점이었던 한동훈을 제명하며 자중지란을 일으키는 과정을 여유롭게 지켜보고 있다. 만력제가 명나라의 국고를 털어 조선을 배 불렸듯 장 대표는 보수 진영이 가진 최소한의 정치적 자산마저 남김없이 소진하며 여권의 지지율 곳간을 채워주고 있는 셈이다. 이쯤 되면 여당 지지층 사이에서 장 대표를 ‘민주당의 천자’로 모셔야 한다는 우스갯소리가 나와도 이상할 게 없다. 하지만 이 기막힌 평행이론에는 한 가지 치명적인 차이가 존재한다. 만력제는 신하들과 치열하게 기싸움을 벌이며 ‘정치적 의도’를 가지고 조선 파병을 선택했다. 그에게는 최소한 제국의 위엄을 과시하겠다는 본인만의 명분이 있었다. 그래서 조선 사대부들은 명이 망한 뒤에도 수백 년간 ‘만동묘(萬東廟)’를 지어놓고 제사를 모시며 그를 기렸다. 반면 장 대표의 행보에는 상대 당을 이롭게 하려는 어떤 고도의 의도나 계산도 엿보이지 않는다. 그저 무능과 실기, 현실 도피가 겹겹이 쌓여 만들어낸 맹목적인 결과일 뿐이다. 의도 없이 상대를 돕는 지도자는 자신의 실패를 멈출 브레이크조차 찾지 못한다. 게다가 이재명 정부나 민주당 지지자들이 훗날 장 대표의 은혜를 기리며 여의도 한복판에 사당을 지어줄 리도 만무하다. 결국 장 대표는 자당에는 회복 불가능한 상처를 남기고, 상대 당으로부터는 조롱 섞인 박수만 받다가 잊힐 공산이 크다. 역사는 “명 멸망의 씨앗이 이미 만력 연간에 뿌려졌다”고 평가하고 있다. 훗날의 한국 정치사 역시 ‘국민의힘은 6·3 지방선거 투표함이 열리기도 전에 장동혁 체제의 기이한 태정 속에서 이미 붕괴했다’고 기록할지도 모른다.",디지털타임스,정치,https://n.news.naver.com/mnews/article/029/0003023820?sid=100
"정청래, 어제 하정우 만났다…부산 북갑 출마 여부 곧 밝힐 듯","더불어민주당 정청래 대표, 하정우 청와대 AI미래기획수석 /연합뉴스 더불어민주당 정청래 대표가 하정우 청와대 AI미래기획수석을 만나 부산 북갑 보궐선거 출마를 공식 요청했다. 하 수석은 전재수 의원의 부산시장 출마로 치러지는 이번 보궐선거에 출마하는 방향으로 사실상 결심을 굳힌 채 조만간 출마 선언을 할 것으로 알려졌다. 정 대표는 ""'AI(인공지능) 3대 강국' 정책 설계자로서 국회에 와서 입법으로 성과를 내달라""며 ""전재수 부산시장 후보의 지역구를 계승·발전시키고, 전 후보와 함께 부·울·경(PK) 선거의 견인차 역할을 할 사람이 필요하다""는 취지로 하 수석을 설득했다고 전해졌다. 하 수석은 이에 대해 긍정적으로 반응하면서 사실상 '출마할 결심'을 굳힌 것으로 전해졌다. 정치권에선 하 수석이 이날 오후 이재명 대통령과 데미스 허사비스 구글 딥마인드 최고경영자(CEO) 면담에 배석한 뒤 출마 입장을 밝힐 가능성이 있다는 관측도 나온다. 부산 북갑 보궐선거에 보수 진영에선 무소속인 한동훈 전 국민의힘 대표, 박민식 전 국가보훈부 장관이 출사표를 던진 상태다. 하 수석이 출마할 경우 치열한 3파전이 예상된다. 북갑은 2024년 총선에서 부산 지역 18개 지역구 가운데 유일하게 민주당이 승리한 곳으로, 한 전 대표가 일찌감치 출마를 선언하며 정치적 재기를 노리는 지역이기도 하다. 민주당으로서도 물러설 수 없는 승부처로 꼽힌다. 특히 정 대표는 이번 보궐선거가 단순한 의석 확보를 넘어 PK 지역 전체 선거 구도에 영향을 미칠 수 있다고 보고, 이달 초부터 하 수석에게 공개 러브콜을 거듭 보내며 공을 들여왔다.",TV조선,정치,https://n.news.naver.com/mnews/article/448/0000606967?sid=162
조국혁신당 정철원 담양군수 후보 개소식 개최,"정철원 담양군수 후보는 지난 25일 선거사무소 개소식을 개최했다고 27일 밝혔다. [헤럴드경제(담양)=서인주 기자] 정철원 담양군수 후보는 지난 25일 선거사무소 개소식을 개최했다고 27일 밝혔다. 이번 개소식에는 서왕진 국회의원(원내대표), 신장식 국회의원 및 조국혁신당 박웅두(곡성 군수후보), 김왕근(장성 군수후보), 정원식(영광 군수후보)후보등 담양군 지방선거 후보들이 참석했다, 평택 국회의원 보궐선거로 참석하지 못한 조국 당대표를 비롯한 김준형, 강경숙, 이해민, 김선민, 정춘생, 차규근 국회의원 등은 축하 동영상을 보내 개소식을 축하했다. 정철원 후보는 “정치는 말로 하는게 아니라 결과로 증명하는 것이라고 믿는다”며 “약속보다 실천으로 답하겠다”고 밝혔다. 또한 지난 1년 동안 담양의 변화가 시작되었으며 변화가 중간에 멈추지 않도록, 끝까지 책임 질수 있도록 지지를 부탁했다. 다.",헤럴드경제,정치,https://n.news.naver.com/mnews/article/016/0002635584?sid=102
"정청래, 어제 하정우 만나…河, 부산 북갑 보선출마 결심 굳힌듯","鄭 ""부울경 선거 견인차 필요…AI 정책, 국회서 입법 성과 내달라"" 북갑서 '하정우·한동훈·박민식' 불꽃 3파전 주목 답변하는 하정우 AI 수석 (서울=연합뉴스) 김도훈 기자 = 하정우 AI미래기획수석이 17일 청와대 영빈관에서 열린 공공기관 및 유관기관 업무보고에서 이재명 대통령 질문에 답하고 있다. 2026.4.17 superdoo82@yna.co.kr (서울=연합뉴스) 이슬기 오규진 기자 = 더불어민주당 정청래 대표가 하정우 청와대 AI미래기획수석을 만나 부산 북갑 보궐선거 출마를 공식 요청했다. 하 수석은 전재수 의원의 부산시장 출마로 치러지는 이번 보궐선거에 출마하는 방향으로 사실상 결심을 굳힌 채 조만간 출마 선언을 할 것으로 알려졌다. 민주당 핵심 관계자는 27일 연합뉴스와 통화에서 ""전날 저녁 정 대표가 하 수석과 함께 서울 시내 모처에서 약 2시간가량 저녁 식사를 함께하면서보궐선거 출마를 적극적으로 설득했다""고 말했다. 정 대표는 ""'AI(인공지능) 3대 강국' 정책 설계자로서 국회에 와서 입법으로 성과를 내달라""며 ""전재수 부산시장 후보의 지역구를 계승·발전시키고, 전 후보와 함께 부·울·경(PK) 선거의 견인차 역할을 할 사람이 필요하다""는 취지로 하 수석을 설득했다고 한다. 하 수석은 이에 대해 긍정적으로 반응하면서 사실상 '출마할 결심'을 굳힌 것으로 전해졌다. 정치권에선 하 수석이 이날 오후 이재명 대통령과 데미스 허사비스 구글 딥마인드 최고경영자(CEO) 면담에 배석한 뒤 출마 입장을 밝힐 가능성이 있다는 관측도 나온다. 당 관계자는 통화에서 ""출마 분위기가 무르익은 상황에서 정 대표와 하 수석의 만남이 이뤄진 것""이라고 말했다. 부산 부전시장 찾은 정청래·전재수 (부산=연합뉴스) 손형주 기자 = 더불어민주당 정청래 대표와 전재수 부산시장 후보, 서은숙 부산진구청장 후보 등이 15일 오후 부산 부산진구 부전시장을 돌며 상인들에게 인사하고 있다. 2026.4.15 handbrother@yna.co.kr 부산 북갑 보궐선거에 보수 진영에선 무소속인 한동훈 전 국민의힘 대표, 박민식 전 국가보훈부 장관이 출사표를 던진 상태다. 하 수석이 출마할 경우 치열한 3파전이 예상된다. 북갑은 2024년 총선에서 부산 지역 18개 지역구 가운데 유일하게 민주당이 승리한 곳으로, 한 전 대표가 일찌감치 출마를 선언하며 정치적 재기를 노리는 지역이기도 하다. 민주당으로서도 물러설 수 없는 승부처로 꼽힌다. 당내에선 전 의원이 3선 의원으로 다져온 지역 기반에 더해 부산 사상초·사상중·구덕고를 졸업한 '찐 지역인재'(진짜 지역인재)로서 탄탄한 지역 연고를 갖춘 하 수석이 출격할 경우 경쟁력이 있다는 분석이 나온다. 특히 정 대표는 이번 보궐선거가 단순한 의석 확보를 넘어 PK 지역 전체 선거 구도에 영향을 미칠 수 있다고 보고, 이달 초부터 하 수석에게 공개 러브콜을 거듭 보내며 공을 들여왔다. 앞서 전 후보도 지난 15일 부산 현장최고위에서 ""(하 수석은) 고등학교 6년 후배다. 우리 고교에 이렇게 걸출한 인물이 있는 줄 몰랐다""며 하 수석을 추켜세운 바 있다. 한편, 전은수 청와대 대변인의 보궐선거 출마도 초읽기에 들어간 것으로 전해졌다. 전 대변인은 강훈식 대통령 비서실장의 지역구인 충남 아산을에 출마할 가능성이 거론된다. wise@yna.co.kr",연합뉴스,정치,https://n.news.naver.com/mnews/article/001/0016044002?sid=100
"[속보] 부산 북구갑, 하정우 35.5%·한동훈 28.5%·박민식 26.0% - 뉴스토마토","[헤럴드경제=양대근 기자] 부산 북규갑 국회의원 재보궐선거 가상 대결에서 하정우 청와대 AI미래기획수석과 한동훈 전 국민의힘 대표, 박민식 전 장관이 오차범위 내 접전을 벌이고 있는 것으로 나타났다. 27일 정치권에 따르면 여론조사기관 미디어토마토가 뉴스토마토의 의뢰로 24~25일 무선 ARS(자동응답) 방식으로 부산 북갑 거주자에 ‘만약 6월 북갑 보궐선거가 치러지고 다음 세 인물이 맞붙는다면 누구에게 투표하겠는지’를 조사한 결과, 하 수석은 35.5%로 나타났다. 무소속의 한동훈 전 대표는 28.5%, 박민식 전 장관은 26.0%를 각각 기록했다. 1~2위간, 2~3위간 지지율 격차는 각각 7%p, 1.5%p 오차범위 이내다. 다만 보수층에서는 박민식 전 장관 42.2%, 한동훈 전 대표 38.4%, 하정우 수석 14.1%로 조사됐다. 중도층에서는 하정우 수석 35.4%, 한동훈 전 대표 28.4%, 박민식 전 장관 21.7%였다. 이번 조사는 휴대전화 가상번호(안심번호)를 활용한 무선 ARS 방식으로 진행됐으며, 표본오차는 95% 신뢰수준에 ±3.5%포인트, 응답률은 9.0%다. 자세한 조사 개요와 결과는 중앙선거여론조사심의위원회 홈페이지를 참조하면 된다.",헤럴드경제,정치,https://n.news.naver.com/mnews/article/016/0002635574?sid=100
"조응천, 경기지사 출마..""기득권 양당 빼면 저 뿐""","조응천 전 개혁신당 의원. 뉴스1 [파이낸셜뉴스] 조응천 전 의원이 27일 6·3 지방선거 경기지사 후보 출마를 선언했다. 조 전 의원은 개혁신당 소속으로 경기지사 선거에 나서게 된다. 조 전 의원은 이날 자신의 사회관계망서비스(SNS)를 통해 ""아주 오래 망설였다. 많이 고민했다""며 ""도저히 손이 가지 않는 기득권 양당 후보 말고 정말 찍고 싶은 사람, 아무리 봐도 저밖에 없다""고 밝혔다. 조 전 의원은 ""말로만 민생을 떠들어 대는 거대 양당이 싸우는 동안 1400만 경기도민은 '서울을 감싸는 계란 흰자'의 삶을 강요 당했다""고 지적했다. 이어 ""민주당 의원도 해봤고 보수 정권에서 역할도 해봤다""며 ""그래서 무엇이 문제인지, 어디서 막히는지, 왜 바뀌지 않는지 잘 안다고 자부한다""고 강조했다. 조 전 의원은 검사 출신으로, 박근혜 정부 청와대 민정수석실 공직기강비서관으로 근무했다. 20대 총선을 앞두고 더불어민주당에 입당해 경기 남양주갑 재선 국회의원으로 재직했다. '비명횡사'가 이뤄진 22대 총선을 앞두고는 친명계와 갈등 끝에 민주당을 탈당하고, 개혁신당에 입당해 출마했지만 고배를 마셨다. 조 전 의원의 출마로 경기지사 선거는 '3파전'이 벌어질 것으로 전망된다. 민주당 후보로는 추미애 의원이 조기 확정됐고, 국민의힘은 양향자 최고위원·이성배 전 MBC 아나운서·함진규 전 의원이 경선을 벌이고 있다. 국민의힘 후보는 다음 달 2일 확정될 예정이다. 국민의힘 후보와 조 전 의원의 연대론도 당 안팎에서 제기된다. 보수 후보 단일화를 통해 추 의원의 당선을 막아야 한다는 논리다. 송석준 국민의힘 의원은 지난 23일 채널A 유튜브에서 ""조 전 의원과 접촉해 보수 연대 얘기를 했더니 '관심이 있다'고 그러더라""며 ""이준석 대표와도 그런 면에서 공감을 많이 하고 있다""고 했다. 이에 대해 이준석 대표는 ""당 차원에서는 고민하지 않고 있다""고 선을 그으면서도 ""반도체나 핵심 기업의 경쟁력을 저하하는 형태의 민주당 정치(를 막기 위해) 연대해서 대응하자고 하면 의사가 있다""고 여지를 남겼다.",파이낸셜뉴스,정치,https://n.news.naver.com/mnews/article/014/0005513489?sid=162
"“기득권 양당 후보? 찍을 사람은 나뿐”…조응천, 경기지사 출마 선언","양당구도 균열 신호탄 경기지사 판세 변화촉각 보수진영 단일화 변수 조응천 전 의원. [연합뉴스] 국민의힘이 6·3 지방선거 경기도지사 예비후보를 아직도 선정하지 못한 가운데, 개혁신당에서 조응천 전 의원이 먼저 출사표를 던졌다. 조 전 의원 출마 전부터 국민의힘과의 보수 연대 가능성도 거론되고 있었고, 국민의힘 후보가 확정되지 않은 시기에 먼저 나와 선점효과가 있는만큼 눈에 띄는 선거 구도의 변화가 보일지 주목된다. 조 전 의원은 27일 자신의 SNS 계정을 통해 “도저히 손이 가지 않는 기득권 양당 후보 말고 정말 찍고 싶은 사람, 아무리 봐도 저밖에 없다”며 경기도지사 출마를 선언했다. 그는 “아주 오래 망설였다. 많이 고민했다”며 “말로만 민생을 떠들어 대는 거대 양당이 싸우는 동안 1400만 경기 도민은 ‘서울을 감싸는 계란 흰자’의 삶을 강요당했다”고 말을 이었다. 그러면서 “민주당 의원도 해봤고, 보수 정권에서 역할도 해봤다”며 “그래서 잘 안다고 자부한다. 무엇이 문제인지, 어디서 막히는지, 왜 바뀌지 않는지”라고 주장했다. 이어 “저 조응천이 하겠다”고 강조했다. 조 전 의원이 강조한 보수 정권에서의 역할은 박근혜 정부 청와대 공직기강비서관을 지냈던 것을 말한다. 이어 20대 총선에서 문재인 당시 민주당 대표의 영입으로 더불어민주당에 입당해 경기 남양주갑에서 재선을 지냈다가, 이후 조금박해(조응천, 금태섭, 박용진, 김해영)로 불리며 민주당의 ‘친문(친문재인)·586 주류’와 맞서기도 했다. 그 뒤에는 친명(친이재명)계와 갈등을 빚다가 22대 총선을 앞둔 2024년 탈당해 개혁신당에 합류해 경기 남양주갑에 출마했지만 낙선했다. 최근 개혁신당은 조 전 의원의 경기지사 출마를 위해 이준석 대표, 천하람 원내대표, 이기인 사무총장 등 당내 인사들이 장기간 물밑 작업을 진행해 온 것으로 알려졌다. 국민의힘 경기도지사 후보 토론회에 참석한 후보자들. (왼쪽부터) 함진규, 양향자, 이성배 후보. [연합뉴스] 국힘 후보 공백 속 셈법 정계에서는 이미 국민의힘과의 연대 가능성도 나오고 있다. 민주당은 일찌감치 추미애 의원을 경기지사 후보로 확정했지만, 국민의힘은 아직 후보 확정을 하지 못했다. 국민의힘은 다음 달 2일 경선을 통해 양향자 최고위원, 이성배 전 MBC 아나운서, 함진규 전 한국도로공사 사장 중 한 명을 후보로 선출할 예정이지만 당 안팎에서는 이들의 경쟁력이 약하다는 평가가 나온다. 다만 개혁신당과 국민의힘 연대가 가시화되려면 시간이 필요할 전망이다. 송석준 국민의힘 의원은 지난 23일 채널A 유튜브에서 “조 전 의원과 접촉해 보수 연대 얘기를 했더니 ‘관심이 있다’고 그러더라”며 “이준석 대표와도 그런 면에서 공감을 많이 하고 있다”고 했다. 이 대표도 같은 날 최고위원회의 후 “반도체나 핵심 기업의 경쟁력을 저하하는 형태의 민주당 정치(를 막기 위해) 연대해서 대응하자고 하면 의사가 있다”고 언급했지만 “당 차원에서는 고민하지 않고 있다”고 선을 긋기도 했다.",매일경제,정치,https://n.news.naver.com/mnews/article/009/0005671650?sid=100
"“밀려난 권리를 앞으로”… 탈시설 장애인 조상지, 서울시의원 출사표","[뉴스 큐레이터] 2026년 4월20일 서울 광화문 해치마당에서 탈시설장애인당 조상지씨가 서울시의원 예비후보 출마 기자회견을 하고 있다. 한겨레 최현수 기자 emd@hani.co.kr 중증 뇌병변장애인 조상지(47)씨가 6·3 지방선거 서울시의원에 출사표를 던졌다. 말로 소통이 어려워 보완대체의사소통(AAC) 기기를 쓰는 중증장애인이 지역구 지방의원에 도전하는 건 2014년 김주현 노동당 후보 이후 12년 만이다. ‘장애인의 날’인 2026년 4월20일 탈시설장애인당은 서울 광화문 해치마당에서 ‘조상지 예비후보 출마 기자회견’을 열었다. 이 자리에서 조 예비후보는 “서울의 정치는 탈시설의 권리를 지우고 장애인의 노동을 빼앗고 이동과 자립의 권리를 나중으로 미루며 장애인의 자리를 뒤로 밀어내고 있다”며 “뒤로 밀려나던 장애인이 이제 서울을 앞으로 밀고 가겠다”고 밝혔다. 그의 말은 목소리가 아닌 기계음으로 재생됐다. 조 예비후보는 생후 8개월 때 고열 후 뇌병변장애를 얻었고 15살이 되던 해 강원도 장애인거주시설로 보내져 15년을 머물러야 했다. 2008년 시설을 나와 노들장애인야학에서 공부를 시작했고 장애인 활동가로 목소리를 냈다. ‘장애인 왜 배워야 하나’(2020), ‘우리는 말한다’(2024), ‘함께 먹자, 밥!’(2025) 등 다큐멘터리를 연출했다. 2020년 서울시 ‘권리중심 중증장애인 맞춤형 공공일자리’ 사업에 참여했지만, 2024년 오세훈 서울시장이 관련 예산을 전액 삭감하면서 하루아침에 해고 노동자가 됐다. 조 예비후보가 출마한 지역은 종로와 혜화, 창신동 일대가 포함된 ‘종로구 제2선거구’로 전국장애인차별철폐연대(전장연)가 장애인 이동권 등을 요구하며 지하철 출근길 탑승 시위를 진행한 혜화역이 포함된 곳이다. 탈시설장애인당은 전장연이 장애인 권리 보장과 직접 정치를 꿈꾸며 만든 정치조직이다. ‘당’의 형태로 활동하지만 정식 정당은 아니어서 조 예비후보는 무소속으로 출마한다.",한겨레21,정치,https://n.news.naver.com/mnews/article/036/0000053517?sid=162
"개혁신당 조응천, 경기지사 출마...""기득권 밖 대안""","조응천 전 의원이 개혁신당 소속으로 다가오는 6월 지방선거 경기지사 선거에 도전한다고 밝혔습니다. 조 전 의원은 자신의 SNS에, 말로만 민생을 떠들어 대는 거대 양당이 싸우는 동안 1천4백만 경기 도민은 '서울을 감싸는 계란 흰자'의 삶을 강요 당했다고 적었습니다. 이어 민주당 의원도 해봤고, 보수 정권에서 역할도 해본 자신이야말로 무엇이 문제고 왜 바뀌지 않는지를 잘 안다고 강조했습니다. 조 전 의원은 YTN과의 통화에서도, 쉰밥과 탄 밥만 나오는 선거에 누군가는 흰 쌀밥을 내놔야 한다며, 양당 정치의 민낯을 보여주고 균열을 내면 기적도 가능하다고 주장했습니다. 국민의힘 후보와의 단일화 가능성에 대해선 양당 체제가 깨져야 한다는 대의명분 아래 살고 있다며, 국민의힘이 어떻게 나오는지 먼저 지켜보자며 답했습니다. ※ '당신의 제보가 뉴스가 됩니다' [카카오톡] YTN 검색해 채널 추가 [전화] 02-398-8585 [메일] social@ytn.co.kr",YTN,정치,https://n.news.naver.com/mnews/article/052/0002346063?sid=100
"개혁신당 조응천, 경기지사 출마…“기득권 양당 말고 찍을 사람 저밖에”","조응천  전  개혁신당 의원. 2024.2.13 ⓒ 뉴스1 개혁신당 조응천 전 의원이 27일 6·3 지방선거 경기도지사 출마를 선언했다. 조 전 의원은 이날 자신의 페이스북에 “도저히 손이 가지 않는 기득권 양당 후보 말고 정말 찍고 싶은 사람, 아무리 봐도 저밖에 없다”며 이같이 밝혔다. 그는 출마 명분으로 “말로만 민생을 떠들어 대는 거대 양당이 싸우는 동안 1400만 경기 도민은 ‘서울을 감싸는 계란 흰자’의 삶을 강요 당했다”고 주장했다. 이어 “민주당 의원도 해봤고, 보수 정권에서 역할도 해봤다”며 “그래서 잘 안다고 자부한다”고 강조했다. 경기 남양주갑에서 더불어민주당 소속으로 20·21대 국회의원을 지낸 조 전 의원은 2024년 민주당을 탈당하고 개혁신당에 합류했다. 정치권 일각에서는 조 전 의원이 다음 달 2일 경선을 통해 선출되는 국민의힘 후보와 보수 연대를 이룰 가능성에 대해서도 언급하고 있다.",동아일보,정치,https://n.news.naver.com/mnews/article/020/0003715465?sid=162
"北김정은, 러시아 국방장관 만나 ""정치군사 협력 강화발전 논의""","러시아 하원의장 만나서도 ""북러 쌍무관계 전면 확대발전 의지"" 김정은 북한 국무위원장과 뱌체슬라프 볼로딘 러시아 하원(국가두마) 의장 [주북러시아대사관 텔레그램 갈무리. 재판매 및 DB 금지] (서울=연합뉴스) 전명훈 기자 = 김정은 북한 국무위원장이 러시아 쿠르스크 파병기념관 준공식 참석차 평양을 방문한 안드레이 벨로우소프 러시아 국방장관과 뱌체슬라프 볼로딘 러시아 하원(국가두마) 의장을 만나 양국관계 강화 의지를 밝혔다. 27일 조선중앙통신에 따르면 김 위원장은 전날 벨로우소프 국방장관과 만나 블라디미르 푸틴 대통령에 대한 안부를 주고받은 뒤, 벨로우소프 장관이 러시아의 군사 지도부를 대표해 방북한 데 대해 사의를 전했다. 김 위원장과 벨로우소프 장관은 면담에서 ""날로 첨예화되고 있는 국제 및 지역 정세를 비롯하여 호상(상호) 관심사로 되는 문제들에 대한 폭넓은 견해와 의견""을 교환했다고 통신은 전했다. 또한 ""조로(북러) 두 나라 사이의 정치군사적협력과 협조를 더욱 공고히 하고 가일층 강화 발전시켜 나가기 위한 일련의 문제들이 토의되었다""고 통신은 덧붙였다. 김 위원장은 우크라이나 전쟁과 관련해 ""앞으로도 국가주권과 영토완정, 안전이익을 수호하려는 러시아의 정책을 전적으로 지지할 것""이라며 ""러시아 군대와 인민이 정의로운 성전에서 반드시 승리하리라는 확신""을 표명했다고 통신은 전했다. 전날 러시아 타스통신은 벨로우소프 장관이 김 위원장에게 2027∼2031년 북러 상호 군사 협력 계획을 체결할 준비가 돼 있다고 언급한 내용을 보도했으나, 조선중앙통신은 이런 발언을 전하지 않았다. 김 위원장은 볼로딘 하원의장을 만나서도 푸틴 대통령에 대한 안부를 주고받고, 러시아가 고위급 대표단을 파견한 데 대해 ""조로(북러) 두 나라 사이의 동맹관계를 중시하고 공고 발전시켜나가려는 러시아 지도부의 입장과 의지의 표시""라고 높이 평가했다. 통신은 김 위원장과 볼로딘 의장이 따뜻하고 신뢰적인 분위기 속에서 회담을 진행했다면서 ""조로 사이의 쌍무관계를 전면적으로 확대발전시킴으로써 두 나라의 국익과 인민들의 복리를 도모해나가려는 의지가 다시금 확인되었다""고 전했다. 볼로딘 의장 등 러시아의 공식 대표단은 조국해방전쟁 승리기념관도 참관했으며 블라디미르 토페하 주북 러시아대사관 임시대리대사가 수행했다. 북한은 이날 러시아 방북 대표단을 환영하는 만찬회도 개최했다. 김 위원장과 벨로우소프 장관, 볼로딘 의장이 참석했으며 조용원 최고인민회의 상임위원장이 환영 발언을 했다. 한편 벨로우소프 장관은 파병기념관 준공식 참석 등 1박 2일의 일정을 마치고 27일 평양을 떠났다고 통신은 전했다. id@yna.co.kr",연합뉴스,정치,https://n.news.naver.com/mnews/article/001/0016043974?sid=100
하정우·전은수 재보선 동반 출격...이번주 사퇴할 듯,"▲ 청와대 하정우 AI미래기획수석 [연합뉴스] 이재명 대통령의 핵심 참모들이 오는 6·3 재보궐선거에 대거 출사표를 던지면서 선거 지형이 요동치고 있습니다. 26일 정치권에 따르면 하정우 청와대 AI미래기획수석은 27일 예정된 구글 딥마인드 데미스 하사비스 대표와의 접견을 마지막으로 부산 북갑 출마를 공식화할 전망입니다. 하 수석은 최근 출마 결심을 굳혔으며, 이 대통령의 최종 재가를 거쳐 이번 주 중 더불어민주당의 공식 영입 절차를 밟을 것으로 보입니다. 부산 북갑은 전재수 의원의 시장 출마로 공석이 된 곳으로, 야권 강세 지역에서 여권 핵심 인사의 등판이 어떤 변수가 될지 주목됩니다. ▲ 청와대 전은수 대변인 [연합뉴스] 전은수 청와대 대변인 역시 충남 아산을 출마를 위해 이번 주 초 사의를 표명할 예정입니다. 전 대변인은 지난 총선 울산 남갑에서의 선거 경험과 '대통령의 입'으로서 쌓은 인지도를 바탕으로 일찌감치 하마평에 올랐습니다. 민주당은 전 대변인이 사퇴하는 대로 복당 및 공천 절차를 신속히 마무리할 계획입니다. 이미 인천 계양을 전략 공천을 받은 김남준 전 대변인까지 포함하면 이 대통령의 핵심 참모 3명이 재보선 전면에 배치되는 셈입니다. 여기에 김남국 전 비서관도 안산갑 출마 의사를 밝힌 상태입니다. 공직선거법상 출마 시한인 다음 달 4일을 앞두고 청와대 참모진의 연쇄 이동과 함께 '이재명호' 핵심 인사들의 정계 진출이 본격화되는 양상입니다. #이재명 #하정우 #전은수 #청와대 #출사표 #재보선",kbc광주방송,정치,https://n.news.naver.com/mnews/article/660/0000108206?sid=100
"매관매직 폭로에도 끄떡없이 공천받은 청도군수, 왜?","[표지이야기]전달자가 금액·시간·장소 담긴 녹취록 붙여 고발… 일당 독점 아래 ‘규율’로 불릴 만큼 찌든 관행 2022년 7월1일 경북 청도 국민체육센터에서 취임식을 하고 있는 김하수 청도군수. 청도군청 제공 6·3 지방선거를 두 달 앞두고 경북 청도군이 다시 발칵 뒤집혔다. 현직 군수의 최측근 인사가 수천만원을 받고 매관매직을 했다는 폭로가 나와 경찰이 수사에 착수했기 때문이다. 이런 의혹이 불거지고 관련 사항을 인지했음에도 국민의힘은 김하수 군수를 다시 청도군수 후보로 공천했다. 청도군은 선거로 군수를 뽑기 시작한 1995년 이후 역대 군수들이 대부분 공직선거법 위반 등으로 기소되는 등 선거를 둘러싼 비리가 끊이지 않은 지역이다. 2004년부터 2008년 사이에는 세 차례나 재보궐선거가 열리기도 했다. 그런 청도군에 또다시 매관매직이라는 권력형 비리가 발생한 것이다. 역대 민선 군수 대부분 기소돼 현재까지 알려진 내용은 이렇다. 최아무개 전 청도군장애인연합회 회장은 청도군 공무원인 ㄴ씨로부터 승진을 대가로 3천만원을 받은 뒤 김하수 청도군수의 최측근 인사인 ㄱ(79)씨에게 직접 전달했다고 폭로했다. 그러면서 2026년 3월 ㄱ씨와 김 군수를 특정범죄가중처벌등에관한법률상 뇌물 혐의와 공직선거법 위반 혐의로 수사기관에 고발했다. 김 군수는 2006년부터 군수직에 도전해 4전5기 끝에 2022년 지방선거에서 청도군수에 당선된 인물이다. 이 과정에서 김 군수는 ㄱ씨로부터 물심양면으로 도움을 받은 것으로 알려졌다. ㄱ씨는 군민 사이에서 “20년 동안 김하수 군수 밑을 닦아준 사람”으로 통한다. ㄱ씨는 김 군수가 당선된 뒤 청도군청을 수시로 드나들며 각종 민원을 챙겼다고 한다. 최 전 회장은 ㄱ씨가 자신에게 3천만원을 받은 뒤 이를 김 군수에게 전달했다고 주장한다. 최 전 회장이 주장하는 뇌물 혐의다. 최 전 회장의 고발장에는 ㄱ씨가 김 군수의 재선을 위해 조직을 만들고 이 조직원들의 벌꿀 구매 비용을 대납하는 등 사전선거운동을 주도했다는 공직선거법 위반 혐의도 담겼다. 경북경찰청 반부패경제범죄수사대는 외부와 연락을 끊고 잠적한 ㄱ씨의 소재를 파악하는 데 주력하는 한편, 김 군수의 공직선거법 위반 여부도 알아보고 있다. “면장으로 가는 데 3천만원, 이게 규율” 한겨레21은 매관매직 정황이 담긴 최 전 회장의 전화 녹취와 고발장, 벌꿀 매수와 관련된 자료를 입수했고, 직접 청도군을 찾아 복수의 관련자를 인터뷰해 이 사건을 깊숙이 들여다봤다. 최 전 회장의 고발장과 여러 녹취를 종합하면, ㄱ씨와 김하수 군수가 매관매직에 깊이 관여한 정황이 곳곳에 드러난다. ㄱ씨는 승진을 청탁한 청도군 공무원 ㄴ씨와 한 통화에서 여러 번 “군수”를 언급했고, 최 전 회장을 통해 ㄴ씨에게 청탁 액수와 돈 전달 방식을 구체적으로 전달했다. 이번 매관매직 사건은 2022년 12월 청도군 각북면장(5급 사무관)인 ㄴ씨가 청도군청 재무과 계장으로 근무 중인 친형 ㄷ씨의 사무관 승진을 최 전 회장에게 청탁하면서 시작됐다. ㄴ씨는 2022년 12월12일 ㄱ씨와 친분이 깊은 최 전 회장에게 전화를 걸어 “형(ㄷ씨)이 (정년 퇴임이) 1년밖에 남지 않았다. 승진 순번도 이번이 맞다. 형만 한 아우가 없는데, 동생이 먼저 승진해 어머니가 마음 아파한다. (ㄱ씨에게) 말씀 한 번만 드려달라”고 말한다. 최 전 회장은 “알았다. (ㄱ씨에게) 말씀드려보겠다”고 답했다. 2022년 12월20일 최 전 회장은 ㄴ씨에게 전화해 ㄱ씨로부터 들은 내용을 구체적으로 전한다. 최 전 회장이 “저번에 (청탁 대가로) 주시려고 하는 액수(2천만원)가 적은 것 같다. 면장으로 가는 게 3개(3천만원)라고 하더라. 이게 규율이라고 한다”고 말하자, ㄴ씨는 “금액은 신경 쓰지 말라고 (ㄱ씨에게) 말씀 한 번만 드려달라”고 답했다. 최 전 회장과 ㄴ씨가 소통하는 사이 ㄱ씨는 승진 청탁 대상자인 ㄷ씨와 직접 통화하기도 했다. ㄷ씨가 “옛정을 생각해 형님으로서 한 번만 살려달라”고 하자, ㄱ씨는 “(최 전 회장으로부터) 전화를 받고 그날 저녁에 바로 (군수에게) 말씀은 드렸다. 원래 군수 스타일이 보안 때문에 즉석에서 말하지 않는다. 일단 알아듣도록 충분히 말했다”며 ㄷ씨를 안심시켰다. 실제 ㄷ씨는 2023년 1월10일 청도군청 5급 승진 명단에 이름을 올렸다. ㄴ씨는 친형의 승진이 발표되자 최 전 회장에게 전화를 걸어 “고맙습니다. (ㄷ씨가 승진)됐다”며 울먹였다. 다음날인 1월11일 ㄴ씨에게 돈을 받은 최 전 회장은 ㄱ씨를 만났다. 고발장에는 ‘최 전 회장이 2023년 1월11일 저녁 8시께 각남면사무소에서 ㄴ씨에게 1천만원 현금 묶음 3개가 담긴 봉투를 받은 뒤 ㄱ씨가 기다리고 있는 장소로 가서 건네줬다’고 적혀 있다. 최 전 회장은 한겨레21에 “(돈을 받은) ㄱ씨가 ‘지금 바로 군수 집에 가져다주고 올게. 화투 치고 있어라’라고 말하더니 차를 타고 가버렸다”고 말했다. ㄱ씨와 김 군수의 뇌물 혐의가 구체적으로 제기되는 정황이다. 최아무개 전 청도군장애인연합회 회장이 공무원 ㄴ씨로부터 승진을 대가로 받은 돈을 김하수 청도군수의 최측근 ㄱ씨에게 전달한 장소로 지목한 청도군 청도읍의 한 도로변. 최 전 회장은 2023년 1월11일 저녁 8시께 ㄱ씨가 도로교통표지판 인근에 주차된 자신의 봉고차 앞에서 돈을 건네받았다고 주장한다. 장필수 기자 feel@hani.co.kr “예전부터 급수 따라 3천만~5천만원” 문제는 이런 매관매직 의혹이 이 사건뿐만 아니라 청도군에서 빈번하게 일어났을 가능성이 크다는 점이다. 우선 최 전 회장은 ㄴ씨와의 통화 도중 “규율”을 언급한 이유가 ‘공무원들의 승진 청탁이 만연했기 때문인가’라는 한겨레21의 질의에 “그렇다”고 답했다. 최 전 회장의 고발 사건과 관련해 최근 경찰 조사를 받은 ㄹ씨 역시 한겨레21과 만나 “공무원 급수에 따라 3천만원, 5천만원으로 매관매직이 있었다는 소문들이 있다”며 “청도는 예전부터 그래 왔다”고 말했다. 뇌물을 받고 관직을 거래하는 매관매직이 청도에서 “관례”적으로 일어나는 일이라는 녹취는 더 있다. 청도군 산악회장인 황아무개씨는 2026년 3월31일 경찰 출석을 앞둔 최 전 회장에게 전화해 “이 사건이 번지면 청도군 공무원들은 줄초상 난다”고 말했다. 최 전 회장을 사실상 회유한 것이다. 그러면서 이렇게 말했다. “○○아(최 전 회장 이름), 네가 내 체면을 세워줘야 한다. 경찰에 가서 ‘우발적으로 폭로했다’고 하면 사건은 종료된다. (…) 김하수는 이번 사건이 보도됐기 때문에 군수에 당선되기 어렵다. 그런데 공무원들은 (비리가 적발돼) 파면되면 연금이 안 나온다. 이것(매관매직)은 관례다. 어느 군수든 (돈) 안 받고 승진시켜주는 경우가 있었나. 군수 하나만 조지면 되지. 나머지 사람을 니가 피해자 만들면 안 되거든. 보상은 내가 충분히 해줄게.” 최 전 회장을 회유하려 한 황씨는 ㄱ씨와 김하수 군수의 공직선거법 위반 의혹에도 연루된 인물이다. 최 전 회장은 ㄱ씨와 김 군수의 공직선거법 위반 혐의 고발장에서 ‘ㄱ씨가 (이번 6·3 지방선거에서) 김하수 군수가 당선되도록 유권자들에게 선물을 나눠주는 방식으로 선거조직을 꾸렸다’고 주장한다. 구체적으로 ㄱ씨가 청도 각 읍면의 선거조직 책임자에게 ‘특정 업체의 벌꿀을 사 명절 때마다 선거조직원들에게 배부하라’고 지시한 뒤, 추후 이들에게 대금을 지급하는 방식으로 사전선거운동을 펼쳤다는 것이다. 최 전 회장은 자신이 ㄱ씨에게 해당 업체를 소개했다고 말한다. 경찰은 벌꿀 주문 내역이 적힌 업체 장부를 최 전 회장에게서 받고 수사를 진행하고 있다. 청도군 산악회장으로서 유권자와 접촉이 잦을 수밖에 없는 황씨는 ㄱ씨로부터 벌꿀을 구매해 선거조직원이나 유권자에게 돌린 혐의를 받고 경찰 조사를 받았다. 황씨도 ㄱ씨와 친분이 깊다는 사실, 그를 통해 벌꿀을 구매한 사실은 부인하지 않았다. 다만 황씨는 한겨레21과 만나 “아들이 운영하는 노인복지센터에서 영업상 필요했고 고객관리 차원에서 선물로 구입했다”고 해명했다. 그는 이어 “경찰 조사를 3시간 받았다. 조사받은 당일 벌꿀을 구입했다는 5명도 조사를 받은 것으로 알고 있다. 그 사람들과 상종도 하지 않는다”고 말했다. 황씨는 매관매직 의혹도 부인했다. “과거 정한태 군수 사건 때문에 돈거래는 없어졌다. 이곳은 공천이 곧 당선이기 때문에 국민의힘 공천받은 사람은 돈거래를 하지 않는다”는 해명이다. ‘정한태 군수 사건’은 2007년 12월 치른 재보궐선거에서 정한태 전 청도군수가 유권자에게 수억원을 살포해 군민 수천 명이 경찰 수사 대상에 올랐고, 이 가운데 2명이 농약을 먹고 음독자살한 사건을 일컫는다. 하지만 황씨의 해명과 달리 청도군 사업가들은 국민의힘 공천을 위해 자금이 필요한 군수는 매관매직은 물론 각종 인허가 사업과 수의계약까지 꼼꼼하게 챙긴다고 입을 모았다. 한겨레21이 만난 청도군의 한 사업가는 “2022년 지방선거가 끝난 지 1년 뒤에 ㄱ씨에게 이런 식으로 일을 처리하면 문제가 생긴다고 수없이 말했다”며 “군수가 매관매직으로 공무원들에게 코 묻은 돈을 받고, 사업하는 사람들로부터 돈을 빼돌려서 (국민의힘 군수 후보 경선에) 쓰고 있다는 것은 청도 군민이 다 아는 사실”이라고 말했다. ‘정한태 군수 사건’이 사람만 바뀌었을 뿐 여전히 자행되고 있다는 얘기다. 종적 감추고, 의혹 부인하고… 경찰은 청도군청으로부터 자료 협조를 받고 매관매직이나 벌꿀 구매자로 공직선거법 위반 사건에 연루된 사람들을 하나둘 소환해 조사하고 있다. 경북경찰청 반부패경제범죄수사대 관계자는 “수사 중인 사안이라 해줄 수 있는 말이 없다”고 했다. ㄴ씨도 2026년 4월 경북경찰청에 출석해 장시간 조사를 받았다. ㄴ씨는 한겨레21과 만나 “경찰에 가서 모든 것을 말했다. 경찰에 가서 물어보라”라며 형 ㄷ씨의 승진과 관련한 청탁에 대한 어떤 질문에도 답하지 않았다. 그는 경찰 조사에서 최 전 회장에게 돈을 건네지 않았고, ㄱ씨에게 청탁한 적이 없다는 취지의 진술을 한 것으로 알려졌다. ㄴ씨와 ㄷ씨 형제는 2024년 12월 5급 사무관을 끝으로 정년 퇴임했다. 김하수 군수는 2026년 3월 자신의 폭언 사실을 폭로한 지역 요양원 원장의 집에 무단으로 침입한 혐의로 검찰에 송치된 바 있다. 8억원의 예산을 들여 군청 소속 공무원 전원(800명)을 일본으로 연수를 보내 공직선거법 위반 혐의로 선거관리위원회에 고발당하기도 했다. 군민 일부가 국민의힘 경북도당에 김 군수의 공천 배제를 요구하는 서한을 전달했고, 지역 원로 정치인도 국민의힘 경북도당 공천관리위원회(위원장 구자근 의원)에 김 군수의 비위 의혹을 문제 삼았지만, 김 군수는 2026년 4월22일 문제없이 공천을 받았다. 김 군수는 앞서 4월10일 청도군청에서 기자회견을 열어 “3천만원이 (승진 대가로) 지급됐다는 내용과 관련해 돈을 받은 사실이 없다”며 “녹음파일 내용을 종합해도 그 돈이 전달됐다고 볼 사항은 전혀 없다”고 밝히며 각종 의혹을 전면 부인했다. 한겨레21은 김 군수에게 여러 의혹과 관련해 질의했지만 답변을 받지 못했다. 구자근 국민의힘 경북도당 공천관리위원장은 ‘김하수 군수의 의혹이 공천 과정에서 논의됐는지’를 묻는 말에 답하지 않았다. 지역주의+톱다운 공천이 낳은 민낯 현직 군수의 매관매직 연루 및 선거조직 관리 의혹은 개인 비위를 넘어 지역주의가 뿌리 깊게 박힌 정당정치의 한 단면을 보여준다. ‘국민의힘 공천=당선’인 청도군에서는 군수 당선을 위해 국민의힘 공천에 목매고 바닥부터 인적·물적 자원을 동원해 이전투구를 벌인다. 결국 중앙당→지역구 국회의원→지방자치단체장→지방의회 의원 공천이 톱다운(상의하달) 방식으로 고착화해 있는 정당정치 구조가 문제라는 지적이 나온다. 익명을 요구한 청도군의원 ㅁ씨는 “정당정치가 지역을 갉아먹고 있다”고 진단했다. 그는 국민의힘을 겨냥해 “(지역 공천은) 톱다운 방식이다. 지역구 국회의원이 군수 공천을 결정하고 군수가 군의원의 공천을 결정하니, 의회가 제대로 된 견제 기능을 하지 못한다”며 “식구들끼리 칼질할 수 없는 것 아닌가”라고 지적했다. ㅁ씨는 이어 “공무원이 제일 두려워하는 게 인사권인데, 인사권을 쥔 군수가 ‘죽으라’고 하면 죽어야 한다”며 “이 상황에서 군수가 (모든 사업의) 10원짜리 하나하나까지 다 챙긴다”고 덧붙였다. 청도군에서 반복되는 선거를 둘러싼 비리의 이면에는 노골적인 지역주의도 자리 잡고 있다. 정치 지형상 영남에서는 국민의힘 세력이, 호남에서는 더불어민주당 세력의 우세가 불변의 진리로 작용해 정당 간 경쟁이 사라졌고, 지역 정치가 전반적으로 허약해졌다. 이런 상황에서 각 정당의 지방자치단체장 후보는 본선보다는 경선에 집중한다. 인구 4만여 명의 청도군처럼 유권자 수가 적을수록 매표 행위로 인한 가시적인 효과도 크다. 이 때문에 승자독식 구도를 만들어 특정 정당이 지방자치단체장과 지방의회를 독점하게 하는 소선거구제를, 다양한 정당이 권력을 분점할 수 있게 하는 중대선거구제로 바꿔야 한다는 지적이 지속해서 나온다. 김준우 전 녹색정의당 대표는 “일당 독재를 막기 위해 광역의회에서는 소선거구제를 해체하고 중대선거구제를 도입해야 한다. 다만 중대선거구제 같은 좋은 제도를 만들어도 현실 정치에서 이를 잘 이용할 수 있는 체력을 정당이 가졌는지 살펴봐야 한다”며 “호남에서는 국민의힘이, 영남에서는 민주당이 체력을 키워 정치 경쟁을 강화해야 한다”고 말했다. 선거제도 개편과 함께 지방자치단체장을 중간평가하는 제도적 대안이 필요하다는 목소리도 나온다. 김 전 대표는 “지방선거에도 미국처럼 자치단체장 임기 중간에 의회 선거를 하는 방식을 고려할 필요가 있다”며 “지방자치단체장과 지방의회 선거를 함께 치르다보니 단체장을 향한 심판 기능이 사라졌다”고 지적했다.",한겨레21,정치,https://n.news.naver.com/mnews/article/036/0000053516?sid=162
"이원택 전북지사 후보, 의원직 사퇴 임박…그 자리 누가 승계?","보궐선거에 강은호·박지원·최수학 등 8명 거론 전략공천 방침에 ""정청래·이원택 뜻이 관건"" 왼쪽부터 강은호, 김종회, 김춘진, 박준배, 박지원, 이광수, 최수학, 홍석빈. [연합뉴스 자료사진] (전주=연합뉴스) 임채두 기자 = 더불어민주당 전북특별자치도지사 후보로 선출된 이원택(군산·김제·부안을) 국회의원의 의원직 사퇴가 임박하면서 보궐선거 후보군 하마평도 빠르게 퍼지고 있다. 이 의원이 사퇴하고 중앙선거관리위원회가 오는 30일까지 이 지역구의 궐원 통보를 받으면 이번 6·3 지방선거 때 보궐선거가 치러질 수 있다. 정청래 당대표가 '재보선=전략공천' 원칙을 여러 차례 언급하면서 이 지역구 역시 전략공천에 무게가 실리는 형국이다. 27일 지역 정치권에 따르면 현재까지 하마평에 오르는 후보군은 8명이다. 먼저 방위사업청장을 지낸 김제 출신의 강은호 전북대 첨단방위산업학과 교수다. 행정고시 33회로 공직에 입문해 국방부와 방위사업청에서 30년 넘게 근무했으며 이재명 정부의 방산 공약을 총괄한 것으로 알려졌다. 그는 화려한 이력을 토대로 새만금에 'K-방산'의 뿌리를 내리겠다는 의지가 강하다. 또 한국농수산식품유통공사 사장을 지낸 김춘진 전 의원은 고창·부안 지역에서 내리 3선(17∼19대)을 지낸 인물로 이 지역에 애착이 강하다. 경희대 치대 출신으로 김대중 전 대통령 치과 주치의를 맡은 특이한 이력으로도 유명하다. 2018년 민주당 도지사 경선에서 재선에 도전한 송하진 전 도지사에게 패하기는 했으나 이후 왕성한 활동으로 재기의 발판을 만들고 있다. 정청래 민주당에서 '첫 평당원 최고위원'으로 지도부에 입성한 남원 출신의 박지원 최고위원도 주목할 만한 인물이다. '전주 상산고→서울대 법대' 학업 엘리트 코스를 밟아온 박 최고위원은 법무법인 다지원 변호사이자 전주시체육회장을 맡고 있다. 비교적 젊은 나이(1987년생)에 체육계와 법조계에 이어 정계까지 보폭을 넓힌 '정치 신인'이라는 게 강점이다. 이 지역구에 오랜 기간 공을 들인 박준배 전 김제시장, LG경제연구원 출신의 경제 전문가인 홍석빈 국가인공지능(AI)전략위원회 자문위원, 김제 출신의 이광수 민주당 충북도당 사무처장, 김종회 전 국회의원 등도 하마평에 이름을 올렸다. 최근 급부상한 인물은 이 지역 출신의 최수학 전 한국일보 호남취재본부장이다. 30년 이상 현장 기자로 활동하며 언론계에서 잔뼈가 굵은 최 전 본부장은 지역민의 사정을 줄줄 읊을 정도여서 이른바 '호적계장'으로 통한다. 언론계뿐 아니라 정치권에서 이재명 대통령 후보 정책자문 그룹 미디어분과 위원, 이재명 대통령 후보 중앙선거대책위원회 균형발전위원회 위원 등 직을 맡은 바 있다. 또 민주당 중앙당 선출직평가위원회 간사를 맡고 제21대 대통령선거 더불어민주당 대표 1급 포상 표창장도 받아 정계에 길고 단단한 뿌리를 내렸다. 정치권의 한 관계자는 ""여러 사람의 이름이 오르내리지만, 전략공천이 원칙이라면 누가 정청래 대표, 이원택 의원과 많은 교감을 이룰지가 관건일 것""이라며 ""특히 지역 민심과 지역구를 물려주는 이 의원의 뜻이 중요할 것으로 생각한다""고 말했다. doo@yna.co.kr",연합뉴스,정치,https://n.news.naver.com/mnews/article/001/0016043947?sid=100
[아침에 맞수] 정동영·쿠팡 논란…대미 외교 리스크 확산,"정치권 소식 짚어보는 ‘아침에 맞수’ 시간입니다. 윤기찬 국민의힘 법률위 부위원장 성치훈 더불어민주당 부대변인 나오셨습니다. #野 대구 추경호 선출 - 김부겸·추경호, 대구시장 빅매치 - 박근혜, 대구 선거 지원 나설까? - '여당 프리미엄' 내세운 민주…표심 영향은? #위성락 ""한미 인식차"" - 위성락, 정동영 발언에 ""한미 양국 인식차"" - 외교·안보 위협하는 '쿠팡 리스크'? - 정동영·쿠팡 논란…대미 외교 리스크 확산",TV조선,정치,https://n.news.naver.com/mnews/article/448/0000606950?sid=100
“4분이면 정국이 보인다”…[정국 기상대] 27일 첫 방송,"정도원 데일리안 정치부장 진행…정치 현안 매일 압축 브리핑 ⓒ데일리안 [데일리안 = 김훈찬 기자] 평일 오후 3시30분, 4분짜리 정국 브리핑이 등장한 다. 정치 시사 브리핑 프로그램 ‘정국기상대’가 데일리안TV 유튜브 채널 델랸TV를 통해 4월27일(월) 오후 3시30분에 첫 방송 한다. ‘정국기상대’는 청와대와 여당·야당 현안을 각 1분씩 압축 해설하는 4분짜리 생방송 브리핑 이다. 긴 해설 영상을 끝까지 볼 여유가 없는 시청자라도 4분이면 그날 정국의 큰 줄기를 잡을 수 있다. 오후 업무가 한창인 시간대, 뉴스피드를 스크롤하는 대신 틀어놓을 수 있는 브리핑 이다. 빠르게 변화하는 정국 상황을 최소한의 시간 안에 짚어주는 포맷으로, 6·3 지방선거와 이후 여야 전당대회 정국을 앞두고 시의적절하게 편성 됐다. 구성은 단순하되 밀도 있다. 그날의 청와대 현안을 먼저 브리핑한 뒤, 더불어민주당 등 여권과 국민의힘 등 야권의 일정·현안을 각 1분씩 다룬다. 현안이 집중되는 날에는 추가 1분이 더해진다. 오후 3시30분이라는 시간은 단순한 편의가 아니다. 오전 중 해제된 경호 엠바고 일정과 오전 현안의 후속 흐름까지 담아낼 수 있어, 하루 정국의 맥락을 가장 온전히 짚어낼 수 있는 시점 이다. 진행은 정도원 데일리안 정치부장 이 맡는다. 기자가 직접 발로 뛴 현장 정보와 즉각적인 해석을 결합하는 스타일 이 이 프로그램의 핵심이다. 네이버에 구독자 4,125명을 확보한 ‘정국기상대’ 원판의 주인공 이기도 한 정도원 부장은, 나라가TV에서 정치 현장 분석으로 존재감을 쌓은 데 이어 현재 ‘용산의 부장들 : 엠바고 해제’의 진행 을 맡고 있다. 논평가도, 교수도 아닌 현직 기자만이 줄 수 있는 정보의 밀 도가 이 프로그램이 겨냥하는 지점이다. 편성은 매주 수요일(‘용산의 부장들 : 엠바고 해제’ 방송일)을 제외한 평일 이며, ‘나라가TV 시즌2’ 런칭 이후에는 화·목·금 3회로 정규화 한다. 오전 10시30분 방송도 추후 추가할 계획 이어서, 일 2회 편성으로의 확대도 예정돼 있다. 게스트 출연 시에는 4분 포맷에서 유연하게 특별 방송으로 전환해 심층 분석 을 곁들인다. 방송 후에는 인터뷰 내용이 데일리안을 통해 기사화 된다. 6·3 지방선거를 앞두고 정국이 빠르게 요동치는 지금, 4분짜리 브리핑이 매일 오후 시청자의 정치 나침반 역할을 할 것으로 기대 를 모으고 있다.",데일리안,정치,https://n.news.naver.com/mnews/article/119/0003084726?sid=100
"주호영 ""추경호 지원?…김부겸 막을 수 있다는 확신 들면""","불출마 선언 이후 첫 심경 밝혀…""공천 시스템 전면 개혁해야"" 6·3 지방선거 국민의힘 대구시장 경선에서 컷오프(공천 배제)된 주호영 의원이 23일 서울 여의도 국회 소통관에서 불출마 기자회견을 하고 있다. 2026.4.23 ⓒ 뉴스1 구윤성 기자 (대구=뉴스1) 남승렬 기자 = 주호영 국회부의장이 대구시장 불출마 선언 이후 처음으로 심경을 공개적으로 밝히며 국민의힘 대구시장 후보로 선출된 추경호 후보 선거 지원에 대해 유보적인 입장을 밝혔다. 27일 정치권에 따르면 주 부의장은 지난 25일 TBC(대구방송)와 인터뷰에서 ""우리 후보(추경호 후보)가 김부겸 더불어민주당 후보를 막을 수 있다는 확신이 들면 움직이겠다""고 말했다. 그는 ""아직 (공천) 후유증이 많고, 이번 선거 승리하면 장동혁 체제를 그대로 가져가는 상황이 올 수 있다는 우려도 있다""며 이같이 밝혔다. 주 부의장의 이런 언급은 당 지지율 하락과 당의 분열, 내홍을 가져온 장동혁 지도부 교체를 바라는 의중이 담긴 발언으로 읽힌다. 그는 국민의힘 공천 시스템 전면 개혁과 대구·경북 행정통합 무산에 대한 책임 추궁, 보수 재건의 방향과 관련된 입장도 표명했다. 주 부의장은 ""공천 문제를 바로 고치지 않고는 앞으로 어떤 선거에서도 이기기 어렵다""며 ""잘못된 공천 시스템이 결국 두 번의 대통령 탄핵으로 이어지며 당 위기를 초래했다""고 지적했다. 불출마 소회를 묻는 말에 ""제 개인이 반드시 대구시장이 돼야겠다는 생각으로 끝까지 (공천 문제를) 주장한 게 아니다""며 ""2016년, 2020년, 2024년 세 번 연속 공천 파행으로 민심이 떠났다""고 진단했다. 이어 ""그런데도 이 문제 의식을 가진 사람이 당 안에 없다""며 ""2024년 총선에서 180석도 가능하다는 관측이 있었지만, 공천 파동으로 110석 가까이밖에 못 얻었다""고 지적했다. 공천 시스템이 구조적으로 문제가 있다고도 주장했다. 그는 ""완장만 차면 자신이 인사권자인 양 행동하는 사고부터 바꿔야 한다""며 ""공천관리위원회는 이름 그대로 경선을 관리하는 조직이지, 누군가를 찍어내는 조직이 아니다""라고 지적했다. 이어 ""전략 공천은 극히 예외적으로 하는 것인데, 이 개념 자체를 바꾸지 않으면 어떤 공관위원장이 와도 불만은 생길 수밖에 없다""고 덧붙였다. 주 부의장은 대구와 경북에 집중되는 공천 피해도 짚었다. 그는 ""타지역 출신 당 대표나 공천 관여자들이 대구·경북에서 사람이 크는 것을 끊임없이 막는다""며 ""당원 수가 가장 많고 단결만 되면 당 대표도, 대선 후보도 대구·경북에서 나올 수 있기 때문""이라고 분석했다. 주 부의장은 또 김부겸 더불어민주당 대구시장 후보가 대구시장 당선 후 통합을 추진하겠다는 구상에 대해서도 정면으로 반박했다. 그는 ""놀부가 제비 다리를 부러뜨려 놓고 붕대를 감아주는 것과 다를 게 없다""며 ""대구시장과 경북지사의 임기가 4년인데, 2년 만에 통합하고 자리를 내놓겠냐""고 반문했다. 그는 ""왜 광주·전남은 20조를 받고 대구·경북은 10조만 받아야 하냐. 선거라고 어물쩍 넘어가서는 안 될 일""이라고 주장했다. 주 부의장은 보수 재건을 위한 당 지도부의 전면 쇄신도 촉구했다. 그는 ""황교안, 윤석열, 한동훈, 장동혁이 역사 깊은 당에 1~2년 만에 들어와 대권 후보나 당 대표가 됐다가 다 실패했다""며 ""정치는 그렇게 간단한 영역이 아니다. 훈련된 사람들이 당을 이끌도록 구조 자체를 바꿔야 한다""고 강조했다. 한편 주 부의장은 김부겸 민주당 후보를 향해 ""1984년부터 인연을 맺고 대학원도 함께 다닌 친한 형님 동생 사이였는데, 지난 선거를 치르고 나서 소원해진 것 같다""며 ""대구 발전을 위해 진심을 다해 주시고, 대구 시민들이 민주당에 대해 나쁘게 생각하는 점은 부디 바로잡아 주기를 부탁드린다""고 당부했다.",뉴스1,정치,https://n.news.naver.com/mnews/article/421/0008912609?sid=162
"조응천 개혁신당 경기지사 후보 출마…""기득권 양당, 말로만 민생""","[the300]""도저히 손이 가지 않는 기득권 양당 후보들"" 조응천 전 의원과 이준석 대표. /사진=뉴시스 조응천 전 의원이 개혁신당 소속 경기도지사 후보로 6.3 지방선거에 출마하겠다고 밝혔다. 조 전 의원은 27일 SNS(소셜미디어)를 통해 """"경기도지사에 출마한다""며 ""도저히 손이 가지 않는 기득권 양당 후보 말고 정말 찍고 싶은 사람, 아무리 봐도 저밖에 없다""고 밝혔다. 이어 ""말로만 민생을 떠들어 대는 거대 양당이 싸우는 동안 1400만 경기도민은 '서울을 감싸는 계란 흰자'의 삶을 강요당했다""며 경기도를 발전시키겠다는 의지를 강조했다. 그러면서 ""민주당 의원도 해봤고, 보수 정권에서 역할도 해봤다""며 ""그래서 무엇이 문제인지, 어디서 막히는지, 왜 바뀌지 않는지 잘 안다고 자부한다. 조응천이 하겠다""고 했다. 조 전 의원은 경기 남양주갑에서 제20대, 21대 국회의원을 지낸 재선 의원이다. 검찰에서 공직 생활을 시작했다. 김대중 정부 청와대 민정수석실에서 행정관을 지냈고, 이명박정부에서는 국가정보원장 특별보좌관, 박근혜 정부에서 청와대 공직기강비서관을 담당했다. 민주당에서 의원을 지내며 '조금박해'(조응천·금태섭·박용진·김해영)로 불리며 친문(친문재인), 586 운동권 등 당시 민주당 주류와 맞섰다. 조국 전 법무부 장관 논란 당시 민주당에서 가장 먼저 공개적으로 문제를 제기하기도 했다. 지난 총선을 앞두고 이원욱 전 의원과 함께 민주당을 나와 개혁신당에 합류했다. 현재 민주당에서는 추미애 의원이 경기도지사 후보로 확정됐다. 국민의힘에서는 양향자 최고위원, 함진규 전 한국도로공사 사장, 이성배 전 아나운서가 경기지사 최종 후보 자리를 놓고 경선을 벌이고 있다. 조 전 의원은 '강경파' 추 전 의원이 여당 후보인 점, 국민의힘 후보의 인지도가 상대적으로 약하며, 당 지지율이 낮은 점 등을 두루 고려해 출마를 결정한 것으로 알려졌다. 개혁신당은 지난 국회의원·대통령 선거에서와 마찬가지로 국민의힘과의 선거 연대에는 선을 긋고 있다. 이준석 대표는 지난 23일 최고위원회의에서 취재진으로부터 '국민의힘과 연대 가능성'에 대한 질문을 듣고 ""반도체나 핵심 기업의 경쟁력을 저하시키는 형태의 민주당 정치에 대해서 연대해 대응하자면 의사가 있다""면서도 ""선거 연대가 어느 지점에까지 이를 정도인지는 내부적으로는 아직 논의한 바는 없다""고 했다.",머니투데이,정치,https://n.news.naver.com/mnews/article/008/0005349570?sid=100
"조응천, 개혁신당 경기지사 출마 선언…3자 구도 현실화? [이런정치]","“민주당·보수 정권 다 해봐서 잘 안다고 자부” “경기도민, 계란 흰자의 삶” 조응천 전 의원. 연합뉴스 [헤럴드경제=윤채영 기자] 개혁신당 소속 조응천 전 의원이 27일 6·3 지방선거에서 경기지사 출마를 선언했다. 조 전 의원은 이날 자신의 페이스북에 “도저히 손이 가지 않는 기득권 양당 후보 말고 정말 찍고 싶은 사람, 아무리 봐도 저밖에 없다”며 출마를 공식화했다. 조 전 의원은 “아주 오래 망설였다. 많이 고민했다”며 “말로만 민생을 떠들어 대는 거대 양당이 싸우는 동안 1400만 경기도민은 ‘서울을 감싸는 계란 흰자’의 삶을 강요 당했다”고 했다. 그는 “민주당 의원도 해봤고, 보수 정권에서 역할도 해봤다. 그래서 잘 안다고 자부한다”며 “무엇이 문제인지, 어디서 막히는지, 왜 바뀌지 않는지”라고 설명했다. 아울러 “조응천, 경기도지사에 출마한다. 저 조응천이 하겠다”고 거듭 강조했다. 조 전 의원은 박근혜 정부에서 청와대 공직기강비서관을 지냈고, 20대 총선에서 더불어민주당에 입당해 경기 남양주갑에서 재선을 했다. 이후 당시 이재명 대표에 대한 반감으로 친명(친이재명)계와 갈등을 빚다 22대 총선을 앞둔 2024년 민주당을 탈당하고 개혁신당에 입당했다. 조 전 의원 출마로 경기지사는 민주당과 국민의힘, 개혁신당 3자 구도 가능성이 높아졌다. 민주당은 추미애 의원이 후보로 나서고, 국민의힘은 다음달 2일 경선을 통해 양향자 최고위원, 이성배 전 MBC 아나운서, 함진규 전 한국도로공사 사장 중에서 최종 후보를 가린다.",헤럴드경제,정치,https://n.news.naver.com/mnews/article/016/0002635540?sid=100
"주호영 ""공천 망치고, 20조 날렸다... 秋, 이겨도 문제, 져도 문제""","불출마 선언 후 첫 심경... 주호영, 지선 지원 놓고 고심 ""여당 시스템 베껴서라도 공천 고쳐야""... 국힘 구조 비판 ""TK통합 무산 책임은 민주당... 국힘·대구시의회 책임져야 김부겸 후보에게 ""대구 시민들이 민주당에 대한 생각 바로잡아 주기를"" 주호영 국회부의장이 대구시장 불출마 선언 이후 27일 처음으로 심경을 공개적으로 밝혔다. 주 부의장은 지난 25일 TBC와 인터뷰에서 국민의힘의 공천 시스템 전면 개혁과 대구경북 행정통합 무산에 대한 책임 추궁, 그리고 보수 재건의 방향까지 망라해 입장을 밝혔다. 주 부의장은 ""공천 문제를 바로 고치지 않고는 앞으로 어떤 선거에서도 이기기 어렵다""며 잘못된 공천 시스템이 결국 두 번의 대통령 탄핵으로 이어지며 당 위기를 초래했다고 지적했다. 주 부의장은 불출마 소회를 묻는 질문에 ""제 개인이 반드시 대구시장이 돼야겠다는 생각으로 끝 까지 (공천 문제를) 주장한 게 아니다""며 ""2016년, 2020년, 2024년 세 번 연속 공천 파행으로 민심이 떠났다""고 진단했다. 이어 ""그런데도 이 문제의식을 가진 사람이 당 안에 없다""며 ""2024년 총선에서 180석도 가능하다는 관측이 있었지만, 공천 파동으로 110석 가까이밖에 못 얻었다""고 지적했다. 그는 공천 시스템의 구조적 문제점을 구체적으로 짚었다. 주 부의장은 ""완장만 차면 자신이 인사권자인 양 행동하는 사고부터 바꿔야 한다""며 ""공천 관리위원회는 이름 그대로 경선을 관리하는 조직이지, 누군가를 찍어내는 조직이 아니다""라고 강조했다. 또 ""전략 공천은 극히 예외적으로 하는 것인데, 이 개념 자체를 바꾸지 않으면 어떤 공관위원장이 와도 불만은 생길 수밖에 없다""고 말했다. 또 더불어민주당의 공천 시스템을 대안으로 제시했다. ""민주당은 출석 점수, 법안 점수 등 수십 가지 항목을 정해 2년 차, 4년 차에 외부 인사가 두 차례 평가한다""며 ""하위 20%에 감점을 부과하는데, 감점 당한 의원이 오히려 그 사실을 밖에 알리지 말아 달라고 할 정도로 잡음이 없다""고 설명했다. 주 부의장은 ""최소한 민주당 시스템을 그대로 베껴서라도 개혁을 해야 한다""며 ""국민의힘 공천 방식은 공자님이 오셔서 해도 불만이 생길 수밖에 없다""고 비판했다. 주 부의장의 공천 개혁론은 지방선거 이후 당 쇄신 논의의 핵심 의제로 부상할 가능성이 높다는 관측이 나온다. 국민의힘 지지율은 최근 NBS 조사에서 15%를 기록하며 창당 이후 최저치를 기록했기 때문이다. 심지어 대구경북에서도 민주당 34%, 국민의힘 25%로 역전된 상황이다. 주 부의장은 대구경북에 집중되는 공천 피해도 짚었다. 그는 ""타 지역 출신 당 대표나 공천 관여자들이 대구경북에서 사람이 크는 것을 끊임없이 막는다""며 ""당원 수가 가장 많고 단결만 되면 당 대표도, 대선 후보도 대구경북에서 나올 수 있기 때문""이라고 분석했다. 이어 ""낙하산으로 오는 사람들은 지역 애착도 없고 열심히 하지도 않는 악순환이 반복된다. 이 피해를 대구 시민들이 반드시 알아야 한다""고 강조했다. 주 부의장은 대구경북 행정통합 특별법 무산 경위도 설명하며 책임 소재를 분명히 해야 한다고 주장했다. 그는 민주당의 당리당략을 첫 번째 원인으로 꼽으며 ""행정안전위원회를 이의 없이 통과했는데 불과 사흘 뒤 법사위에서 민주당이 제동을 걸었다""며 ""4년간 20조 예산 지원, 우량 공기업 이전, 국책 사업 우선 배정, 예비타당성 면제 기준을 500억에서 1000억으로 상향하는 파격적 인센티브를 발로 차버렸다""고 질타했다. 그는 ""대구와 경북이 통합되면 경북에서 김부겸 후보의 득표력이 낮아지기 때문에 통합을 막고 대구에만 출마시키려 한 것이 아니냐는 문제 제기가 여러 곳에서 나왔다""고 덧붙였다. 국민의힘 내부의 통합 반대도 행정통합을 무산시킨 원인으로 꼽았다. 주 부의장은 ""추미애 법사위원장이 국민의힘 지도부가 통합을 하지 말아 달라고 했다고 발언했는데, 우리 당은 이를 반박하지 않았다""며 ""만약 사실이라면 치명적인 명예훼손이고, 당론을 어긴 것으로 윤리위원회 회부 사안""이라고 지적했다. 이어 그는 ""당 대표나 원내대표 중 누군가가 시도 통합이 되면 자신에게 불리해질까 봐 그런 짓을 한 것 같다""며 ""우리 당에도 책임이 크다""고 비판했다. 가장 결정적인 변수로는 대구시의회를 지목했다. 주 부의장은 ""법안 통과 불과 하루 전에 대구시의회가 반대 결의를 하며 민주당에 빌미를 제공했다""며 ""이를 주도한 대구시의장과 운영위원장이 아무런 책임도 지고 있지 않다. 이에 대한 책임은 대구 시민들이 반드시 물어야 한다""고 강조했다. 이어 ""20조를 어떻게 가져오냐. 그들이 그걸 날린 것""이라며 ""지금 와서 통합을 반대한 것이 아니라 권한을 더 달라고 했다는데, 그건 변명이 될 수 없다""고 못 박았다. 통합 무산은 단순한 입법 실패를 넘어 대구경북 지역의 미래를 좌우할 사안인데 민주당이 단독으로 광주·전남 통합법을 처리하는 바람에 20조 대 0조라는 지역 차별이 현실화됐다는 주장이다. 그는 ""대구는 인구 236만에 매년 1만 명 이상이 빠져나가는데 그중 청년이 7000명 이상""이라며 ""경북은 22개 시군 중 8개가 2050년까지 소멸 도시로 분류돼 있다. 이대로 가면 가는 길이 뻔히 보인다""고 강조했다. 김부겸 전 총리가 대구시장 당선 후 통합을 추진하겠다는 구상에 대해서도 정면으로 반박했다. ""놀부가 제비 다리를 부러뜨려 놓고 붕대를 감아주는 것과 다를 게 없다""며 ""대구시장과 경북지사의 임기가 4년인데, 2년 만에 통합하고 자리를 내놓겠냐""고 반문했다. 그는 ""왜 광주·전남은 20조를 받고 대구경북은 10조만 받아야 하냐. 선거라고 어물쩍 넘어가서는 안 될 일""이라며 주장했다. 주 부의장은 보수 재건을 위한 당 지도부의 전면 쇄신도 촉구했다. 그는 ""황교안, 윤석열, 한동훈, 장동혁이 역사 깊은 당에 1~2년 만에 들어와 대권 후보나 당 대표가 됐다가 다 실패했다""며 ""정치는 그렇게 간단한 영역이 아니다. 훈련된 사람들이 당을 이끌도록 구조 자체를 바꿔야 한다""고 강조했다. 그는 ""언제부터인가 당 지도부가 자기 이익을 노골적으로 챙기면서도 부끄러워할 줄 모른다""며 ""공심을 앞세우는 사람에게는 따르는 사람이 없고, 파벌을 만들어 자리와 공천을 나눠 줘야 따르는 당이 돼버렸다""고 꼬집었다. 이어 ""민주당은 박지원, 정동영, 추미애, 송영길 등 중진들이 공천을 받고 역할을 다하는데, 우리는 공천 때마다 누구를 들어낼지만 걱정한다. 이것을 못 바꾸면 백약이 무효""라고 단언했다. 현 지도부를 향한 압박도 거듭 제기했다. 그는 ""지지율이 15%까지 내려온 마당에 선거 50여 일을 앞두고 자숙하고 물러서야 마땅한데, 비판하는 사람을 징계하고 있다. 이미 윤리가 다 깨진 것""이라며 ""이번 선거가 폭망해야 장동혁 대표가 물러난다는 말까지 나올 정도""라고 전했다. 보수 재건의 방향에 대해서는 가치와 비전의 회복을 역설했다. 주 부의장은 ""자유를 존중하고 법치주의를 따르며 약자를 돌보는 보수의 가치가 얼마나 좋은 것이냐""며 ""국민에게 우리 방식대로 하면 나라가 발전하고 모두가 잘 살 수 있다는 것을 제시하고 행동으로 옮기는 것, 그것이 보수 재건의 가장 큰 일이다. 거기에 앞장서겠다""고 강조했다. 지방선거 지원 여부에 대해서는 유보적인 입장을 밝혔다. 주 부의장은 ""우리 후보가 김부겸 후보를 막을 수 있다는 확신이 들면 움직이겠다""며 ""아직 후유증이 많고, 이번 선거를 조금 승리하면 장동혁 체제를 그대로 가져가는 상황이 올 수 있다는 우려도 있다""고 말했다. 김부겸 전 총리에게는 ""1984년부터 인연을 맺고 대학원도 함께 다닌 친한 형님 동생 사이였는데, 지난 선거를 치르고 나서 소원해진 것 같다""며 ""대구 발전을 위해 진심을 다해 주시고, 대구 시민들이 민주당에 대해 나쁘게 생각하는 점은 부디 바로잡아 주기를 부탁드린다""고 당부했다. 오경묵 기자",한국경제,정치,https://n.news.naver.com/mnews/article/015/0005279837?sid=162
"김부겸 ""변화"" vs 추경호 ""경제""…'보수 심장' 대구서 격돌","[앵커] 6·3 지방선거의 격전지가 된 대구시장 대진표가 완성됐습니다. 국민의힘 후보에는 추경호 전 부총리가, 더불어민주당 후보에는 김부겸 전 총리가 '보수의 심장' 대구에서 맞붙게 됐습니다. 추 후보는 대구 경제 발전을 강조했고 김 후보는 자신을 회초리로 대구를 바꿔야한다고 호소했습니다. 정수아 기자입니다. [기자] 국민의힘 대구시장 후보에 추경호 의원이 선출됐습니다. 공천 파동으로 부침을 겪은 추 후보는 '원팀'을 강조했습니다. [추경호/국민의힘 대구시장 후보 : 너희들 제발 정신 좀 차려라. 이대로 가면 다 돌아선다. 그 애정 어린 꾸짖음 앞에 변명하지 않겠습니다. 이 순간부터는 원팀입니다.] 컷오프에 반발해 무소속 출마를 저울질하다 포기한 이진숙 전 방송통신위원장과 주호영 의원을 끌어안겠다고도 했습니다. 빈 자리가 될 추 후보 지역구인 대구 달성군에서 이 전 위원장이 보궐선거 출마가 유력하단 예측이 나오는데, 국민의힘 공관위는 경선을 원칙으로 한다고 밝혔습니다. 추 후보는 맞대결 상대인 김부겸 민주당 대구시장 후보에게 경쟁을 예고하면서 대구 경제 발전 공동협의체를 구성하자고 제안했습니다. 김부겸 후보는 같은 날 선거사무소 개소식을 열고 본격적인 선거전에 돌입했습니다. 이번에는 대구가 바뀌어야 한다며 자신을 회초리 삼아달라 호소했습니다. [김부겸/더불어민주당 대구시장 후보 : 대구시장이 싸움 잘하는 그런 사람이 필요한 자리입니까? 이번에야말로 대구가 국민의힘을 혼을 내셔야 나라가 삽니다.] 개소식에는 여당 지도부와 전현직 의원이 대거 집결해 세 과시에 나섰습니다. 김 후보는 추 후보를 향해 ""정치를 같이 해온 만큼 치열하게 토론하겠다""고 말했습니다. [영상취재 이인수 김대호 영상편집 이지훈]",JTBC,정치,https://n.news.naver.com/mnews/article/437/0000489051?sid=162
'여의도' 대신 '지자체' 입성 도전장…체급 낮춘 금배지들[클릭],"21대 국회의원 지낸 강민정, 서울시교육감 출사표 ""어느 직위에 있는가 보다 어떤 일을 하는게 중요"" 재선에 靑부속실장 출신 김한정, 남양주시장 출마 ""정치인맥·국정경험, 지역구 문제 성과 낼 수 있어"" [서울=뉴시스] 강민정 서울시교육감 예비후보. (사진=뉴시스 DB). photo@newsis.com *재판매 및 DB 금지 [서울=뉴시스]배민욱 기자, 윤혜림 인턴기자 = 강민정 서울시교육감 예비후보와 더불어민주당 김한정 경기 남양주시장 예비후보 등 전직 국희의원들이 '정치 체급'을 낮추며 6·3 지방선거(지선)에 도전장을 냈다. 국회의원이 1급 공무원 대우를 받는 기초자치단체장에 도전하는 것은 체급을 한 단계 낮추는 것으로 평가 받고 있다. 최근 전직 의원들이 지방선거에서 체급을 낮춰 기초단체장에 출마하는 사례는 적지 않았다. 홍준표 전 의원의 대구시장 출마 등이 대표적이다. 서울시교육감 예비후보로 나선 강민정 전 의원도 마찬가지다. 강 예비후보는 제21대 국회의원을 지내며 교육위를 맡아 교육 현안을 다뤘다. 서울 신촌 캠프 사무실에서 진행된 뉴시스와의 인터뷰에서 그는 출마 이유에 대해 ""지금의 교육이 위기의 임계점에 왔다""며 ""서울 교육을 바꾸는 게 대한민국 교육을 바꾸는 데 있어 가장 효과적일 것이라 생각했다""고 말했다. 또 '체급 낮춘 출마'라는 시선에 대해선 ""어떤 일을 하는 게 중요하지 어느 직위에 있는 가는 전혀 고려 대상이 아니었다""며 ""제가 제일 좋아하는 말이 이재명 대통령의 권력이 아니라 일을 할 권한을 달라는 말""이라고 밝혔다. 강 예비후보는 '빛의 교육 혁명, 유능한 강민정'을 이번 선거의 핵심 슬로건으로 내걸었다. 그는 ""교육청이 하는 일을 50% 감축해서 학교가 주체적으로 교육 활동을 하는 데 집중할 수 있도록 하는 혁신 교육청 시대를 이끌겠다""고 포부를 밝혔다. [서울=뉴시스] 더불어민주당 김한정 경기 남양주시장 예비후보. (사진=뉴시스 DB). photo@newsis.com *재판매 및 DB 금지 남양주시장 선거에 나선 김 예비후보 역시 체급을 낮춘 도전이다. 재선 의원을 지낸 김 예비후보는 청와대 제1부속실장 경험이 있는 중량급 인사로 평가받고 있다. 김 예비후보는 뉴시스와 전화 인터뷰에서 이번 출마 배경에 대해 ""남양주의 대전환을 주도했던 국회의원으로서 산적한 문제들에 책임감을 느꼈다""며 ""재선 현역 시장을 상대로 확실하게 승리하기 위해 내가 지정됐다""고 말했다. 그는 체급을 낮춰 정치 무대를 옮긴 행보에 대해선 ""역할이 다른 것""이라며 ""중앙 정치 인맥과 청와대 국정 경험으로 지역구에 대한 문제를 누구보다 세심히 살펴 성과를 낼 수 있다""고 밝혔다. 그는 ""지역구 국회의원 8년 동안 지하철 4호선을 남양주 최초로 개통해봤기 때문에 뭐가 어려운지 안다""며 ""시장직이 주어진다면 교통혁명 문제에 대해 획기적 개선이 가능하다""고 자신감을 내비쳤다. 정치 체급을 낮춰 도전하는 이유는 지방자치가 정착되면서 단체장의 권한과 정치적 위상이 강화됐기 때문으로 보고 있다. 이 같은 정치적 행보를 놓고서도 기대반, 우려반의 시선도 보인다. 인천대 이준한 정치외교학과 교수는 ""대부분 경력이 있고 재선·3선을 위해 보통은 잘하려고 할 것""이라고 말했다. 이어 '이 같은 현상이 지역 정치의 전문성을 높일 수 있냐'는 질문엔 ""나쁘진 않다고 본다""며 ""국회의원을 했으니 지역의 문제를 잘 풀어줄 수도 있다""고 밝혔다. 서휘원 경제정의실천시민연합(경실련) 정치입법 팀장은 ""대부분 지자체장으로 나오는 것을 발판으로 생각하는 듯 하다""며 ""정치적 영향력을 고려하는 것도 무시하기 어렵다""고 말했다. 박성태 사람과사회연구소 연구실장은 김한정 전 의원이 출마하는 남양주에 대해 ""남양주가 70만 정도 될 것""이라며 ""기초자치단체장은 쓸 수 있는 사람도 많고 해볼 수 있는 게 많다""고 설명했다. 박 연구실장은 ""지금 의원들의 권위가 약간 떨어져서 어느 정도 규모 이상의 기초단체장으로 가는게 꽤 있는 것 같다""고 말했다．",뉴시스,정치,https://n.news.naver.com/mnews/article/003/0013910597?sid=100
부산 구포초서 박민식·한동훈 어색한 첫 대면…하정우는 불참,"[앵커] 6월3일에 함께 치러지는 재보궐선거 지역 가운데 유독 관심을 받는 곳을 꼽으라면 부산 북구갑이 빠지지 않습니다. 이 지역 출마를 준비 중인 국민의힘 소속 박민식 전 장관과 무소속 한동훈 전 대표가 한 행사에서 처음 만났습니다. 민주당으로부터 러브콜을 받고 있는 하정우 청와대 AI수석도 출마 결단을 내릴 시점이 얼마 남지 않았다는 전망이 나옵니다. 김창섭 기자입니다. [리포트] 부산 구포초등학교 동문 체육대회, 행사 시작 전부터 북구 갑 출마를 선언한 박민식 전 장관과 한동훈 전 대표간 장외 신경전이 벌어졌습니다. 박민식 / 전 국가보훈부 장관 ""(한동훈 전 대표 얘기도 나오고 있고?) 오늘은 우리 오로지 구포초등학교 동문들 간의 우의를 돈독히 하는…."" 한동훈 / 전 국민의힘 대표 ""(침입자라고 칭하기도 했는데?) 좀 급해지면 말이 험해질 수도 있는데요."" 시민들과 따로 인사를 하던 두 사람은 마주치자 짧은 악수만 나눴습니다. 박민식 / 전 국가보훈부 장관 ""어어"" 한동훈 / 전 국민의힘 대표 ""오랜만입니다"" 같은 기간 국무위원을 지낸 두 사람이 북구 행사장에서 마추친 건 이번이 처음입니다. 연단 앞뒤로 앉았지만, 행사 내내 따로 대화를 나누진 않았습니다. 구포초 출신으로 축사 기회를 얻은 박 전 장관은 연고를 강조했고, 박민식 / 전 국가보훈부 장관 ""동문의 한 사람으로서 또 북구에서 자란 사람으로서 제가 할 수 있는 자리에서 온 힘을 쏟겠습니다."" 한 전 대표는 그동안 지역 정치인들이 성과를 내지 못했다며 에둘러 견제했습니다. 한동훈 / 전 국민의힘 대표 ""그동안 정치인들이 부산 북구에 대해서 많은 좋은 일을 했지만 결국 성과를 내지 못했습니다"" 민주당에서 이 지역에 출마할 것으로 예상되는 하정우 청와대 AI 미래기획수석은 이 행사에 참석하지 않았습니다. 하 수석은 언론 접촉을 피했는데, 하사비스 구글 딥마인드 대표 접견 일정을 소화한 뒤 출마 여부에 대한 입장을 밝히지 않겠냐는 관측이 나옵니다. TV조선 김창섭입니다.",TV조선,정치,https://n.news.naver.com/mnews/article/448/0000606941?sid=162
"문재인 전 대통령, 오늘 국회서 ‘판문점선언’ 8주년 기념사","문재인 전 대통령. 더불어민주당 제공 문재인 전 대통령이 27일 국회에서 열리는 ‘4·27 남북 판문점선언’ 8주년 기념행사에 참석한다. 정치권에 따르면 이날 오후 국회 의원회관에서 판문점선언 8주년 기념행사가 열린다. 올해 행사는 민주정부 한반도평화 계승발전 협의회와 통일부가 공동 주최한다. 문 전 대통령은 지난해에 이어 올해도 직접 참석해 기념사를 할 예정이다. 퇴임 후 국회를 찾는 것은 지난해 기념식에 이어 이번이 두 번째다. 우원식 국회의장은 국회를 찾는 문 전 대통령 내외를 맞아 국회 주요 시설을 안내할 예정이다. 오후 1시 10분 사랑재를 출발해 본청 정현관, 국회 상징석, 독립기억광장, 임시의 정원 등을 함께 둘러본다. 이날 행사에는 우원식 국회의장과 정청래 더불어민주당 대표, 조국 조국혁신당 대표도 축사에 나선다. 정동영 통일부 장관, 권노갑 김대중재단 이사장, 차성수 노무현재단 이사장, 임동원 한반도평화포럼 이사장도 환영사를 한다. 판문점 선언은 2018년 4월 27일 문재인 전 대통령과 김정은 북한 국무위원장이 판문점 남북정상회담 뒤 발표한 선언문이다. 이번 기념식에는 남북관계 개선과 한반도 평화를 지향해 온 개인과 단체들도 대거 참석한다. 주최 측은 판문점선언의 의미를 되짚고, 변화한 한반도 정세 속에서 평화 정책의 계승과 발전 방향을 모색한다는 방침이다.",경향신문,정치,https://n.news.naver.com/mnews/article/032/0003442224?sid=100
김부겸 대 추경호 대진표 확정…막 오른 본격 승부,"[KBS 대구] [앵커] 대구시장 여야 대진표가 확정됐습니다. 더불어민주당 김부겸 후보는  대규모 개소식을 열어 지지세 확산에 나섰고, 국민의힘은 추경호 후보를 확정하며 오랜 공천 내홍을 마무리 짓고 본격적인 선거전에 돌입했습니다. 김도훈 기자의 보도입니다. [리포트] 대구 두류네거리에 위치한  대구시장 선거 사무소 개소식을 열며  지지세 확산에 나선 더불어민주당 김부겸 후보. 김 후보와 인사하고 사진을 찍으려는 지지자들의 발길이 이어집니다. 이날 개소식에는 정청래 당 대표를 비롯한 당 지도부와 중진 등 범여권 전현직 의원  60여 명이 대거 참석해 김 후보 지원에 나섰습니다. [김부겸/더불어민주당 대구시장 후보 : ""확실히 시민들에게 답답함이 많으신 것 같아요. 그 답답함이 저를 매개로 해서 터져 나오고 있는 게 아닌가. 그만큼 대구는 절박하다. 대구를 바꿔서 대한민국 정치를 한번 바꾸고 싶습니다. 도와주십시오.""] 국민의힘에선 한 달여 진행한 경선 끝에 추경호 국회의원을  대구시장 후보로 선출했습니다. 추 후보는 수락 연설을 통해 경제 발전을 이끌어 온 보수의 유능함을 다시 대구에서 증명하겠다고 강조했습니다. 특히 이번 선거에서 민주당이 대구시장을 차지하면 보수가 풀뿌리까지 무너진다면서 자신이 이 흐름을 막는 마지막 균형추가 되겠다고 말했습니다. [추경호/국민의힘 대구시장 후보 : ""민심에 다가가서 다시 대구 경제를 살릴 최적임자가 누구냐? 그것은 최고의 경제통 추경호다, 이것을 말씀드리고. 진정성 있게 다가가겠다.""] 지방선거를 38일 앞두고  드디어 대구시장 여야 대진표가 확정된 가운데 대구 시민의 표심을 잡기 위한 진짜 승부의 막이 올랐습니다. KBS 뉴스 김도훈입니다. 촬영기자:백재민",KBS,정치,https://n.news.naver.com/mnews/article/056/0012170082?sid=100
전남 단체장 민주당 경선 막바지…“경쟁 본격화”,"[KBS 광주] [앵커] 당내 경선 과정에서  불거진 대리투표 의혹 등으로 미뤄졌던 더불어민주당의  전남 지역 기초단체장 경선이  마무리됐습니다. 전남에만 10여 곳에 후보를 확정한 조국혁신당을 비롯해, 현역단체장이 무소속으로 나서는 등 본선 경쟁도 본격화할 전망입니다. 김정대 기자입니다. [리포트] 권리당원  명부 유출 의혹이 불거지며  경선 일정과 방식까지 바꿔야 했던 더불어민주당 여수시장 후보 경선. 4명의 후보가 나선 본경선에서 현직 시장이 탈락하는 이변이 빚어졌고, 결선에서 청와대 행정관 출신의  서영학 후보가 공천권을 거머쥐었습니다. 대리투표 의혹이 일며 경선이 10여 일 연기됐던  장성군수 경선에서는 현직 군수인 김한종 후보가 공천권을 확보했습니다. 마찬가지로  대리 투표 의혹에 재경선을 치른 민주당 화순군수 경선에서는 임지락 후보가 확정되면서 전남 22개 시군 기초단체장 경선이 마무리됐습니다. 민주당 소속 현역 단체장들이 대다수 공천을 따내면서 강세를 보일 걸로 예상되지만, 본선 경쟁도 치열할 것으로 보입니다. 지난 담양군수  보궐선거에서 선전하며 전남에 1호 단체장을 낸 조국혁신당이 이번에도 목포와 여수 등 10여 곳에 후보를 확정한 데다, 순천과 강진 등에서는 현역 단체장이 무소속으로 나섭니다. [지병근/조선대 정치외교학과 교수 : ""후보자들의 정책과 후보자들이 소속한 정당 그 부분을 살펴보고 선택해야 하지 않을까. 지역의 정당 체제를 변화시키기 위한 전략적인 투표 부분도 저는 고려할 필요가 있다고...""] 전남 단체장 선거 대진표가 윤곽을 드러내는 가운데 공약 경쟁과 세 결집 등  표심을 잡기 위한 움직임도 본격화할 전망입니다. KBS 뉴스 김정대입니다. 촬영기자:조민웅",KBS,정치,https://n.news.naver.com/mnews/article/056/0012170090?sid=100
[정치뷰] 김용 딜레마에 '장특공' 논란…선거판 변수 부상?,"[앵커] 이번주 정치권 주요 이슈의 맥을 짚어보는 정치뷰 시간입니다. 정치부 한송원 기자 나왔습니다. 한 기자, 이번주 일정부터 볼까요? [기자] 지방선거 한달여 앞으로 다가오면서 여야 모두 총력전입니다. 민주당부터 보면 광역단체장 도전장을 낸 현역 의원 8명이 수요일에 국회의원직을 일괄적으로 사퇴합니다. 배지를 내려놓고 본격적으로 선거 운동 시작하게 되는 겁니다. 국민의힘도 이번주에 지방선거 공천 마침표를 찍습니다. 당장 오늘 충북지사 후보 확정되고, 토요일엔 경기지사 후보 결정됩니다. 국회 일정도 보면요. 검찰 '조작 기소' 의혹을 규명하겠다던 국정조사 특위는 이번주 활동을 종료합니다. 내일 열리는 종합 청문회에선 쌍방울 대북 송금 의혹 등이 다시 도마 위에 오를 것으로 보이고요. 목요일엔 국조 결과보고서 채택과 함께, 불출석하거나 위증한 증인들에 대해 고발도 나선다고 합니다. [앵커] 민주당은,, 현역 광역단체장들 모두가 물갈이 되면서, 현직 의원들이 대거 지방선거 후보로 나섰죠. 국회의원 재보궐선거 규모 상당히 커졌네요? [기자] 4년 전 재보궐 선거 6곳이었죠. 그때랑 비교해도 두 배가 넘는 규모입니다. 현역 단체장 출마하는 의원 8곳을 포함해서 총 14곳입니다. 전재수 부산시장 출마로 공석이 된 부산 북갑, 한동훈 전 대표가 뛰어들면서 최대 관심지 중 하나인데요. 하정우 AI 수석이 이번주 초쯤 출사표를 던진다고 합니다. 지난주에 인천 지역 송영길, 김남준 후보까지 빠르게 교통정리가 되는 흐름입니다. 하지만 경기 안산갑 지역 여전히 화약고 입니다. 출마를 원하고 있는 김용 부원장 공천 문제, 여전히 매듭지어지지 않았는데요. 김 전 부원장 측에 따르면 민주당 의원 160명 중 40%, 64명이 공천을 지지하고 있다고 합니다. 여기엔 친명계 최고위원들, 차기 국회의장 후보군들, 친청계 이원택 전북지사 후보 재감찰을 요구하며 단식에 들어갔던 친명계 안호영 의원 등도 포함됐습니다. [앵커] 그동안 김 전 부원장의 출마에 당 지도부는 신중한 입장을 유지해오긴 했는데,,, 현재는 어떻습니까? [기자] 정청래 대표는 '국민 눈높이'라는 표현으로 우회적인 반대 의사를 드러냈습니다. 김 전 부원장은 불법 정치자금을 받은 혐의로 2심 실형을 선고받고, 지난해 8월 보석으로 풀려난 상태입니다. 전체 선거에 영향을 줄 수있는 만큼, 대법원에서 무죄를 받고 국민의 선택을 받는 것이 옳다는 거죠. 하지만 당내 일각에선 정 대표가 지방선거 후에 있을 당 대표 선거도 의식하고 있는 것 아니냐, 이런 관측도 나옵니다. 김 전 부원장이 국회에 들어오면 친명계 의원들 결집 흐름이 더 생길 수 있고, 이를 견제하려는 계파 갈등으로도 해석할 수 있다는 겁니다. 이런 관점에서 친문계 핵심으로 꼽히는 조국혁신당 조국 대표가 출마한 경기 평택을에 민주당이 어떤 카드를 내세울지도 관심입니다. [앵커] 네,, 전체 선거 판에 영향을 줄 수 있는 변수가 앞으로 얼마나 생길지 관건일텐데, 어쨌든 지금까지로 보면 여론조사 결과도 그렇고, 여당의 압승이 예상된다, 이런 관측들이 많았는데 뭔가 새로운 흐름이 있습니까? [기자] 내부적으로는 선거가 다가올 수록 '보수 결집 흐름'에 주목하는 모양새입니다. 최근 TK나 PK에서 국민의힘 지지층이 결집하는 듯한 추세가 있습니다. 부산 시장 민주당 전재수 후보와 국민의힘 박형준 후보, 이번주 한 여론조사에선 지지율 격차가 오차범위 안으로 좁혀졌습니다. 대구·경북 지역 역시 민주당 33%, 국민의힘 41%로 결집이 뚜렷합니다. 국민의힘에선 추경호 의원이 국민의힘 대구시장 후보로 확정되면서 대진표가 완성된 만큼 본격적인 대결은 이제 시작이라는 분위기도 읽힙니다. 여기에 한동훈 전 대표의 부산 북갑 출마가 지역 보수 결집 촉매제가 되고있다고도 합니다. [앵커] 정책 이슈도 한번 볼까요? 부동산 장특공제 문제도 주말 내내 시끄러웠는데,,, 대통령이 직접 화두를 던진만큼 이번 지방선거 변수가 될 수 있다는 관측도 나와요? [기자] 대통령이 해외 순방 전후로 장특공 개편 이슈 두 차례 꺼냈습니다. 장특공제는 1가구 1주택자가 장기간 가지고 있던 집을 팔 경우에 물가 상승률을 감안해 양도세를 깎아주는 제도인데요. 실거주까지하면 최대 80%까지 양도세를 깎아주는 겁니다. 지난 18일 대통령 첫 메시지에서 장특공제 개편 필요성 꺼내들었지만, 선거철 부동산 민심은 민감한 만큼 당에선 곧바로 선을 그었습니다. 하지만 대통령이 재차 '투기 권장 정책'이라고 강하게 비판하고 나선 겁니다. 한정애 (21일) ""정부·여당은 1주택자에 대한 장기보유 특별공제 폐지를 검토한 적이 없다"" [앵커] 서울 집값이 그동안 워낙 많이 올라서 실제로 장특공을 폐지 또는 축소할 경우 서울 주택 소유주의 절반이 타격을 받는다는 말도 있는데, 국민의힘 반응은 어떻습니까? [기자] 오세훈 후보는 정원오 후보를 향해 확실히 입장을 밝히라고 연일 압박하고 있습니다. ""서울시민이 최대 피해자"", ""대통령 YES 맨"" 등 공세 수위 높이고 있습니다. 정 후보는 엿새 전 ""1주택자의 권리는 보호되어야 한다""는 입장을 밝힌 후 말을 아끼고 있는데요. 중도층 확장을 노리는 정 후보로서는 상황이 곤혹스러울 수밖에 없다는 해석도 있습니다. [앵커] 지방선거를 앞두고 부동산 문제가 또한번 새로운 화두로 떠오르는 모양새인데, 단발성 공약이 아니라 장기적으로 국민들에게 이득이 되는 정책이 나오길 바랍니다. 한 기자 잘 들었습니다.",TV조선,정치,https://n.news.naver.com/mnews/article/448/0000606935?sid=162
"경기지사에 개혁신당 등판…조응천 ""기득권 양당 대신 내가""","27일 SNS서 ""경기지사에 출마합니다"" [이데일리 김한영 기자] 조응천 전 의원이 개혁신당 간판으로 경기지사에 출마한다. 더불어민주당 비이재명계 모임인 ‘원칙과 상식’ 의원들이 10일 국회에서 탈당 기자회견을 준비하고 있다. 왼쪽부터 이원욱, 김종민, 조응천 의원.(사진=연합뉴스) 조 전 의원은 27일 자신의 사회관계망서비스(SNS)에서 “아주 오래 망설였고, 많이 고민했다”며 “도저히 손이 가지 않는 기득권 양당 후보 말고 정말 찍고 싶은 사람은 저밖에 없다”며 출마를 선언했다. 그는 이어 “말로만 민생을 떠들어 대는 거대 양당이 싸우는 동안 1400만 경기 도민은 ‘서울을 감싸는 계란 흰자’의 삶을 강요당했다”고 지적했다. 그러면서 “민주당 의원도 해봤고, 보수 정권에서 역할도 했다”며 “그래서 무엇이 문제이고, 어디서 막히는지, 왜 바뀌지 않는지 잘 안다고 자부한다”고 강조했다. 또 “조응천이 경기도지사에 출마한다”며 “저 조응천이 하겠다”고 목소리를 높였다. 조 전 의원은 박근혜 청와대 시절 공직기강비서관을 지낸 뒤 20대 총선에서 더불어민주당에 입당해 경기 남양주갑에서 재선을 지냈다. 그는 친명계(親이재명)와 대립하다 22대 총선을 앞두고 민주당을 탈당해 개혁신당에 합류했다. 이후 개혁신당 소속으로 경기 남양주갑에 출마해 낙선한 바 있다. 조 전 의원의 출마로 경기지사 선거는 더불어민주당·국민의힘과 3파전 구도가 형성됐다. 이 때문에 정치권에서는 개혁신당과 국민의힘 간 연대 가능성도 제기된다. 앞서 송석준 의원은 지난 23일 “조 전 의원이 보수 연대에 관심이 있다고 했다”며 “이준석 대표와도 공감을 많이 하고 있다고 했다”고 말했다.",이데일리,정치,https://n.news.naver.com/mnews/article/018/0006267177?sid=162
[기고]김태준의 美·이란戰 중계 <25> “이제 바다는 공짜가 아니다”…트럼프의 해양패권과 동맹의 계산서,"호르무즈 봉쇄와 역봉쇄 이후 글로벌 해양질서 변화에 대한 상상도. 김태준 한반도안보문제연구소장 AI그림 프롤로그: 전쟁은 끝나지 않았다, 청구서가 도착했을 뿐이다 협상은 시작도 되기 전에 끝났다. 2026년 4월, 파키스탄 이슬라마바드에서 예정됐던 미국과 이란의 2차 협상은 무산됐다. 이란은 협상 재개의 조건으로 해상 봉쇄 해제를 요구했고, 도널드 트럼프 미국 대통령은 평화협정 체결 전까지 봉쇄를 유지하겠다고 맞섰다. 이란이 “목을 조르는 손을 먼저 풀라”고 요구하자, 트럼프는 사실상 “목줄은 그대로 둔채 항복 조건을 논하자”고 답했다. 트럼프는 직접 협상단 방문 취소를 발표하며 다음과 같이 말했다. “우리는 모든 카드를 가지고 있고, 그들은 아무것도 없다(We have all the cards. They have nothing).” 이 한 문장은 지금 중동 질서의 주도권이 누구에게 있는가를 여실히 보여준다. 트럼프는 협상이 깨졌다고 보지 않는다. 오히려 협상이 자신에게 유리하게 재설계되고 있다고 본다. 대화를 원한다면 이란이 먼저 전화해야 한다는 것이다. 트럼프는 BBC 인터뷰에서 “동맹국의 도움이 필요하지는 않았지만, 그들이 개입하는지 확인하고 싶었다”고 말했다. 이어 “우리는 아무도 필요하지 않았다”고 덧붙였다. 이것은 자신감이 아니라 동맹 검증이었다. 누가 실제로 미국과 함께 움직이고, 누가 비용을 분담할 준비가 돼 있는가를 시험한 것이다. 피터 헤그세스 미국 국방장관은 이를 더 직설적으로 표현했다. “무임승차는 끝났다.” 미국은 더 이상 무료로 세계를 지켜주는 경비원이 아니며, 호르무즈 해협의 안전도 이제는 모두 비용이 청구된다는 뜻이다. 이란 선박에 대한 역봉쇄는 호르무즈를 넘어 전 세계 바다로 확대되고 있다. 호르무즈 해협은 세계 원유 해상 운송량의 약 20%가 통과하는 에너지의 동맥이다. 과거 이란은 TIB(Threat in Being), 즉 존재 자체로 작동하는 위협으로 시장을 흔들었다. 그러나 지금 트럼프는 해협 역봉쇄와 글로벌 해상 통제를 통해 그 위협의 소유권을 빼앗으려 한다. 이번 충돌의 본질은 군사행동이 아니다. 그것은 비용의 정치다. 누가 질서를 만들고, 누가 그 비용을 낼 것인가. 지금 세계는 바로 그 질문 앞에 서 있다. 트럼프가 만드는 MAGA의 해양질서에 대한 상상도. 김태준 한반도안보문제연구소장 AI 그림 I. MAGA의 바다: 트럼프는 왜 이란의 목줄을 조이는가 트럼프를 지지하는 미국인들에게 이번 대이란 압박은 단순한 중동 군사작전이 아니다. 그것은 미국이 다시 강해지고 있다는 증명이며, 흔들렸던 패권의 복원이다. 그들에게 이란은 단순한 적국이 아니라 미국의 힘을 시험하는 상징적 존재다. 트럼프 정치의 핵심은 언제나 같다. ‘아메리카 퍼스트(America First)’, 그리고 ‘미국을 다시 위대하게(MAGA·Make America Great Again)’이다. 미국은 더 이상 세계의 무료 경비원이 아니며, 미국의 힘은 미국의 이익을 위해 사용돼야 한다는 것이다. 이 관점에서 중동은 민주주의를 수출하는 공간이 아니라, 미국의 에너지 질서와 해양 패권을 지켜야 하는 전략 공간이다. 호르무즈 해협은 그 상징이다. 이 좁은 해협은 단순한 해상교통로가 아니다. 이곳은 세계 경제의 혈관이며, 미국 패권의 신경이다. 이 해협을 누가 통제하는가는 중동의 문제가 아니라 달러 질서와 글로벌 공급망 전체의 문제다. 이란은 오랫동안 이 공간에서 ‘비대칭 전략’을 사용해 왔다. 전통적인 해군력에서는 미국에 상대가 되지 않지만, 기뢰, 고속정, 해안미사일, 드론, 그리고 무엇보다 “언제든 해협을 닫을 수 있다”는 공포를 통해 훨씬 큰 전략적 효과를 만들어냈다. 이것이 바로 ‘현존 위협(Threat in Being·TIB)’이다. TIB의 핵심은 실제 행동이 아니라 존재 자체가 위협이 되는 것이다. 해협을 실제로 봉쇄하지 않아도, 봉쇄할 수 있다는 믿음만으로 보험료는 오르고 유가는 흔들리며 시장은 불안해진다. 이란은 오랫동안 이 힘으로 세계를 상대해 왔다. 그러나 트럼프는 이 질서를 뒤집으려 한다. 그는 이란의 TIB를 무력화하고, 미국의 ‘능동적 현존함대(AFIB·Active Fleet in Being)’를 전면에 내세운다. AFIB는 단순히 존재하는 힘이 아니다. 존재가 아니라 현장에서 실제 집행되는 힘이다. 항모강습단, 상륙강습단, 해상봉쇄, 역봉쇄, 항만 접근 제한은 모두 “언제든 실행된다”는 현실적 압박이다. 트럼프의 해협 역봉쇄는 바로 이 AFIB의 실전 적용이다. 이란이 “닫을 수 있다”는 위협으로 시장을 흔들었다면, 트럼프는 “우리가 열지 않으면 아무도 지나가지 못한다”는 현실적 통제로 응답하고 있다. 위협의 주도권이 이동하고 있는 것이다. 이것은 단순한 군사작전이 아니다. 그것은 해양 패권의 선언이다. 누가 바다를 지배하는가가 아니라, 누가 흐름의 비용을 결정하는가의 문제다. 트럼프에게 중요한 것은 이란을 무너뜨리는 것이 아니라, 미국이 여전히 규칙을 정하는 나라라는 사실을 증명하는 것이다. 미국을 다시 위대하게 만든다는 것은 과거의 영광을 회복하는 것이 아니다. 바다의 규칙을 다시 쓰고, 그 비용을 다른 나라들에게 청구하는 것이다. 트럼프는 지금 바로 그것을 하고 있다. 미국 언론의 트럼프 대통령 비판에 대한 상상도. 김태준 한반도안보문제연구소장 AI그림 II. 왜 언론은 트럼프를 비판하는가: 대통령의 승리가 아니라 시스템 위기 트럼프를 지지하는 사람들에게 이번 대이란 압박은 강한 미국의 귀환이다. 그러나 미국의 주요 언론과 정책 엘리트 상당수는 전혀 다르게 본다. 그들에게 문제는 이란이 아니라 트럼프 자신이다. 더 정확히 말하면, 대통령 개인의 힘이 헌정질서를 넘어서는 순간에 대한 두려움이다. 미국 언론은 단순한 보도기관이 아니다. 각각은 서로 다른 국가철학을 반영하는 정치적 공간이다. 따라서 같은 사건을 두고도 완전히 다른 해석이 나온다. 진보 성향의 CNN, 뉴욕타임스, MSNBC는 이번 사안을 민주주의와 헌정질서의 문제로 본다. 트럼프가 의회의 명시적 승인 없이 사실상 전쟁 수준의 군사행동을 확대하고 있으며, 예방전쟁의 법적 정당성도 약하다고 비판한다. 국제법과 국내 헌법 질서를 동시에 흔들고 있다는 점을 강조한다. 중도 성향의 로이터(Reuters), AP, 블룸버그(Bloomberg)는 보다 냉정하다. 그들은 이념보다 시장을 본다. 유가 상승, 공급망 충격, 동맹국 불안, 금융시장 변동성을 중심으로 평가한다. 이들에게 중요한 것은 “트럼프가 옳은가”가 아니라 “이 정책이 얼마나 비싼가”이다. 보수 성향의 폭스뉴스(Fox News)와 월스트리트 저널(Wall Street Journal)은 기본적으로 이란 압박의 필요성을 인정한다. 억지력 회복과 전략적 주도권 확보라는 측면에서는 트럼프의 강경함을 지지한다. 그러나 무제한 지지는 아니다. 물가 상승과 장기전 피로감, 중산층 부담이 커지는 순간 보수층 역시 흔들린다. 흥미로운 점은 보수 언론조차 완전히 일방적이지 않다는 사실이다. 강한 대통령은 환영하지만, 끝없는 비용 청구는 원하지 않는다. “미국을 다시 강하게”와 “내 생활비가 왜 올라가야 하는가” 사이에서 현실적인 긴장이 발생한다. 트럼프를 향한 가장 본질적인 비판은 대통령 권한의 문제다. 그는 의회의 승인 없이 군사행동을 확대했고, 동맹과의 충분한 협의 없이 해상질서를 재편하려 한다. 미국 헌정 체제는 대통령이 강한 나라지만, 동시에 그 힘을 견제하는 시스템 위에 서 있다. 미국 언론은 대통령이 강해지는 것보다 대통령이 통제되지 않는 것을 더 두려워한다. 그들에게 중요한 것은 ‘강한 지도자’가 아니라 ‘제도를 지키는 지도자’다. 그래서 트럼프의 성공은 곧 시스템의 실패로 읽힌다. 미국 언론 성향 분석. 김태준 한반도안보문제연구소장 AI 그림 또 하나의 문제는 규범의 붕괴다. 미국은 스스로를 단순한 제국이 아니라 규칙을 만드는 국가라고 이해해 왔다. 그런데 해상 봉쇄를 무기한 유지하고, 동맹에게 사실상 청구서를 보내는 트럼프 방식은 미국이 주장해 온 자유주의 국제질서와 충돌한다. 유럽 언론이 특히 불안해하는 이유도 여기에 있다. 미국이 국제규범의 수호자가 아니라 규칙을 자기 편의대로 재설계하는 국가가 된다면, 중국과 러시아를 비판할 도덕적 기반 역시 약해진다. 결국 미국 언론의 비판은 단순한 반트럼프 정서가 아니다. 이것은 미국이 무엇으로 유지되는가에 대한 질문이다. 힘인가, 제도인가, 가치인가. 트럼프는 분명히 답을 내렸다. 그는 힘을 선택했다. 그러나 미국 언론은 묻고 있다. 힘이 질서를 만들 수는 있어도, 과연 그것이 미국을 유지할 수 있는가. 미국인의 대통령 평가 기준이 자동차 기름값이란 것에 대한 상상도. 김태준 한반도안보문제연구소장 AI그림 III. 미국인은 이란보다 주유소 가격을 본다 시장은 영웅보다 안정성을 원한다. 정치는 신념으로 움직이지만, 선거는 지갑으로 결정된다. 트럼프가 아무리 강한 대통령의 이미지를 구축하더라도, 미국 유권자들이 매일 체감하는 것은 전장이 아니라 주유소의 가격표다. 국제정치의 승패는 결국 생활비에서 판가름난다. 미국의 보수 유권자들은 강한 지도자를 선호한다. 특히 이란처럼 오랫동안 미국의 적으로 인식된 국가를 강하게 압박하는 모습은 상당한 정치적 지지를 만든다. 그러나 그 지지가 지속되기 위한 조건은 분명하다. 자신의 삶이 더 나빠지지 않아야 한다는 것이다. 호르무즈 해협은 세계 원유 해상 운송량의 약 20%가 지나가는 공간이다. 이곳의 긴장은 곧바로 국제유가로 연결된다. 공습 직후 국제 유가는 급등했고, 해협 역봉쇄가 장기화될 가능성이 커지면서 시장은 다시 불안정해졌다. 골드만삭스와 JP모건 등 주요 금융기관들은 배럴당 150달러 가능성까지 경고하고 있다. 국제유가가 중요한 이유는 곧 휘발유 가격이기 때문이다. 미국 중산층에게 휘발유 가격은 추상적인 경제지표가 아니라 매일 직접 지불해야 하는 현실이다. 갤런당 가격이 오르는 순간 대통령에 대한 평가도 함께 흔들린다. 트럼프의 강경한 대외정책이 처음에는 애국적 결단처럼 보일 수 있다. 그러나 자동차를 매일 운전하는 미국 중산층에게는 “이란을 압박했다”는 뉴스보다 “기름값이 또 올랐다”는 사실이 훨씬 중요하다. 외교적 승리보다 지갑의 손실이 더 강하게 기억된다. 문제는 여기서 끝나지 않는다. 유가 상승은 곧 물가 상승으로 이어진다. 물류비와 식료품 가격이 오르고 항공 운임과 생활비 전반이 흔들린다. 인플레이션이 다시 살아나는 순간 소비는 위축되고 투자 심리는 냉각된다. 주식시장 역시 같은 논리로 움직인다. 월가는 영웅보다 안정성을 선호한다. 갑작스러운 공습, 협상 취소, 해상 봉쇄 확대는 모두 시장이 가장 싫어하는 변수다. 다우지수와 S&P500의 변동성이 커지는 이유도 여기에 있다. 실업률 문제도 뒤따른다. 제조업은 원가 상승 압박을 받고, 운송업과 항공업은 연료비 부담으로 수익성이 악화된다. 소비심리가 위축되면 서비스업과 유통업도 직접적인 타격을 받는다. 결국 외교정책의 비용은 고용시장으로 내려온다. 폭스뉴스(Fox News)조차 이 지점에서는 매우 민감하다. 보수 언론도 강한 대통령은 원하지만, 생활비가 무너지는 대통령은 원하지 않는다. MAGA와 현실경제가 충돌하는 순간이다. 트럼프가 가장 두려워하는 것도 바로 이것이다. 이란의 미사일이 아니라 미국 유권자의 생활비다. 외교적 승리를 자랑할 수는 있어도, 인플레이션과 휘발유 가격 앞에서는 선거가 흔들린다. 미국인은 이란이 싫어서 투표하지 않는다. 자기 지갑이 아파서 투표한다. 이 단순한 사실이야말로 트럼프의 해양 패권 전략이 반드시 넘어야 할 가장 현실적인 벽이다. 트럼프의 지원 요청에 각국이 냉담한 반응을 보인 것에 대한 상상도. 김태준 한반도안보문제연구소장 AI 그림 IV. 왜 세계는 트럼프를 따라오지 않는가: 동맹은 계산으로 움직인다 트럼프는 묻는다. 왜 아무도 함께 싸우지 않는가. 그의 시각에서 보면 질문은 정당하다. 호르무즈 해협은 세계 에너지의 동맥이고, 미국은 그 질서를 유지하기 위해 군사력과 정치적 비용을 감당하고 있다. 그런데 유럽도, 나토(NATO·북대서양조약기구)도, 한국과 일본도 적극적으로 군함을 보내지 않는다. 미국이 피를 흘리는데 왜 동맹은 계산기만 두드리고 있는가. 이것이 트럼프의 분노다. 그러나 동맹국들의 시각은 다르다. 그들은 묻는다. 왜 우리가 당신의 전쟁 비용을 대신 내야 하는가. 바로 여기에서 동맹의 균열이 시작된다. 유럽의 주요 언론들은 이번 사태를 “미국의 정의로운 응징”이 아니라 “패권의 비용 외주화”로 본다. BBC와 파이낸셜타임스(Financial Times)는 미국의 일방주의와 동맹 피로감을 강조하고, 독일과 프랑스 언론은 트럼프가 동맹을 보호하는 것이 아니라 청구서를 보내고 있다고 평가한다. 중동 언론도 냉정하다. 알자지라(Al Jazeera)와 알아라비야(Al Arabiya)는 이를 이란 압박이 아니라 지역 전체의 불안정 확대라고 본다. 해상 봉쇄는 결국 모든 국가의 물가와 에너지 가격을 흔들기 때문이다. 아시아 역시 다르지 않다. 일본과 한국은 공급망 충격, 해상보험 급등, 에너지 수입 불안에 더 집중한다. 미국의 전략적 성공보다 각국 경제가 감당해야 할 비용이 더 현실적이다. 나토가 적극적으로 따라오지 않는 이유는 분명하다. 첫째, 유럽은 이미 러시아·우크라이나 전쟁으로 지쳐 있다. 탄약 부족, 재정 부담, 정치적 피로가 누적된 상황에서 또 하나의 중동 전쟁은 감당하기 어렵다. 둘째, 많은 유럽 지도자들은 이번 위기를 나토의 공동전쟁이 아니라 ‘트럼프의 전쟁’으로 본다. 정권이 바뀌면 미국은 언제든 방향을 바꿀 수 있는데 왜 유럽이 먼저 책임을 져야 하는가. 이것은 매우 현실적인 계산이다. 셋째, 군함을 보내는 순간 그 국가는 더 이상 중립이 아니다. 유조선 공격, 드론 타격, 사이버 보복의 직접 대상이 된다. 독일과 프랑스는 이 비용을 매우 구체적으로 계산한다. 한국과 일본의 계산은 더욱 복잡하다. 한국은 한미동맹과 에너지 안보 때문에 미국의 요청을 완전히 무시할 수 없다. 그러나 대중국 경제 의존, 중동 원유 의존, 북한 변수, 국내 정치 부담이 너무 크다. 그래서 기본 전략은 분명하다. 돕되, 전면 참여는 피한다. 일본 역시 헌법적 제약과 국내 여론 때문에 공개적 군사개입보다 제한적 정보지원과 후방 지원을 선호한다. 트럼프는 충성을 요구하지만, 국가들은 비용을 계산한다. 이것이 국제정치의 현실이다. 동맹은 가치 공동체이지만 동시에 이해관계의 계약이다. 실제로 군함을 보내는 것은 이상이 아니라 계산서다. 그래서 세계는 트럼프의 리더십보다 그의 청구서를 더 두려워한다. 미국은 여전히 가장 강한 나라다. 그러나 강하다는 것과 함께 가고 싶다는 것은 전혀 다른 문제다. 호르무즈보다 더 깊은 균열은 바다 위가 아니라 동맹 내부에서 이미 시작되고 있다. 트럼프의 비용 청구서에 대한 상상도. 김태준 한반도안보문제연구소장 AI 그림 V. 바다는 공짜가 아니다:  트럼프의 비용 청구서 트럼프 시대 미국 외교를 가장 압축적으로 설명한 사람은 국방장관 피터 헤그세스다. 그의 발언은 단순한 정책 설명이 아니라 선언이었다. “무임승차 시대는 끝났다(The era of free rides is over).” 이 한 문장은 이번 중동 위기의 본질을 드러낸다. 많은 사람들은 이를 나토 방위비 분담 요구로 이해하지만, 실제 의미는 훨씬 크다. 이것은 방위비가 아니라 세계질서 유지 비용 전체에 대한 청구서다. 미국은 오랫동안 세계의 무료 경비원처럼 행동해 왔다. 호르무즈 해협의 안전, 홍해 항로 보호, 유럽 방공망, 대만해협 억제, 글로벌 에너지 공급망 안정은 모두 미국 해군력과 전략적 개입 위에 유지됐다. 동맹국들은 그 혜택을 누렸지만 비용의 상당 부분은 미국이 부담했다. 트럼프는 이 구조를 불공정하다고 본다. 미국이 피를 흘리고 돈을 쓰는데 다른 나라들은 값싼 석유와 안전한 항로를 당연하게 누린다는 것이다. MAGA의 시각에서 이것은 동맹이 아니라 착취다. 그래서 헤그세스의 발언은 단순한 수사가 아니다. 그것은 전략적 통보다. 이제부터는 비용이 청구된다. 더 중요한 것은 이란 선박에 대한 역봉쇄의 글로벌 확대다. 그는 이란 관련 해상운송이 전 세계 바다에서 도전받게 될 것이라고 분명히 했다. 이는 단순한 호르무즈 봉쇄가 아니라 사실상 글로벌 리버스 블록케이드(Global Reverse Blockade), 즉 글로벌 역봉쇄의 시작이다. 지중해, 홍해, 인도양, 아라비아해, 동남아 해상교통로까지 이란 관련 선박은 어디서든 추적, 보험 제한, 항만 접근 제한, 금융 제재의 대상이 될 수 있다. 해군작전이면서 동시에 경제전쟁이다. 문제는 이것이 이란만의 문제가 아니라는 점이다. 한 번 특정 국가의 해상 생명선을 전 세계적으로 차단할 수 있다는 선례가 만들어지면, 다음 대상은 언제든 바뀔 수 있다. 중국, 러시아, 유럽이 모두 이 점을 경계하는 이유다. 세계가 두려워하는 것은 이란이 아니라 선례다. 한국에게 이 메시지는 더욱 직접적이다. 한국은 에너지 수입국이자 해상무역국가이며 동맹 의존 국가다. 미국이 해양질서를 재설계하면 참여하지 않아도 비용은 청구된다. 따라서 질문은 참여 여부가 아니다. 어떤 방식으로 참여할 것인가가 진짜 전략이다. 트럼프는 동맹에게 충성을 요구하지 않는다. 그는 비용을 요구한다. 그리고 헤그세스는 그 청구서를 읽어주는 사람이다. 과거 미국은 “우리가 지켜줄 테니 따라오라”고 말했다. 지금의 트럼프는 다르게 말한다. “우리가 질서를 만들 테니, 당신도 비용을 내라.” 이것이 MAGA 외교의 본질이다. 바다는 더 이상 공짜가 아니다. 청해부대를 이용한 한국의 선택에 대한 상상도. 김태준 한반도안보문제연구소장 AI그림 VI. 한국의 선택: 참여 여부가 아니라 참여 방식의 문제 한국에게 호르무즈 해협은 먼 나라, 중동의 분쟁이 아니다. 그것은 곧 한국의 생존 문제다. 세계 원유 해상 운송량의 약 20%가 통과하는 이 좁은 해협에서 긴장이 높아질 때마다 가장 먼저 흔들리는 것은 한국의 에너지 안보다. 한국은 대표적인 해상무역국가이자 에너지 수입국이다. 원유와 LNG의 상당 부분이 중동에서 들어오고, 그 흐름이 막히는 순간 산업과 물가, 금융시장 전체가 동시에 충격을 받는다. 호르무즈는 지도 위의 먼 해협이 아니라 우리의 주유소 가격과 산업, 생활비와 직접 연결된 공간이다. 동시에 한국은 한미동맹의 핵심 당사자다. 미국이 해양질서를 재설계하는 순간 한국은 완전히 바깥에 설 수 없다. 특히 트럼프식 질서에서는 중립이라는 선택지가 거의 없다. 참여하지 않아도 비용은 청구된다. 따라서 질문은 군함을 보낼 것인가가 아니다. 진짜 질문은 어떤 방식으로 참여할 것인가이다. 여기서 중요한 개념이 AFIB, 즉 ‘능동적 현존함대(Active Fleet in Being)’이다. 필자가 강조해 온 이 개념은 단순한 함대보유 또는 먼 곳에 있는 존재가 아니라 현장에서 실제 집행되는 힘을 의미한다. 실제로 그 공간에 존재하며 질서 형성에 참여하는 전략이다. 소말리아 파병 청해부대의 의미도 여기에 있다. 단순한 호송 임무가 아니다. 한국이 그 공간에 존재한다는 사실 자체가 전략적 메시지다. 직접 교전에 참여하지 않더라도, 질서가 형성되는 현장에 있어야 발언권이 생긴다. 호르무즈에서는 누가 옳은가보다 누가 그 자리에 있는가가 더 중요하다. 바다에서는 부재가 곧 영향력의 상실이다. 물론 현실은 복잡하다. 대중국 경제 의존, 북한 변수, 국내 정치 부담 때문에 미국의 요구를 무조건 따를 수도, 완전히 거부할 수도 없다. 그래서 필요한 것은 냉철한 국가이익에 기반한 전략이다. 첫째, 에너지 안보를 군사안보와 분리해서 볼 수 없다. 호르무즈는 경제 문제가 아니라 국가안보다. 둘째, 동맹 참여를 단순한 파병 논리로 축소해서는 안 된다. 정보공유, 해상감시, 소해 지원, 후방지원 등 다양한 방식의 전략적 참여가 가능하다. 셋째, 한국은 따라가는 동맹이 아니라 설계에 참여하는 동맹이 돼야 한다. 미국이 만든 계산서를 받는 나라가 아니라, 어떤 질서를 만들 것인지 함께 논의하는 위치를 확보해야 한다. 트럼프는 동맹에게 선택이 아니라 책임을 요구한다. 그리고 그 책임은 전략적 존재로 증명된다. 호르무즈는 중동의 문제가 아니다. 그곳은 한국의 에너지 안보가 시작되는 장소이며, 동시에 동맹정치가 시험받는 공간이다. 이제 한국이 답해야 할 질문은 하나다. 우리는 그 바다의 바깥에 설 것인가, 아니면 그 질서를 함께 만드는 쪽에 설 것인가. 트럼프가 구축하는 새로운 해양질서에 대한 상상도. 김태준 한반도안보문제연구소장 AI 그림 에필로그: 흐름의 비용을 정하는 자가 질서를 만든다 이번 전쟁은 새로운 형태의 전쟁을 보여준다. 호르무즈 해협은 그 현실을 가장 선명하게 드러내는 공간이다. 세계 원유의 약 20%가 지나가는 이 좁은 바닷길은 단순한 해상교통로가 아니라 글로벌 경제의 동맥이며 국제질서의 급소다. 중요한 것은 땅을 점령하는 것이 아니라 흐름을 멈추거나 열어줄 수 있는 힘이다. 과거 이란은 TIB(Threat in Being), 즉 존재 자체로 작동하는 위협으로 세계를 흔들었다. 실제로 해협을 닫지 않아도 “언제든 닫을 수 있다”는 가능성만으로 유가를 움직이고 시장을 불안하게 만들었다. 그러나 지금은 달라졌다. 트럼프는 해협 역봉쇄와 글로벌 해상 통제를 통해 그 위협의 소유권을 빼앗으려 한다. 이것은 단순한 군사작전이 아니라 누가 바다의 규칙을 정하는가에 대한 선언이다. 그는 동맹에게 충성이 아니라 비용을 요구한다. 무임승차의 시대는 끝났다. 이제 미국은 세계의 무료 경비원이 아니며, 질서를 유지하는 비용은 모두에게 청구된다. 그래서 세계는 군함보다 청구서를 더 두려워한다. 유럽은 비용 강요를 경계하고, 아시아는 공급망과 물가 충격을 걱정한다. 한국 역시 이미 그 질서의 일부다. 중요한 것은 어떤 방식으로 참여할 것인가이다. 한국은 에너지 수입국이며 해상무역국가다. 호르무즈는 남의 바다가 아니라 우리의 주유소 가격이고 우리의 산업이며 우리의 안보다. AFIB의 핵심도 여기에 있다. 먼 항구에서 존재가 아니라 현장에서 실제 집행되는 힘, 직접 싸우지 않더라도 그 공간에 존재함으로써 질서 형성에 참여하는 전략이다. 결국 21세기의 해양패권은 점령이 아니라 해양 흐름이 통제다. 누가 바다를 지배하는가가 아니라, 누가 흐름의 비용을 결정하는가가 진짜 힘이다. 트럼프는 지금 그 질서를 만들고 있다. 그리고 한국은 답해야 한다. 그 청구서를 단순히 받을 것인가, 아니면 질서를 함께 설계하는 쪽에 설 것인가. 호르무즈 봉쇄와 역봉쇄를 통해 세계 해양질서는 이미 바뀌고 있다. 글 : 김태준 한반도안보문제연구소장·국방대 명예교수",문화일보,정치,https://n.news.naver.com/mnews/article/021/0002787481?sid=100
‘1심 무기징역’ 윤석열 내란 우두머리 항소심 오늘 시작···내란전담재판부 심리,"박성재 ‘내란 가담·김건희 수사 무마’ 1심 결심도 윤석열 전 대통령이 지난 2월19일 서울중앙지법에서 열린 12·3 비상계엄 관련 내란 우두머리 혐의 1심 선고공판에 출석해 변호인과 대화하며 웃고 있다. 서울중앙지법 제공 윤석열 전 대통령의 12·3 불법계엄 관련 내란우두머리 혐의 항소심이 27일 시작된다. 2심 재판은 서울고법 내란전담재판부 심리로 이뤄진다. 서울고법 형사12-1부(재판장 이승철)는 이날 오후 2시 윤 전 대통령과 불법계엄 당시 군·경 수뇌부 7명에 대한 2심 첫 공판준비기일을 연다. 지난 2월19일 1심 판결 선고가 내려진 지 67일만이다. 공판준비기일은 정식 재판에 앞서 검찰과 피고인 측 입장을 정리하고 입증계획을 논의하는 절차로, 피고인의 출석 의무는 없다. 윤 전 대통령도 이날 준비기일에는 출석하지 않을 전망이다. 재판부는 2차 공판준비기일을 다음 달 7일로 정했다. 매주 목요일에 공판기일을 열기로 하고, 오는 7월까지 10차례 넘는 기일을 지정해뒀다. 윤 전 대통령은 김용현 전 국방부 장관 등과 공모해 국가권력을 배제하고 국헌을 문란하게 할 목적으로 12·3 불법계엄을 선포한 혐의를 받는다. 계엄군과 경찰을 동원해 국회를 봉쇄한 뒤 비상계엄 해제 의결을 방해하고, 주요 정치인과 중앙선거관리위원회 직원들을 체포 및 구금하려 했다는 혐의도 있다. 앞서 1심을 심리한 서울중앙지법 형사합의25부(당시 재판장 지귀연)는 윤 전 대통령의 혐의 대부분을 인정하며 무기징역을 선고했다. 내란 중요임무 행사 등 혐의를 받는 김 전 장관에겐 징역 30년, 노상원 전 국군정보사령관에겐 징역 18년을 선고했다. 지난 20일 오전 서울 서초구 서울중앙지방법원에서 박성재 전 법무부 장관이 내란중요임무종사자 등 계엄 가담 의혹 혐의로 공판에 출석하고 있다. 사진공동취재단 박성재 전 법무부 장관의 내란 가담 및 김건희 여사 수사무마 혐의 1심 재판도 이날 마무리된다. 서울중앙지법 형사합의33부(재판장 이진관)는 이날 오전 10시부터 박 전 장관의 내란 중요임무 종사 및 직권남용 권리행사방해 등 혐의, 이완규 전 법제처장의 국회증언감정법 위반 혐의 결심공판을 연다. 박 전 장관은 불법계엄 선포 후 법무부 실·국장 회의를 소집하고 합동수사본부 검사 파견 검토 등을 통해 윤 전 대통령의 내란 범죄에 가담한 혐의 등을 받는다. 이 전 처장은 2024년 12월11일 국회 법제사법위원회에 출석해 불법계엄 이튿날 이뤄진 ‘안가 회동’에서 계엄 관련 논의가 없었다는 취지로 허위 증언한 혐의를 받는다.",경향신문,정치,https://n.news.naver.com/mnews/article/032/0003442220?sid=100
윤석열 '내란 우두머리' 2심 오늘 시작…'무기징역' 선고 67일 만,"'내란 우두머리' 혐의 윤석열 1심 무기징역 선고/ 사진=연합뉴스 윤석열 전 대통령의 12·3 비상계엄 관련 내란우두머리 혐의 항소심이 오늘(27일) 시작됩니다. 지난 2월 19일 1심 판결 선고가 내려진 지 67일 만입니다. 2심 재판은 서울고법 내란전담재판부 심리로 이뤄집니다. 서울고법 형사12-1부(이승철 조진구 김민아 고법판사)는 이날 오후 2시 윤 전 대통령과 비상계엄 당시 군·경 수뇌부 7명에 대한 2심 첫 공판준비기일을 엽니다. 공판준비기일은 정식 재판에 앞서 검찰과 피고인 측 입장을 정리하고 입증계획을 논의하는 절차로, 피고인의 출석 의무는 없습니다. 윤 전 대통령 역시 이날 준비기일에는 출석하지 않을 전망입니다. 재판부는 2차 공판준비기일을 내달 7일로 정했습니다. 이어 매주 목요일에 공판기일을 열기로 하고, 오는 7월까지 10차례 넘는 기일을 지정해뒀습니다. 윤 전 대통령은 김용현 전 국방부 장관 등과 공모해 국가권력을 배제하고 국헌을 문란하게 할 목적으로 12·3 비상계엄을 선포해 폭동을 일으킨 혐의를 받습니다. 계엄군과 경찰을 동원해 국회를 봉쇄한 뒤 비상계엄 해제 의결을 방해하고, 주요 정치인과 중앙선거관리위원회(선관위) 직원들을 체포 및 구금하려 했다는 혐의도 있습니다. 앞서 1심을 심리한 서울중앙지법 형사합의25부(당시 지귀연 부장판사)는 윤 전 대통령의 혐의 대부분을 인정하며 무기징역을 선고했습니다. 내란 중요임무 행사 등 혐의를 받고 있는 김 전 장관에겐 징역 30년, 노상원 전 국군정보사령관에겐 징역 18년을 선고했습니다. 조지호 전 경찰청장은 징역 12년, 김봉식 전 서울경찰청장은 징역 10년, 목현태 전 서울경찰청 국회경비대장은 징역 3년을 각각 선고받았습니다. 다만 김용군 전 제3야전군사령부 헌병대장(대령)과 윤승영 전 경찰청 국가수사본부 수사기획조정관에게는 내란을 공모했다고 볼 증거가 부족해 무죄가 선고됐습니다. 법원 향하는 박성재 전 법무부장관/ 사진=연합뉴스 박성재 전 법무부 장관의 '내란 가담 및 김건희 수사무마' 혐의 1심 재판도 이날 마무리됩니다. 서울중앙지법 형사합의33부(이진관 부장판사)는 이날 오전 10시부터 박 전 장관의 내란 중요임무 종사 및 직권남용 권리행사방해 등 혐의, 이완규 전 법제처장의 국회증언감정법 위반 혐의 결심공판을 엽니다. 결심공판에서는 조은석 내란특검팀의 구형에 이어 피고인 측 최종변론과 최후진술이 이뤄질 예정입니다. 박 전 장관은 비상계엄 선포 후 법무부 실·국장 회의를 소집하고 합동수사본부 검사 파견 검토 등을 통해 윤 전 대통령의 내란 범죄에 순차적으로 가담한 혐의를 받습니다. 2024년 5월 김건희 여사로부터 검찰의 '디올백 수수의혹' 전담수사팀 구성과 관련한 문의를 받고 실무자에게 확인 및 보고를 지시한 혐의도 있습니다. 이 전 처장은 2024년 12월 11일 국회 법제사법위원회에 출석해 비상계엄 이튿날 이뤄진 '안가 회동'에서 계엄 관련 논의가 없었다는 취지로 허위 증언한 혐의를 받습니다.",MBN,정치,https://n.news.naver.com/mnews/article/057/0001946461?sid=100
"'평택' 홍기원 ""조국? 큰일났다, 텃세 심한 곳인데... 어부지리로 유의동 당선될 수도""","[YTN 라디오 장성철의 뉴스명당] ■ 방송 : FM 94.5 (07:15~09:00) ■ 방송일 : 2026년 04월 27일 (월) ■ 진행 : 장성철 공론센터 소장 ■ 대담 : 홍기원 더불어민주당 의원 - 트럼프 암살 시도, 보안상의 심각한 문제... 검색대 돌진 허용은 충격 - 美, 지금 극단적 대립 중... 트럼프가 정치적 양극화 심화시켜 - 이란, 본격적인 협상단 보낸 것 아냐... 美와 이중 봉쇄 해결이 관건 - 장동혁 방미, 윤석열의 '바이든-날리면'보다 더한 외교 참사 - 비서실장 만나고 차관보라니... 국격 떨어뜨리는 엄청난 외교 훼손 - 美 고위급은 야당 인사 안 만나... 외교 관례도 모르는 행태 - 쿠팡 리스크? 동의 불가... 쿠팡, 美에 과장된 정보로 강한 로비 중 - 정동영 '구성시' 발언, 미국이 기밀 정보로 오해했을 가능성 있어 - 조국 평택 출마 소식에 '이거 참 큰일 났다' 생각 들었다 - 정치 1번지 종로 아닌 평택... 잘못 공천하면 국힘에 어부지리 아래 텍스트는 실제 방송 내용과 차이가 있을 수 있으니 보다 정확한 내용은 방송으로 확인하시기를 바랍니다. [내용 인용 시 YTN 라디오 <장성철의 뉴스명당> 인터뷰 내용임을 밝혀주시기 바랍니다.] ◆ 장성철 : 의원님 평택에 지역구 갖고 계시잖아요? 평택을 누가 옵니까? 민주당 후보 누가 됩니까? ◇ 홍기원 : 아직 아무도 모르는데, 조국 대표가 평택을 지역에 출사표를 던지면서 지금 지역 내에서는 이렇게 얘기합니다. 대한민국의 정치 1번지가 종로가 아니라 평택으로 바뀐 것처럼 지금 많이 핫플레이스가 됐다. 이건 두 가지 측면이 있는데요. 하나는 소위 정치적으로 아주 전국적인 인물들이 온 거예요. 좋은 면일 수도 있지만 다른 한편에서는 평택이 상당히 좀 뭐랄까 지역 특색이 강하거든요. 보수적이고 또 여기가 수도권이기는 하지만 대표적인 도농 복합 지역입니다. 그렇게 해서... ◆ 장성철 : 미군 기지 있고. ◇ 홍기원 : 특히 '을' 지역은 동이 하나, 읍이 되게 맞아요. 면이 3개인 아주 대표적인 도농복합 지역이라서 그동안 평택에서는 국회의원 중에 평택 사람이 아닌데 당선된 사람은 평택 병의 김현정 의원 1명뿐입니다. ◆ 장성철 : 그럼 의원님께서는 위에서 누가 낙하산으로 오는 것보다 지역 활동을 하는 사람이 공천받는 게 좋다? ◇ 홍기원 : 지금 우리 평택의 많은 시민들이 그렇게 원하고 있습니다. 왜, 지역에 대해 평택 발전에 관심이 있고 평택의 현안들을 풀 수 있는 사람이 와야 되는데, 왜 평택과 전혀 관련이 없는 많은 사람들이 와서 이렇게 국회의원이 되겠다고 하느냐. ◆ 장성철 : 의원님께서는 그러면 지도부에 ""이런 사람이 괜찮겠다""라고 좀 추천을 하거나 의견을 개진한 건 있으세요? ◇ 홍기원 : 저는 지도부에 평택 시민들의 정서, 또 우리 당 지지자들의 그런 요구, 또 평택의 기존 정치 질서 이런 거에 대해서 설명은 많이 했습니다. 누가 될지 누가 올지는 지도부에서 이게 단순하게 평택 하나만 보고 지금 공천하는 상황이 아니잖아요. 지방선거 전체, 또 재보선 지역 10여 개, 이 전체의 향방, 또 조국 당과의 관계... 또 우리가 공천을 잘못하면 지금 진보당 와 있고 조국혁신당 와 있는데 민주당까지 하면 우리는 소위 민주 진보 세력은 3파전이 되는데, 지금 국민의힘은 어제 유의동 의원을 공천했거든요. 거기가 유의동 의원의 3선한 곳이고, 고향이 있는 곳이고 나름의 지지세가 있는 곳입니다. 그래서 잘못 공천하면 국민의힘이 어부지리할 수도 있는 이런 것까지를 종합적으로 고려해야 되는 상황이죠, ◆ 장성철 : 알겠습니다. 마지막 짧게 좀 답변해 주세요. 조국 대표가 거기 딱 출마한다고 했을 때 첫 느낌이 어떠셨어요? ""뭐야 왜 여기 왔어?"" 아니면 ""잘 왔네?"" ◇ 홍기원 : 이거 참 큰일 났다, 그런 생각이 많이 들었죠. 거기가 아까 말씀드린 대로 지금 국민의힘이 굉장히 당내 사정이 어렵기 때문에 우리가 아주 유리한 지역으로 보이지만, 본래는 한 50대 50 되는 곳이고 또 유의동이 연속해서 3선을 할 정도로 보수세가 센 곳입니다. 또 지역색도 세고 텃세도 심한 곳인데... 예, 그랬습니다. ◆ 장성철 : 알겠습니다. 의원님, 이게 당내 현안 문제도 다음에는 모셔가지고 자세하게 좀 여쭤보도록 하겠습니다. 오늘 나와주셔서 감사합니다. ◇ 홍기원 : 네, 고맙습니다.",YTN,정치,https://n.news.naver.com/mnews/article/052/0002346078?sid=100
"조갑제 ""'내란 혐의' 추경호? 장동혁, 尹 지령받아 공천했나...국힘, 공당 아닌 '작당","[YTN 라디오 장성철의 뉴스명당] ■ 방송 : FM 94.5 (07:15~09:00) ■ 방송일 : 2026년 04월 27일 (월) ■ 진행 : 장성철 공론센터 소장 ■ 대담 : 조갑제 조갑제닷컴 대표 - 부정선거 음모론은 정신질환… 믿는 '배운 무식자들' 엄중히 징계해야 - 황교안의 '중국 개입' 주장은 이중 거짓말… 전형적인 극우 논리이자 고질병 - 장동혁의 기괴한 방미, 제1야당 대표가 30대 비서실장 만난 건 지리멸렬한 실패 - 국힘은 이제 공당 아닌 '작당'이자 '타당'… 부끄러움도 몰라 - 음모론에 빠진 대통령은 윤석열·보우소나루·트럼프 3인… 참으로 위험한 망상 - 한동훈은 '야생마'… 부산 북구갑에 국힘 후보 내면 장동혁은 민주당 도우미 - 추경호와 김부겸의 대결? 대구 시민에 대한 예의가 아니며 정치의식 모독 - 장동혁, 윤석열과 절연한다더니 공천은 '윤허' 받은 듯… 특혜 공천의 연속 - 오세훈, 부산발 '동남풍' 타고 역전승 기회… 장동혁 노선과 확실히 선 그어야 - 정동영의 북핵 시설 확인은 경솔한 기밀 유출… 한미동맹 뿌리 흔드는 행위 - 북한, 이스라엘급 핵능력 완성… 조만간 한국을 '인질' 삼는 도발 펼칠 것 아래 텍스트는 실제 방송 내용과 차이가 있을 수 있으니 보다 정확한 내용은 방송으로 확인하시기를 바랍니다. [내용 인용 시 YTN 라디오 <장성철의 뉴스명당> 인터뷰 내용임을 밝혀주시기 바랍니다.] ◆ 장성철 : <장성철의 뉴스명당>, 두 번째 명당 인터뷰에서는요. 보수 논객 조갑제닷컴의 조갑제 대표님 모시고 여전히 활로를 찾지 못하는 국민의힘의 위기 상황 등 다양한 정치 현안에 대한 날카로운 분석과 대안 들어보도록 하겠습니다. 대표님 어서 오세요. ◇ 조갑제 : 네, 안녕하세요. ◆ 장성철 : 아니, 저 6시 한 20분쯤 왔는데 대표님 오셔가지고 막 메모하시면서 공부하시더라고요. 왜 이렇게 일찍 오셨어요? ◇ 조갑제 : <뉴스명당> 때문입니다. ◆ 장성철 : 아이고, 감사합니다. ◇ 조갑제 : 새벽에 불러주시니까 저는 혹시 차를 놓칠까 싶어서 공항 가는 기분으로 옵니다. 어떤 때는 2시간 먼저 와요. 그게 좋아요. 스타벅스도 밑에 있던데, 그래서 커피도 한잔하면서... ◆ 장성철 : 후배들이 좀 배워야 될 자세가 아닌가라는 생각이 들고요. 댓글에요, ""조갑제 대표님 존경합니다"" 이 댓글이 지금 엄청나요. ◇ 조갑제 : 욕하는 사람도 그만큼 많아요. ◆ 장성철 : 존경받는 비결 좀 알려주세요. ◇ 조갑제 : 저는 기자 생활하면서 꼭 하나를 놓치지 않았어요. 특종 하는 거, 특종 하는 욕심을 지금도 가지고 있습니다. ◆ 장성철 : 예, 그래서 존경받으시는 거예요. ◇ 조갑제 : 아니, 간단하죠. 뭐 운동선수들이 신기록 또는 금메달에 대한 욕심이 사라지면 운동 못 하는 거 하고 마찬가지고, 기자도 특종 욕심을 잊어버리면 기자로서는 끝나는 거죠. ◆ 장성철 : 알겠습니다. 대표님, 오늘 중앙일보 '조갑제 칼럼'에서 ""부정선거 음모론이란 정신질환 배운 무식자들을 징계해야 된다"" 이렇게 좀 질타를 하셨는데, 부정선거 음모론이 국민의힘과 보수파를 망쳤다고 보시는 건가요? ◇ 조갑제 : 그럴 수밖에 없는 게, 지금 여러 여론조사 종합하면은 한때 우리나라 국민들 성인들의 약 30%가 부정선거 음모론에 넘어갔거든요. 그런데 분포를 보면 진보층은 5%밖에 안 돼요. 그리고 보수층이 50%였고. 그다음에 국민의힘 당원들은 아마도 한 60% 되지 않을까 생각됩니다. 그래서 지금 장동혁 체제를 만들어낸 그 힘이 바로 60% 되는 부정선거 음모론자들에 의해서 이루어졌으니까, 장동혁 대표는 이런 식으로 행동을 해도 별로 불안감을 안 느낄 정도의 배경이 있다는 것 아니겠습니까? 그런데 이걸 이렇게 만든 가장 큰 책임 문제는 본인들도 있지만 보수 지식인들의 문제라고 생각합니다. 특히 언론, 교수, 뭐 이런 직종에 종사하는 사람들이 거기에 빠져가지고 부정선거 음모론이라고 해야 되는데 그 사람들이 '부정 선거 의혹'이라고 했다고요. 그런데 의혹은 언론 용어로는 80%의 사실일 가능성이 있는데 이게 확정이 없으니까 명예훼손으로 당하지 않을까 싶어서 일부러 의혹이라고 하는 거예요. 그건 이미 의혹이라고 하면 반 이상은 사실로... 근데 의혹이 아니잖아요. 거짓말이잖아요. 이걸로 해가지고 수많은 사람을 탈락시킨 겁니다. 이건 비극이고 여기서 보수가 헤어나는 데는 굉장히 시간이 많이 걸릴 거고요. ◆ 장성철 : 지금 평택을 예비후보로 활동하고 있는 황교안 전 대표에 대해서도 이 글에서 상당히 좀 질타를 하셨는데, 미국 방문에서 여러 가지로 좀 부정선거 음모론에 대해서 미국 행정부가 개입해야 된다 이런 식으로 주장한 것에 대해서도 상당히 문제 제기를 하셨습니다. ◇ 조갑제 : 요새 전국 길거리에 보면은 광고가 다 붙어 있잖아요. '자유와 혁신' 거기 보면은 중국 개입 부정선거라고 했잖아요. 부정선거 없잖아요. 그럼 중국 개입도 거짓말이잖아요. 이건 이중 거짓말입니다. 그리고 이거는 반중이라는 인종적 선동이라고 봐요. 거짓말로 어떤 민족 감정을 건드리는 거는 이건 전형적인 극우 논리인데, 그걸 국무총리가 아니라 대통령 권한대행까지 하신 분이 또 미국에 가서 트럼프 보고 한국의 부정선거 문제에 대해서 개입하라고 요구할 정도 같으면, 또 그 사람을 비판하는 사람들이 이렇게 적다면은 이거는 고질병입니다. 가장 큰 위기입니다, 저는. ◆ 장성철 : 그 조갑제 대표님의 중앙일보 칼럼, 청취자 여러분들 한번 읽어보시도록 하고요. 장동혁 대표가 이러한 주장을 하는 사람들의 지지를 받아서 배경으로 지금 여러 가지 잘못을 하고 있다, 이렇게 좀 느끼시는 건가요? ◇ 조갑제 : 이번에 저는 기괴한 방미를 보면 왜 갔겠습니까? 결국 트럼프 대통령 만나려고 간 것 아닙니까? 아마 그런데 이게 중간에 주선을 하는 사람들이 제대로 움직이지 못하니까 아주 이상한 결과가 되어 버리고 말았는데, 특히 그 차관 비서실장을 만나 놓고 차관보 만났다고 했는데 차관 비서실장 그 사람 경력을 보니까 부정선거론을 주장하던 트럼프 캠프에서 열심히 뛰었던 사람이더라고요. 30대밖에 안 돼요. 아니, 그 사람을 왜 만납니까? 제1야당 대표가. 그래서 이번에도 그 밑에는 한국과 미국의 부정선거 음모론자들의 어떤 커넥션에 의해서 가서 트럼프 대통령을 만나려고 하다가 이게 실패하니까 이렇게 지리멸렬하게 되었다, 이렇게 생각합니다. ◆ 장성철 : 당 대표는 그러한 부적절한 행동들에 대해서 언론이라든지 아니면 당내 정치인들, 아니면 평론가들이 ""이건 사퇴해야 되는 거 아니냐, 당신이 사퇴해야 지방선거 그래도 어려운 지역에서 조금 더 지지율을 끌어올릴 수 있는 거 아니냐"" 이런 것에 대해서 일축하고 있고, 어제 보니까 박준태 당 대표 비서실장이 기자회견 하면서요, ""지도부를 향한 비판이 공격이 선을 넘었다. 당신들 왜 그러냐, 우린 그만 안 둔다"" 이런 식으로 얘기를 했어요. ◇ 조갑제 : 아니, 이것도 부정선거 음모론을 이해해야만 그 사람들의 행태를 이해할 수 있어요. 제 주변에도 그런 사람이 많지만, 일단 부정선거 음모론에 넘어가면 부끄러움을 모릅니다. 그리고 굉장히 공격적으로 돼요. 그렇게 되면은 지금 장동혁 당권파처럼 행동하는 거죠. 황교안 씨처럼 행동하는 겁니다. 그리고 전 세계적으로 보면요, 부정선거 음모론에 넘어간 대통령이 세 사람이에요. 세 사람 중에 두 사람 지금 감옥에 있습니다. 윤석열 그리고 브라질 대통령, 한 사람은 백악관에 있어요. 이 세 분의 행동이 공통점이 있습니다. 참 위험합니다. ◆ 장성철 : 극단적인 주장을 한다고 보시는거죠? ◇ 조갑제 : 우선 망상에 사로잡히잖아요. 부정선거 음모론이라는 게 황당무계한 거짓말인데 거기에 넘어간다는 것 자체가 그 사람의 어떤 성격의 한 단면을 보여주는 건데, 이번에 뉴욕타임스 보도에서 왜 트럼프 대통령이 이란 전쟁을 시작했느냐 하는 것을 심층 취재한 게 있어요. 그거 보면은 네타냐후 총리가 와서 백악관에서 쳐야 된다라고 브리핑을 할 때 다른 참모들은 좀 부정적이었다고 그래요. 특히 그 루비오 국무장관은 ""무슨 헛소리 하느냐""라고 하는 정도였는데 트럼프 대통령이 솔깃한 반응을 보이니까 주변 참모들도 다 입을 닫고 그쪽으로 갔다는 거 아닙니까? 이게 바로 지금 트럼프 대통령 주변에는 거의 다 부정선거 음모론자입니다. 부정선거 음모론에 반대한 사람은 단 한 사람도 트럼프 대통령 시절에 공직자에 임명된 적이 없어요. 그 정도입니다. 그리고 나는 장동혁을 둘러싼 당권파의 분위기도 거의 비슷할 거라고 생각합니다. 자기들끼리 똘똘 뭉쳐 있으니까. 그래서 이거는 공당이 아니잖아요. 지금 국민의힘이 하는 행동이나 장동혁 대표가 하는 행동은 공직자가 할 행동이 아니거든요. 공당이 아니고 작당입니다. 타당입니다. 그건 음모론의 당연한 귀결이에요. ◆ 장성철 : 대표님께서는 역사, 철학 그리고 정치권력 이거를 평생에 걸쳐서 좀 살펴보셨잖아요. 최근에 장동혁 대표 체제가 지금 지방선거를 앞두고 있는데, 지방선거는 선대위 따로 꾸리고 장동혁 대표는 뒤로 좀 빠지고 안철수 의원 같은 중진 의원들이 앞장서서 지방선거 치르는 이런 모양새로 흘러갈 것 같아요. 이거 어떻게 보세요? 장동혁 대표가 이 선거에 도움이 안 된다 이렇게 생각하는 걸까요? ◇ 조갑제 : 그런데 그게 별 효과가 없을 것 같아요. 완전히 반대되는 사람을 영입을 해가지고 그 간판으로 내세우지 않는 한 지금 거론되고 있는 분들은 다 그동안에 장동혁 체제에 순응한 분들 아닙니까? 아무 효과 없어요. 다만 자연스럽게 이제 앞으로는 장동혁이라는 이름이 거의 안 나올 것 아닙니까? 그렇게 되면은 상당히 실질적으로는 2선으로 물러난 거하고 마찬가지인데, 다만 하나 부산 북구갑에 누구를 공천하면 이게 또 문제가 되겠죠. 지금 부산 지역 국회의원들은 거기다가 공천하지 말라는 거 아닙니까? 대부분이 공천하지 말고 한동훈 대표를 복당시켜서 공천하기는 늦었고, 무소속으로 밀어줘가지고 근사한 게임을 하고 여기에 그 부산, 경남, 울산까지 이른바 동남풍이 불도록 해가지고 선거판을 바꾸자는 이런 대전략이 지금 거론되고 있는데, 또 착수되고 있는데 여기에 예컨대 국민의힘당이 별도 후보를 내면 한동훈 전 대표가 그 사람하고 싸우는 데 에너지를 상당히 소모할 것 같아요. ◆ 장성철 : 어제 저도 부산 갔다 왔거든요. 구포초등학교 거기서 행사장에서 활동하는 걸 봤는데, 이제 아직까지는 공천을 못 받은 박민식 예비후보 그다음에 한동훈 예비후보 이 두 분 간 신경전 그리고 양측 지지층의 갈등이 어마어마하더라고요. 그러니까 민주당 후보는 지금 논외예요. 거기서 정해지지 않았지만, 그래서 그러한 진영 내에서의 갈등과 분열이 선거를 좀 어렵게 만들지 않을까 그런 생각이 들더라고요. ◇ 조갑제 : 이게 남은 최대 이슈라고 생각합니다. 장동혁 대표가 최소한의 인간적 양심이 있다면, 그리고 전략이 있다면은 거기는 국민의힘 공천을 안 해야죠. 그래서 한동훈이라는 이 야생마 같은 분이 마음대로 뛰도록 만들어가지고 부산시장 선거, 경남도지사 선거에도 유리한 국면을 만들어내고 이게 또 수도권에도 영향을 미치도록 해야죠. 그런데 거기에 만약 누구를 공천한다면 이거는 완전히 그야말로 그 사람이 지금까지 해온 대로 민주당의 도우미 역할을 하는 것 아닙니까? ◆ 장성철 : 결론적으로는 어떻게 될 거라고 보세요? 한동훈 전 대표 국민의힘에서 공천하고 민주당 공천해서 3자 대결로 보수는 분열된 상황으로 선거를 치를 가능성이 좀 높아 보이거든요. 당선될까요? ◇ 조갑제 : 그것은 부산 사람들의 기질이 한번 폭발하는 건데요. 부산 사람들의 투표 성향에서 아주 특이한 점이 이 바람을 만드는 사람들이에요. 그 바람이라는 것은 지역 이기주의나 이런 게 아니고 나라를 생각하는 대의를 생각하는 쪽으로 투표 성향을 보이는 경우가 과거에 몇 번 있었고 그럴 때마다 한국 정치가 바뀌었습니다. 1985년 2·12 총선을 예를 들 수가 있는데 저는 그런 궐기죠, 부산 시민들의 궐기가 있을 수 있고 그런 점에서 한동훈 그리고 부산 사람들의 기질이 맞는 것 같아요. 그러니까 한동훈 씨가 롤모델로 하는 김영삼 이쪽이 다 행동이 빠르고 화끈하고 ""사나이 아이가"" 그런 거예요. 그게 이상하게 잘 먹히는 것 같아요. ◆ 장성철 : 네, 한번 좀 지켜보도록 하고요. 대표님 혹시 뭐 부산 가보실 생각 없으세요? 한번 현장 분위기도 좀 보시고. ◇ 조갑제 : 한번 가보고 싶어요. 한번 구경하고 싶어요. ◆ 장성철 : 대구 선거 한번 예측 한번 듣고 싶어요. 이제 추경호, 김부겸 이제 양자 대결 됐습니다. 각종 여론조사 보면 김부겸 후보가 앞서나가는 것 같은데 대표님 어떻게 평가하시고... ◇ 조갑제 : 저는 이게 대구 시민들에 대한 예의가 아니라고 생각합니다. 왜냐하면 대구 시민들이 선택이 지금 딱 둘밖에 없잖아요. 추경호, 지금 내란 중요 임무 종사 혐의로 재판받고 있는 분 아닙니까? 그리고 역시 좌파 성향이 있는 김부겸. 두 사람 중에 한 사람을 골라라고 하는 것 아닙니까? 대구 사람들이 얼마나 지금 고민을 하겠습니까? 대구 분들도 뭔가 역사에 좋은 어떤 족적을 남기고 싶어 하는 의욕이 있을 텐데 대구 시민들이 가지고 있는 높은 정치의식을 생각하면 그리고 이번 선거 공천 과정에서 보면 저는 장동혁 대표가 윤석열 지령대로 공천한 것 같은 느낌까지 들어요. 아니, 추경호 씨를 대구시장 후보로 내세운다... 그거는 주호영 의원을 컷오프시켰기 때문에 그렇게 된 거 아닙니까? 그리고 지금 충북에서 윤갑근 변호사가 지금 경선 결선에 올라갔잖아요. 아니, 이 컷오프 대상 아닙니까? 본인이, 장동혁 대표가 윤석열과 절연한다고 그랬잖아요. 어떻게 절연하면서 공천 과정에서 이렇게 특혜를 주는 겁니까? 그래서 이 공천 전체가 '윤어게인' 공천이에요. 다만 서울 같은 데는 워낙 오세훈 시장의 힘이 압도적이니까 거기는 건드리지 못했지만, 그런 점에서 저는 정말 대구 시민들의 고민이 좀 처절할 거라고 봅니다. 제3자 정도는 나와 있어야지. ◆ 장성철 : 이런 건 어때요? 제가 오세훈 시장 저희 인터뷰 나왔을 때도 물어봤는데, ""어, 나는 오세훈 시장 당신 좋아, 당신 찍어주고 싶어. 근데 당신이 서울에서 당선되면 장동혁 대표가 '나 당 대표, 내가 이겼잖아 나 당 대표 안 그만둘래' 이 꼴 보기 싫어가지고 나 당신 못 찍겠어"" 이런 분들 어떻게 설득할 거냐 이렇게 물어본 적 있거든요. ◇ 조갑제 : 우리 정치판에서 정말 코미디적인 상황이, 민주당에서는 ""장동혁 대표가 사퇴하면 안 되는데"" 하는 걱정이 있고 합리적 보수 쪽에서는 ""국힘 후보를 찍으면 이게 장동혁 대표를 도와주는 것 아니냐"" 하는 고민이 있다는 거예요. 이런 역설이라고 그럴까, 이게 한국 정치판의 아주 단면을 보여주는데 저는 오히려 오세훈 서울시장이 역전승할 수 있는 기회가 있다고 봅니다. ◆ 장성철 : 어떤 측면이죠? ◇ 조갑제 : 우선 부산 동남풍으로부터 올라오는 힘을 받을 수 있을 것이고, 보다 확실하게 장동혁 노선을 비판하게 될 것 아닙니까? 거기서 오는 이 중도층과 그다음에 보수층의 어떤 연합 구도도 만들 수 있을 것이고. ◆ 장성철 : 해당 행위 하면 장동혁 대표가 그냥 후보 자격도 박탈해 버리... ◇ 조갑제 : 그건 늦었잖아요, 이미. 최고위원 의결 가지고 서울시장 후보를 어떻게 그렇게... 그건 불가능하고. 그리고 정원오, 오세훈 이렇게 대결하면은 세계적 도시를 그래도 한 10년 동안 관리한 사람의 어떤 권위라고 그럴까, 그것하고 한 구청을 잘했던 사람과의 크기 차이가 나타나지 않을까 하는 그런 생각이 듭니다. ◆ 장성철 : 알겠습니다. 대표님, 정동영 통일부 장관 북한 구성 핵시설 관련 발언... 이거 대표님 좀 기밀 유출이다, 아니 뭐 옛날부터 해오던 얘기인데 뭐 큰 문제일까... 어떻게 보세요? ◇ 조갑제 : 그 이야기가 나올 것 같아서 제가 책을 하나 가지고 왔는데요. 이 <포린 어페어스(Foreign Affairs)>라고 가장 권위 있는 미국 정책 잡지인데 최신호입니다. 여기에 이런 기사가 실렸어요. ""How North Korea Won(어떻게 북한이 이겼느냐)"". 핵 게임에서 어떻게 이겨가지고 지금 북한이 결정적인 전략적 우위를 점했다는 겁니다. 이거 쓴 분이 저 유명한 CIA 북한 담당 분석관인데 한국계 사람이에요. 박정현이라고 하는 분인데 '정 박'으로 알려져 있는 사람입니다. 국무부 부차관보 한 분이에요. 여자분인데 이걸 보니까 제가 소름 끼쳐요. 완전히 지금 북한은 핵 무력을 거의 완성하고, 이스라엘 핵 능력 수준으로 가고 있고, 그다음에 러시아와 거의 동맹 관계로 가고 있고, 중국도 괜찮고 하니까 제제 국면에서도 탈출했고 그럼 이걸 가지고 이 강력한 핵무력을 가지고 언젠가는 한국을 인질로 잡는 작전을 한번 펼칠 거라고 그럽니다. 서해에서 도발을 하는 거예요. 도발해서 한국이 반격하겠다고 하면 김정은이 ""그럼 우리 핵무기 쓰겠다"" 이렇게 나오는 국면을 생각해야 된다는 겁니다. 그러려면 우리가 핵이 없으니까 한미 공조, 미국의 핵우산에 의존할 수밖에 없어요. 이 자존심 상하는 일이지만 그러려면 한미 간의 정보 공유라든지 이게 더 확실하게 돼야 되는데 정동영 장관이 너무나 경솔하게... 정치적으로 이 통일 문제나 이런 거는 정치적으로 하면 안 되거든요. 신중하게 해야 되는데 아니, 구성에 우라늄 농축 시설이 있다는 이야기는 떠돈 지가 오래됐죠. 그러나 본인이 확인해 줘 버렸잖아요. ◆ 장성철 : 옛날에 뭐 저 인사청문회 때도 얘기를 했고 언론에 나온 것 그냥 그대로 얘기한 건데 왜 이렇게 문제 삼아요? 막 이런 반응이에요. ◇ 조갑제 : 장관 지내는 사람이 그런 이야기하면 안 되죠. 연구소에서 쓰는 거 하고 실무자잖아요, 당사자잖아요. 그 사람이 ""구성에 우라늄 농축 시설이 있다""고 하는 순간부터 그게 사실로 확정돼 버리잖아요. ◆ 장성철 : 그러니까 권위 있는 정책 결정 당국자가 그걸 확인해 주고 본인 입으로 얘기해 준 게 문제다. ◇ 조갑제 : 북한에 오히려 카드가 생기는 거예요. 정보기관은 거기 있는 건 알지, 그러나 있다고 하는 순간 북한이 우위에 선다 이겁니다. 무시무시하게 보일 것 아닙니까? 우라늄 농축 시설, 플루토늄 추출 시설까지 다 가지고 있으니까. 그러니까 이게 북한한테 유리하고, 더구나 이런 핵심적인 정보에 대해서 미국이 한국에 정보 공급을 제한하겠다고 하면 이건 한미 동맹 자체가 흔들리는 겁니다. ◆ 장성철 : 이게 가볍게 볼 사안은 아니라는거죠. ◇ 조갑제 : 가볍게 보는 게 아니라 조치를 취해야 됩니다. ◆ 장성철 : 그러면 대표님, 이게 외교부와 통일부, 강경파 온건파 이러한 노선 갈등 이런 것도 좀 있다고 보여지세요? ◇ 조갑제 : 확실하게 있죠. 그것은 정동영, 이종석, 또 외곽에 있는 이런 분들이 지금 중도 실용으로 가려고 하는 이재명 대통령을 계속 왼쪽으로 끌고 가서 북한한테 굴욕적인 자세를 취하게 만들고 이렇게 하고 있지 않습니까? 이게 지금 이란 전쟁이 일어난 판국에 이런 이야기가 나오니까 저는 이란 전쟁의 교훈이 뭡니까? 핵무장한 국가 두 개가 손을 잡고 이란을 무자비하게 폭격해도 전혀 반격을 안 당한다는 거 아닙니까? 김정은이 그렇게 자신하고 있지 않겠습니까? 한 손에 지금 핵 능력을 갖고 있고 남한에는 친북 세력이 강하니 얼마나 자신만만하겠습니까? ◆ 장성철 : 알겠습니다. 대표님, 오늘 또 대표님의 혜안 섞인 말씀을 들으니까 여러 가지로 상황을 잘 파악할 수 있게 된 것 같습니다. 한 달에 한 번이라도 좀 대표님 나와주셔서 여러 말씀 좀 들려주세요. 이상 조갑제닷컴의 조갑제 대표셨습니다. 감사합니다. ◇ 조갑제 : 네, 고맙습니다.",YTN,정치,https://n.news.naver.com/mnews/article/052/0002346079?sid=100
"'1초 악수' 박민식·한동훈 기싸움 ""타워펠리스 사는 사람이… 배신자"" 항의도 / 김부겸 대구 개소식 정청래 등 60여명 총집결 / 이진숙, 대구 달성군 출마?","【 앵커 】 정치권 소식 더 짚어보겠습니다. 정치부 정태진 기자 나와있습니다. 【 질문 1 】 정 기자, 기사로도 봤지만 어제 한동훈 전 대표와 박민식 전 장관이 처음으로 지역 행사에서 만났어요. 경쟁자끼리 서로 의식을 할 수밖에 없긴 하지만, 마이크를 두고도 신경전이 있었다고요? 【 기자 】 네 그렇습니다. 한동훈 전 대표에게 축사의 기회가 주어지지 않았습니다. 그러니까 마이크를 못 받은 건데요. 그 이유, 한 전 대표는 부산 구포초 동문이 아니었기 때문이었습니다. 주최 측은 ""동문 외는 마이크를 사용하지 못한다""고 설명했습니다. 박 전 장관만 구포초 출신이거든요. 이 두 사람, 1초 정도 짧게 악수만 나눴습니다. 영상 보고 오시죠. ▶ 박민식 / 전 국가보훈부 장관 - ""어어어"" ▶ 한동훈 / 전 국민의힘 대표 - ""오랜만입니다."" 【 질문 1-1 】 그래도 후보들끼리 만나면 악수하고 덕담도 주고받고 하는데, 두 후보는 진짜 악수만 한거예요? 【 기자 】 맞습니다. 박 전 장관과 한 전 대표 이 두 사람, 행사장에서 가까운 자리에 앉았지만, 서로에게 말 한마디 건네지 않았습니다. 박 전 장관은 무소속 출마를 선언한 한 전 대표와 단일화할 생각이 0, 제로라며 선을 그었고 주민에 대한 모독이라고까지 표현했습니다. 서로를 향한 팽팽한 기싸움도 펼쳐졌습니다. ▶ 한동훈 / 전 국민의힘 대표 (어제) - ""(박 전 장관이 한 전 대표를 침입자라고 칭하기도 했는데?) 좀 급해지면 말이 험해질 수도 있는데요. 저는 크게 개의치는 않고요. 잘 되시길 빕니다."" ▶ 박민식 / 전 국가보훈부 장관 (어제) - ""우의를 돈독히 하는 순수한 체육대회 행사이기 때문에 그런 뭐 정치적인 이야기는 제가 언급하는 것이 좀 부적절한 것 같습니다."" 일부 주민이 한 전 대표를 향해 ""타워펠리스 사는 사람 아니냐"", ""배신자""라고 고성을 지르며 항의하는 소동이 벌어지기도 했습니다. - ""한동훈 꺼져라! 한동훈 꺼져라!"" 【 질문 2 】 이 지역엔 하정우 AI수석이 나올거냐 안 나올거냐 말이 많았는데, 어제 행사엔 안 왔어요. 출마 하는 거예요 안 하는거예요? 【 기자 】 하정우 청와대 AI수석은 이르면 오늘(27일), 부산 북갑 출마 입장을 정리할 것이란 전망이 나옵니다. 부산 북갑은 최근 전재수 민주당 의원의 부산시장 출마로 공석이 됐죠. 만약 하 수석까지 출사표를 던지면, 박민식 전 장관, 한동훈 전 대표까지, 민주당·국민의힘·무소속 후보의 3파전이 치러질 전망입니다. 【 질문 3 】 이번 선거 최대 격전지가 된 대구로 가보죠. 어제 김부겸 후보 개소식이 있었는데 민주당 의원 수십 명이 총출동했어요. 이런 모습 상당히 이례적인데 분위기는 어땠나요? 【 기자 】 상당히 고무된, 화기애애한 분위기였습니다. 전통적 보수 텃밭인 대구에 이례적으로,정청래 대표 등 지도부를 포함한 60여 명의 전현직 의원이 대거 집결하면서 사실상 '동진 출정식'을 열었다는 분석입니다. 대구시장 선거에 이렇게 이목이 집중된 전례가 없는 상황인데, 먼저 정청래 대표 발언 듣고 오시죠. ▶ 정청래 / 더불어민주당 대표 (어제) - ""김부겸이 당대표를 오라 하면 오고, 오지 말라면 오지 않고, 옆에 서 있으라면 옆에 서 있고, 뒤에서 있으라면 뒤에 서 있겠습니다."" 이 발언만 봐도 모든 힘을 쏟아붓겠다는 당 지도부의 의지를 읽을 수 있습니다. 정부·여당의 높은 지지율 등으로 한층 고무된 분위기입니다만, 끝까지 지켜봐야겠습니다. 【 질문 4 】 국민의힘에선 추경호 의원이 후보로 확정됐고, 이진숙 전 방통위원장은 무소속 출마를 포기했어요. 대구지역 보궐선거 노리는게 아니냐는 얘기가 나오는데 어떻게 보세요? 【 기자 】 가능성 배제할 수 없습니다. 우선 국민의힘 대구시장 최종 후보로 추경호 의원이 확정됐죠. 대구시장 불출마 선언을 한 이진숙 전 방통위원장이 공석이 된 대구 달성군 자리에 도전할 것이란 관측이 나옵니다. 이 전 위원장은 눈물까지 보이며 ""대구까지 넘어가면 안 된다""고 호소한 바 있습니다. ▶ 이진숙 / 전 방송통신위원장 (지난 25일) - ""대구까지 좌파에게 넘어가면 대한민국이 어떻게 될 것인가. 보수의 붉은 심장이 파란색으로 물들고＂ 이 전 위원장은 달성군 보궐선거 출마 가능성에 대해 ""대구를 자유민주주의의 최후의 보루로 지키겠다는 그 마음밖에 없다""고 아직까진 선을 긋고 있습니다. 【 앵커 】 지켜봐야겠습니다. 지금까지 정태진 기자였습니다. 잘 들었습니다. [  정태진 기자 jtj@mbn.co.kr  ] 영상편집 : 송현주 그래픽 디자인 : 김수빈",MBN,정치,https://n.news.naver.com/mnews/article/057/0001946460?sid=100
"대구 찾은 文 ""김부겸, '바보 노무현' 같은  사람""","문 전 대통령, 김부겸 대구 캠프 직접 방문해 영상 축사 촬영 ""지역주의 맞선 노무현 같은 인물...대구 살리는데 이용해 달라"" 김부겸 개소식서 ""저를 회초리 삼아 국힘 정신 차리게 만들어야"" 어제(26일) 김부겸 더불어민주당 대구시장 예비후보 선거 캠프 개소식에서 영상 축사를 전하는 문재인 전 대통령 (사진, '김부겸TV' 갈무리) 6·3 지방선거 대구시장 선거를 앞두고 문재인 전 대통령이 더불어민주당 김부겸 예비후보 지원 사격에 나섰습니다. 문 전 대통령은 직접 김 예비후보의 선거 캠프를 방문해 영상 메시지를 전하며 지지를 호소했습니다. 문 전 대통령은 지난 25일 대구 달서구에 위치한 김부겸 예비후보 캠프를 방문해 김 예비후보와 차담을 갖고 지역 현안에 대해 논의했다고 한국일보가 보도했습니다. 또, 이튿날 열린 캠프 개소식에서 상영될 영상 축사를 직접 촬영했습니다. 문 전 대통령은 영상 축사에서 ""김부겸은 나의 오랜 동지""라며 ""김부겸에게 더 뜨거운 동지의 정을 느끼는 이유는 김부겸은 대구에서, 나는 부산에서 지역주의와 맞부딪치며 힘들게 정치를 했기 때문""이라고 했습니다. 그러면서 ""김부겸은 '바보 노무현'처럼 꽃길을 마다하고 지역주의 벽에 부딪혀 좌절에도 꺾이지 않았다. 그게 대구의 의리이고, 대구의 정신""이라며, ""쇠퇴하는 대구를 살리려면 큰 인물이 필요하다. 대구를 살리는 데 김부겸을 이용해 달라. 대구가 기분 좋은 변화를 만들어달라""며 지지를 호소했습니다. 어제(26일) 선거 캠프 개소식에서 발언하는 김부겸 더불어민주당 대구시장 예비후보  (사진, '김부겸TV' 갈무리) 한편, 26일 열린 개소식 현장에는 더불어민주당 정청래 대표를 비롯해 조국혁신당 및 무소속을 포함한 범야권 전·현직 의원 60여 명이 대거 참석했다. 정청래 대표는 축사를 통해 ""이번 선거의 필승 카드는 김부겸""이라며 ""대구·경북 선거는 김부겸의 얼굴로 치르겠다. 당 차원의 전폭적인 지원에 나서겠다""고 강조했습니다. 김부겸 예비후보는 국민의힘 추경호 예비후보를 겨냥해 ""대구시장이 싸우는 자리인가. 싸우면 일은 누가 하느냐""며 날을 세웠습니다. 그는 ""이번에는 김부겸을 회초리 삼아 국민의힘이 정신 차리게 만들어 달라""며 ""대구에서 세 번 떨어졌음에도 대구를 사랑하는 김부겸의 사랑을 화끈하게 받아달라""고 했습니다.",JIBS,정치,https://n.news.naver.com/mnews/article/661/0000075283?sid=162
"조응천, 경기지사 출마 선언...“서울 감싸는 계란 흰자 ‘도민 삶’ 끝낼 것”","남양주갑 재선 출신...27일 페이스북 통해 공식화 친명계와 갈등 속 민주당 탈당...“찍을 사람 없다는 도민 위해 출마” 조응천 전 국회의원. 연합뉴스 개혁신당 소속 조응천 전 의원이 “거대 양당 후보론 경기도 변화를 만들 수 없다”며 자신을 대안 후보로 내세우고 6·3 지방선거 경기도지사 선거 출마를 선언했다. 조 전 의원은 27일 자신의 페이스북에 올린 ‘경기도지사에 출마합니다’라는 제목의 글을 통해  “아주 오래 망설이고, 많이 고민했다”라며 출마를 공식화했다. 그는 “말로만 민생을 떠들어 대는 거대 양당이 싸우는 동안 1천400만 경기도민은 ‘서울을 감싸는 계란 흰자’의 삶을 강요 당했다”며 기존 정치권을 비판했다. 이어 “민주당 의원도 해봤고, 보수 정권에서 역할도 해봤다. 그래서 잘 안다고 자부한다. 무엇이 문제인지, 어디서 막히는지, 왜 바뀌지 않는지”라며 정치 경험을 강조했다. 그러면서 “도저히 손이 가지 않는 기득권 양당 후보 말고 정말 찍고 싶은 사람, 아무리 봐도 저밖에 없다”며 “조응천, 경기 도지사에 출마한다. 저 조응천이 하겠다”고 밝혔다. 조 전 의원은 박근혜 정부 청와대 공직기강비서관을 지낸 뒤 20대 총선에서 더불어민주당에 입당해 경기 남양주갑에서 재선 의원을 지냈다. 이후 친명계와 갈등을 빚다 22대 총선을 앞둔 2024년 탈당해 개혁신당에 합류했다. 이번 출마로 경기도지사 선거는 더불어민주당, 국민의힘, 개혁신당 간 3자 구도로 치러질 가능성이 커졌다. 민주당은 추미애 의원을 후보로 확정했으며, 국민의힘은 다음 달 2일 경선을 통해 최종 후보를 선출할 예정이다. 한편 국민의힘 일각에서는 조 전 의원 출마를 계기로 보수 연대론도 거론된다. 송석준 국민의힘 의원은 지난 23일 채널A 유튜브에 출연해 ""조 전 의원과 접촉해 보수 연대 얘기를 했더니 '관심이 있다'고 그러더라""며 ""이준석 대표와도 그런 면에서 공감을 많이 하고 있다”고 밝혔다. 이준석 개혁신당 대표 역시 “당 차원에서는 고민하고 있지 않다”면서도 “반도체나 핵심 기업의 경쟁력을 저하하는 민주당 견제를 위한 연대라면 의사가 있다”고 여지를 남긴 바 있다.",경기일보,정치,https://n.news.naver.com/mnews/article/666/0000104838?sid=100
"민주당에 판세 유리하지만, 압승 여부는 불투명","[주목! 2026 국민의 선택] 6·3지방선거의 핵, 대구·부산 정밀분석 ● 2018 지방선거 때 TK 유권자 막판 결집 ● 26일 국힘 추경호 선출, 대구 여야 대진표 확정 ● 부산, 정당 지지율 2018 상황과 유사 ● 현역 불패 서울시장 신화 이번에는? ● 막판 변수는 투표율, 특히 세대별 투표율 더불어민주당 김부겸 대구시장 후보, 전재수 부산시장 후보, 국민의힘 박형준 부산시장 후보(왼쪽부터). 뉴스1 “더불어민주당에는 수도권은 물론 부산·경남(PK) 등 전통적 보수 텃밭에서조차 후보가 쏟아져 들어오고 있다. ‘손님을 그만 받겠다’는 간판까지 내걸었지만 문지방이 닳도록 손님이 넘쳐나고 있는 것이다.” 위 기사는 2026년 6·3지방선거 관련 내용이 아니다. 2018년 3월, 지역신문의 정경부장이 시사 월간지에 투고한 기사 중 일부 내용이다. 당시 지방선거는 지금과 마찬가지로 전임 대통령 탄핵 이후에 치러진 선거였다. 결과는 민주당의 압승이었다. 총 17개 광역단체장 선거에서 대구·경북(TK)과 제주도를 제외한 모든 지역을 민주당이 석권했다. 그해 실시된 한국갤럽 여론조사 추이를 보면, 2018년 3월 이후 문재인 당시 후보자의 지지율은 70%를 넘고 있었고, 민주당 지지율은 50%를 오르내리고 있었다. 반면 자유한국당(국민의힘의 전신) 지지율은 2018년 들어 10% 초반대를 오가고 있었다. 이런 2018년의 기억을 되살리면, 현재 국민의힘은 조금이나마 위안을 받을 수 있을 것 같다. 양극화 심화로 양당 체제 공고해져 4월 3일 공개된 2026년 4월 첫째 주 한국갤럽 자체 정례 여론조사(2026년 3월 31일부터 4월 2일까지 전국 18세 이상 1001명을 대상으로 전화 면접 조사 실시, 표본오차는 95% 신뢰수준에 ±3.1%포인트. 이하 여론조사와 관련한 자세한 사항은 한국갤럽 홈페이지 또는 중앙선거여론조사심의위원회 홈페이지 참조)를 보면 이재명 대통령의 지지율은 67%, 민주당의 지지율은 48%, 국민의힘 지지율은 18%였기 때문이다. 수치만 놓고 보면, 2018년 지방선거 당시보다는 선전하리라 생각할 수 있다. 하지만 2018년 당시 보수정당 계열인 바른미래당의 지지율이 5%에서 8%대를 유지하고 있었다는 점을 감안해야 한다. 또한 2018년 당시 정의당 지지율은 4% 정도였지만, 현재 4월 첫째 주 한국갤럽에 나타난 조국혁신당과 진보당 지지율은 1%에 머물고 있고, 개혁신당 지지율은 2%에 그치고 있다. 이런 현상을 놓고 보면 보수 계열 정당들의 지지율 합이나 진보 계열 정당들의 지지율 합은 지금이나 그때나 큰 차이가 없다는 결론에 다다르게 된다. 이는 2018년보다 현재 양당 체제가 더욱 공고해지고 있음을 보여준다고 할 수 있다. 양당 체제가 공고화된 이유로 양극화의 심화를 들 수 있는데, 그 결과 각 진영이 ‘진영의 대표 주자’를 중심으로 결집하는 것이다. 하지만 양극화의 심화에도 불구하고, 2018년 선거와 유사한 정치 환경에서 치러지는 이번 선거를 비교하는 것은 그 나름대로 의미가 있다. 대통령 탄핵이라는 정치 환경은 분명 유권자들의 투표 행위에 영향을 미칠 수 있기 때문이다. 이런 이유에서 2018년과 이번 선거의 여론조사를 비교하고, 또 당시와 지금의 ‘정치 이벤트’를 비교하고자 한다. 또한 여론조사 비교와 관련해 모든 지역을 언급하기는 어렵기 때문에 스윙보터가 많이 거주하는 서울과 부산, 그리고 보수의 심장이라 하는 TK 지역을 중심으로 예측하고자 한다. 이를 통해 이번 지방선거의 판세를 어느 정도 예측할 수 있을 것이다. 먼저 TK 지역을 살펴보면, 2018년이나 지금이나 양당 지지율 격차는 크지 않다. 2018년 4월 TK 지역의 정당 지지율은 민주당 29%, 자유한국당 28%였다(한국갤럽 기준). 앞서 언급한 여론조사에서 나타난 현재 TK 지역의 민주당 지지율은 26%, 국민의힘은 35%다. 이 부분만 놓고 보면, 당시보다 지금 국민의힘 입지가 훨씬 나은 것처럼 보이지만, 실상은 그렇지 않다. 양당제 심화를 간과해서는 안 된다. 2018년 TK 지역에서 바른미래당 지지율은 10%였고, 정의당 지지율은 3%였다. 지금 TK 지역에서 개혁신당 지지율은 1%에 불과하다. 조국혁신당이나 진보당은 지지율이 잡히지 않는 수준이다. 이런 점을 감안하면, TK 지역에서 보수 계열 정당 지지율은 2018년 당시나 지금이나 큰 차이가 없음을 알 수 있다. 여기서 또 하나 감안해야 할 점은 대통령 지지율이다. 모든 선거에서 대통령 지지율은 중요한 역할을 하는데, 지방선거에서는 특히 그렇다. 지방선거에서는 이른바 ‘줄투표’, 즉 자신이 뽑은 광역단체장 후보가 속한 정당의 시의원·도의원·군의원·구의원 후보들을 ‘줄줄이’ 선택하는 경향이 두드러진다. 이는 총선이나 대선과 달리 선택해야 하는 후보가 많기 때문에 나타나는 현상이라고 할 수 있다. 이런 ‘줄투표’ 현상이 존재하는 상황에서는 유권자들이 어떤 광역단체장 후보를 선택하느냐가 선거 승패를 가르는 데 결정적 역할을 할 수밖에 없다. 이는 해당 후보의 인지도와 선거 구도에 달려 있는데, 선거 구도 형성에는 대통령 지지율이 큰 영향을 미친다. 그런 차원에서 2018년 4월 당시 TK 지역에서 문재인 대통령 지지율을 살펴보면, 한국갤럽 기준 53%였다. 2026년 4월 한국갤럽 조사에 나타난 TK 지역에서 이재명 대통령 지지율은 44%다. 대통령 지지율만 놓고 보면, 2018년 지방선거 당시보다 지금이 조금 나은 상황이라고 할 수 있다. 하지만 당시와 지금의 후보자 인지도가 차이 난다는 점을 감안하면, 이런 ‘조금 나은 상황’은 희석될 수 있다. 이번 지방선거에는 김부겸 전 총리라는 비중 있는 인물이 민주당 대구시장 후보로 등장했기 때문이다. 국민의힘은 26일 대구시장 후보로 추경호 의원을 선출해 여야 대진표가 확정됐다. 결국 대통령 지지율과 정당 지지율, 그리고 후보자의 인지도를 종합해 보면 2018년 당시나 지금이나 국민의힘은 매우 열악한 상황에 직면해 있다고 볼 수 있다. 그럼에도 2018년 지방선거 당시 권영진 자유한국당 후보는 53.73%를 득표해, 39.75%를 득표한 임대윤 민주당 후보를 누르고 당선됐다. 경북지사 선거에서는 이철우 자유한국당 후보가 52.11%, 오중기 민주당 후보가 34.32%를 득표해 역시 자유한국당이 승리했다. 이런 결과가 나온 이유는 ‘보수의 심장’ 유권자들이 막판에 결집했기 때문이다. 이런 측면에서 이번 지방선거에서 TK 지역을 민주당이 가져갈 것이라고 단언하기는 어려울 수 있다. 김부겸 출마가 TK에 끼칠 영향 주목 스윙보터들이야말로 민심을 가장 잘 표현하는 유권자들이라고 할 수 있는데, 이들이 가장 많이 거주하는 서울의 여론 상황을 2018년과 지금 비교하면 이렇다. 2018년 4월 당시 한국갤럽에 나타난 서울 지역 정당 지지율을 보면, 민주당 50%, 자유한국당 12%, 그리고 바른미래당 7%였다. 앞서 언급한 2026년 4월 한국갤럽 여론조사를 보면, 민주당 51%, 국민의힘 13%, 개혁신당 4%, 그리고 조국혁신당 1%다. 서울 지역의 대통령 지지율은 2018년 4월 당시 75%였는데, 2026년 4월 첫째 주에는 66%다. 이를 비교해 보면, TK 지역과 마찬가지로 서울 역시 정당 지지율은 2018년 당시나 지금이나 큰 차이를 보이지 않지만, 대통령 지지율에서는 차이를 보이고 있음을 알 수 있다. 2018년 당시 서울시장 선거 결과를 보면 당시 서울시장이던 박원순 민주당 후보는 52.79%를 득표했고, 자유한국당 김문수 후보는 23.34%를 득표했다. 부산 지역의 경우는 이렇다. 2018년 4월 당시 부산 지역 민주당과 자유한국당 지지율은 각각 46%, 16%였고, 바른미래당의 지지율은 7%였다. 2026년 4월 첫째 주 한국갤럽 여론조사에서 민주당과 국민의힘 지지율은 각각 48%, 18%다. 개혁신당 지지율은 2%에 머물렀다. 여론조사 결과만 놓고 비교할 때, 부산 지역 역시 정당 지지율은 2018년 당시와 지금의 상황이 크게 다르지 않음을 알 수 있다. 부산에서의 대통령 지지율을 보면, 2018년 4월 당시 72%, 2026년 4월 첫째 주에는 67%이다. 그때나 지금이나 부산·경남 지역에서의 대통령 지지율 역시 비슷하다고 할 수 있다. 당시 선거 결과를 보면 오거돈 민주당 후보가 55.23%, 부산시장이던 서병수 자유한국당 후보는 37.16%의 득표율을 각각 기록했다. 이렇듯 2018년과 지금의 여론조사 결과는 유사하지만, 그렇다고 결과마저 유사할 것이라고 단정하기는 어렵다. 여론에 영향을 미치면서 동시에 선거 구도에 영향을 미치는 또 다른 요소인 정치 이벤트와 해당 지역의 특징을 고려해야 하기 때문이다. 2018 ‘미북 정상회담’ 같은 대형 이벤트 부재 우선 ‘정치 이벤트’는 2018년 지방선거 직전에 열린 미북 정상회담이라고 할 수 있다. 미북 정상회담 당시 많은 국민은 ‘이제 북핵 공포에서 해방되는구나’하고 생각했다. 당시 ‘드루킹 댓글 조작 사건’ 특검을 두고 정치권이 시끄러웠지만, ‘미북 정상회담’은 엄청나게 강력한 이벤트였기 때문에 드루킹 문제 정도는 충분히 덮을 수 있었다. 탄핵 직후 탄생한 정권의 허니문 시기인 데다 이런 대형 이벤트까지 겹쳤으니 선거 구도는 민주당이 압도적 우위를 차지할 수밖에 없었다. 물론 2018년 당시처럼 탄핵 직후 탄생한 정권의 허니문 기간에 치러지는 선거이므로 여권이 상당히 선전할 수 있는 환경이다. 하지만 미북 정상회담과 같은 대형 이벤트가 없기 때문에 2018년보다는 보수에 약간 유리한 환경이 조성돼 있다고는 할 수는 있다. 지금은 오히려 여권에 악재가 될 수 있는 미국-이란의 전쟁이 버티고 있다. 종전이 되든 아니든 해당 전쟁으로 인해 인플레이션 발생은 거의 필연적으로 보인다. 이런 측면은 선거를 앞두고 여권에 악재로 작용할 가능성이 크다. 이런 점들을 놓고 보면 오히려 지금의 상황이 2018년 당시보다 국민의힘에 유리한 환경이라고 할 만하다. 또 다른 측면을 보자면 ‘현역 프리미엄’이 어느 정도 작용했는가 하는 부분이다. 선거에서 나타나는 현역 프리미엄을 구체적 수치로 표현하기는 힘들지만, 서울의 경우 현역 시장이 본선에 나와 낙선한 경우는 단 한 차례도 없다는 점을 고려해야 한다. 2018년 당시 현역 시장은 민주당 박원순 시장이었기 때문에 탄핵이라는 선거 구도와 맞물려 당연히 승리했다. 하지만 이번의 경우 현역 시장이 탄핵당한 전직 대통령 소속 정당 인사이기 때문에 과연 이런 역사가 깨질지 두고 볼 일이다. 부산의 경우 2018년 당시 현역 시장이던 서병수 시장이 낙선했다. 부산 지역은 현역 프리미엄보다는 선거 구도가 더 많은 영향을 미친다고 볼 수 있다. 이번 선거에서 부산 지역의 현역 프리미엄이 작용할 수 있을지, 또 있다면 어느 정도 위력을 발휘할지 이번 선거의 관전 포인트라고 할 수 있다. 또 다른 비교 포인트는 당시 양당 대표가 어떤 인물이었는가 하는 점이다. 2018년 민주당의 대표는 추미애 의원이었고, 자유한국당 대표는 홍준표 전 대구시장이었다. 두 사람은 정치 경험이 매우 풍부한 인물이다. 그런데 지금의 경우를 보면 민주당은 정청래 대표이고, 국민의힘은 장동혁 대표다. 정 대표는 공천에서 제외된 경험까지 가지고 있는, 정치판에서 산전수전 다 겪은 인물인 데 반해, 장동혁 대표는 1.5선의 ‘참신한’ 인물이다. 즉 민주당의 경우 선거판의 생리를 아주 잘 아는 당대표가 선거를 지휘하지만, 국민의힘은 그 정도의 ‘구력’을 갖추지 못한 인사에 의해 선거가 치러진다. 당대표의 정치 감각과 직관적 판단 능력, 순발력은 매우 중요한데 이번 선거에서 그런 경험의 차이가 어떻게 드러날지 관심사라고 할 수 있다. 국민의힘 잡음은 ‘굉음’ 수준…대구, 다른 선택 할 수도 이와 관련해 한 가지 더 지적할 수 있는 부분은 공천과 관련된 대목이다. 2018년 지방선거 당시에도 공천 잡음은 있었지만, 그 정도 수준의 잡음은 선거 때마다 항상 반복되는 수준이었다. 그런데 이번에 국민의힘에서 나오는 잡음은 잡음을 넘어 ‘굉음’ 수준이다. 가장 심한 곳이 바로 보수의 심장 대구 지역이다. 대구 지역에서 컷오프당한 이들이 무소속 출마 가능성을 시사하는 것을 보면 분명 일반적 잡음은 아니다. 이런 차원에서 보수의 심장을 대표하는 유권자들이 2018년과는 다른 선택을 할 가능성을 배제할 수는 없다. 이런 선거 환경 측면 이외에도 투표율이 어느 정도 되는지, 그리고 세대별 투표율이 어느 정도 될 것인지 역시 선거 결과에 영향을 미칠 수 있다. 하지만 이는 예측 불가한 사안들이다. 그렇기 때문에 이번 선거가 민주당에 유리하지만, 압승 여부는 불투명하다고 할 수 있다. 선거는 그래서 흥미로운 것인지 모른다.",신동아,정치,https://n.news.naver.com/mnews/article/262/0000019332?sid=100
지금 제주에서 가장 뜨거운 이슈...이 대통령의 평소와 다른 화법,"[우리 동네 진짜 이슈] 제주 제2공항 '10년 갈등' 끝낼 해법, 이번 지방선거에서 찾는다 지방선거는 지역 일꾼을 뽑는 선거이지만, 막상 선거 과정에선 지역의 중요한 의제와 이슈들이 간과되곤 합니다. [우리 동네 진짜 이슈] 기획은 각 시민기자들이 자신이 사는 지역에서 겪고 있는 다양한 문제와 불편함을 지적하고, '정치'가 이를 어떻게 해결해야 하는지 제안합니다. 한 표 한 표가 지역을 바꿔줄 것을 기대하는 시민기자들의 목소리를, 선거에 나오는 후보자들이 경청하기를 바랍니다. <편집자말> ▲ 하늘에서 본 제주 제2공항 예정지. 2023.3.6 ⓒ 연합뉴스 제2공항 건설 찬성(안전문제 해소 전제), 주민투표와 공론조사 등 다양한 방식 검토(위성곤 더불어민주당 후보) 찬반 입장 표명 없이 갈등해결 주력, 주민투표 반대, 전문가 검증위원회 결론에 따라 결정(문성유 국민의힘 후보) 제2공항 건설 반대, 주민투표로 결정, 취임 즉시 중앙정부에 주민투표 건의, 추진(김명호 진보당 후보) 제2공항 건설 반대, 공론화 거쳐 주민투표로 결정, 취임 즉시 중앙정부에 주민투표 건의, 추진(양윤녕 무소속 후보) ＊출처: 제주제2공항강행저지비상도민회의가 지난 15일 발표한 제2공항 도민결정권 관련 도지사 후보 입장 확인 자료 6·3 지방선거를 앞둔 제주도의 최대 이슈는 단연 제2공항 건설 문제다. 단순히 공항 건설에 대한 찬성 혹은 반대 차원을 넘어 누가, 어떤 방식으로 공항을 건설할지 말지를 결정하느냐가 뜨거운 쟁점으로 부상 중이다. 그리고 이 쟁점의 핵심은 '주민투표'로 집약되고 있다. 사실 주민투표 이슈를 제외하면 선거판을 달구는 뜨거운 쟁점은 아직 부각되지 않고 있다. 이재명 정부의 재생에너지 확대 정책 기조에 맞춰 풍력과 태양광 등 재생에너지 개발 관련 공약이 그나마 활발하게 제시되는 형국이다. 2035년 탄소중립도시를 완성하겠다는 위성곤 민주당 후보나, 국립기후대학원을 설립하고 기후테크 분야의 신산업을 창출하겠다는 문성유 국민의힘 후보 등의 공약이 대표적이나 폭발력은 약해 보인다. 이 밖에도 대중교통이 불편한 제주도의 현실을 고려한 교통체계 개편, 육지로의 이탈로 인한 청년인구 감소를 막을 방안, 국제적 관광도시로의 비전 등 이런저런 공약들이 제시되고 있다. 하지만 사안의 중대성이나 이해충돌의 민감도 면에서 제2공항 이슈가 단연 뜨거운 게 지방선거를 앞둔 제주의 풍경이다. 현역 도지사와 국회의원이 3파전을 벌였던 더불어민주당 경선 합동토론회에서도 제2공항으로 인한 갈등 해소 방안이 주도권 토론 주제로 제시됐고, 지역언론에서도 이와 관련한 각 당 후보의 입장을 전하고 있다. 제2공항 강행저지비상도민회의 측은 도지사 후보는 물론 도의원 후보와 출마예정자들을 상대로도 주민투표 찬성 여부를 묻는 질문지를 보내 의사를 확인중이다. 언론보도에 따르면 같은 당 후보들도 찬성, 반대, 유보 등 서로 다른 견해를 피력하고 있는 것으로 알려졌다. 제2공항 건설 계획이 발표된 지 10년이 넘었고, 공항 건설을 위한 법적 절차인 기본계획이 고시됐고, 환경영향평가가 진행되고 있음을 감안하면 아직도 이 문제가 이슈로 부각되는 상황은 매우 이례적이라고 할 수 있다. 그만큼 제2공항 문제를 두고 찬반 양측이 팽팽히 맞서고 있어 해법 찾기가 시급하다는 것이다. 아직은 공항부지가 수용되기 전이므로 이번 지방선거가 갈등 해결의 돌파구를 마련할 사실상 마지막 기회라는 게 중론이다. 정치권, 국토부, 제주도정의 책임 ▲ 겨울철 철새도래지가 밀집한 성산읍 제2공항 예정부지는 조류충돌 우려가 있다는 지적이 나온다. 성산읍 신양리의 바닷가 마을 상공에 오리떼가 수직 상승하여 날고 있는 모습. 2023년 2월27일 오후 2시31분 촬영. ⓒ 강석호 상황이 여기까지 오게 된 데에는 정치권과 주무 부처인 국토교통부, 제주도정의 책임이 크다. 발단은 보수정권으로부터 시작됐다. 2015년 11월 누구도 예상치 못한 서귀포시 성산읍 일대를 제2공항 예정부지로 전격 발표한 박근혜 정권의 의문투성이 입지선정, 제주도와 제주도의회가 합의해 실시한 여론조사 결과를 수용 거부한 원희룡 제주도지사, 윤석열 정권 국토교통부의 무리한 절차 강행에 이르기까지 보수정권이 일방통행식 밀어붙이기로 일관해 온 책임이 크다. 민주당 정권의 책임이 가벼운 것도 아니다. 문재인 정부의 국토부도 제2공항 사전타당성 용역 재조사 검토위원회 활동을 강제 종결하고, 현 제주공항의 개선으로 수용능력을 높일 수 있다는 전문기관(프랑스 ADPI)의 용역보고서를 은폐했다는 의혹이 있는 등 비판에서 자유롭지 못하다. 또 전략환경영향평가 보고서가 환경부에 의해 세 차례나 반려됐음에도 사업수정은 고려하지 않았다. 원희룡에 이어 도정을 맡은 민주당 출신 현 오영훈 지사도 도민결정권을 강조했을 뿐 줄곧 모호한 태도로 일관해 갈등을 키웠다. 또 민주당 소속 3명의 국회의원도 표를 의식한 전략적 모호성을 유지하는 데 급급했을 뿐 적극적으로 제2공항 이슈를 해결하는 데 나서지 않은 게 사실이다. 제주 제2공항 건설 여부가 6·3 지방선거의 최대 이슈로 부상한 보다 근본적인 배경은 공항 건설에 제기된 각종 문제점과 의구심이 여전히 해소되지 않은 데다가 애초 예측했던 관광수요가 크게 줄었기 때문이다. 제2공항 예정부지를 둘러싼 쟁점들은 저감방안 같은 보완책으로 해결할 수 없는 근본적인 입지타당성의 문제라는 지적이 많다. 조류 충돌의 위험성, 부지 내 존재하는 동굴 파괴 우려, 지하수를 함유한 숨골과 법정보호종 문제에 대해선 마땅한 대책이 없음에도, 정치권과 제주도정은 우려의 목소리에 제대로 반응하지 않았다. 특히 무안공항 참사의 단초가 된 조류충돌 사례가 겨울철 철새도래지가 밀집한 성산읍 공항 예정부지에 대한 의구심을 크게 불러일으키기도 했다. 2015년 제2공항 사전타당성 조사에서 제시한 공항 이용객 수는 2025년 3940만 명, 2035년 4548만 명이었다. 그러나 최근 5년간 제주공항 이용객은 3000만 명을 밑돌고 있다. 2025년 기준 약 1000만 명의 격차가 발생한 것이다. 2024년의 전년도 대비 증가율은 0.9%, 2025년은 전년도 대비 0.6% 증가에 불과하다. 추세적으로 보아도 앞으로 크게 바뀔 것 같지는 않다. 2015∼2016년을 정점으로 제주 이주 열풍은 가라앉은 지 오래됐고, 현재 수준의 관광객만으로도 쓰레기와 교통체증, 환경훼손 등 오버투어리즘으로 인한 관광수용력은 한계치를 벗어난 상태다. 한마디로 제2공항 추진 명분이 상당히 퇴색한 셈이다. 이재명 대통령의 뜻은? ▲ 이재명 대통령이 지난 3월 30일 제주한라대학교 한라컨벤션센터에서 열린 타운홀미팅 '제주의 마음을 듣다'에서 발언권 요청을 받고 있다. ⓒ 연합뉴스 이재명 대통령이 제주 타운홀 미팅에서 한 발언도 제2공항 찬반 주민투표 이슈에 불붙인 측면이 있다. 이날 이 대통령은 제2공항 문제에 대해 즉석에서 거수로 찬반 의견을 물은 뒤 ""하지 말자는 쪽이 여기서는 조금 더 보이기는 한다""라면서 ""어쨌든 여러분이 잘 판단하십시오""라고 간단히(?) 마무리하고 넘어갔다. 다른 사안에 대해서는 자세한 설명과 논리 전개를 해오던 대통령이 유독 최대 이슈인 제2공항 문제에 대해서는 평소와 다른 화법으로 넘어간 것이다. 이 대통령의 이날 발언에 대해 제주 사회 일각에서는 사안의 중대성에 비춰 너무 무책임한 게 아니냐는 반응에서부터, 찬반 의견이 팽팽한 만큼 조심스럽게 자신의 생각을 내비친 게 아니냐는 분석에 이르기까지 다양한 평가가 나왔다. 사실 대통령의 진의를 정확히 판단하기는 쉽지 않지만, 제주도민의 자기결정권을 존중하겠다는 뜻으로 읽는 게 맞아 보인다. 현재 절차가 진행 중인 국책사업인 만큼 ""법대로 하는 게 당연하다""라거나, ""도지사가 책임지고 절차대로 마무리""하는 게 바람직하다는 식으로 말할 수도 있는 사안이다. 그럼에도 굳이 찬반 의사를 거수로 물어보고, '여러분(제주도민)의 판단'에 맡기겠다고 한 것은 주민투표 혹은 여타 방식의 도민결정권을 시사한 것으로 해석해야 할 것 같다. 이재명 대통령의 이러한 입장은 지난 2021년 9월 더불어민주당 대선 경선 후보 당시 KBS 제주 인터뷰에서 내놓은 제2공항 문제 해결의 방향성과도 일치한다. ""제2공항 문제는 결국 제주도민들의 의사가 제일 중요하고, 또 그것도 불합리한 의사가 아니라 합리적인 의사가 중요하고, 그게 과연 제주의 장기적 발전에 도움이 되고 또 제주도민들에게 이익이 되느냐, '장기적으로' '궁극적으로' 이 점에서 좀 판단을 해봐야 되는데... 사실 환경부의 입장도 중요하긴 하지만 제주도민들이 이 문제에 대해서 아직 최종적인 결론을 못 낸, 반대가 조금 많은, 이런 상태인데 합리적으로 설명해서 동의를 받을 수 없는 정책이라면 사실 정치가 도민의 뜻에 반해서 강행할 일은 아닌 거죠. 충분히 절차상으로 국가기관 상호 간에 협의도 해야 되겠고, 또 그중에 제일 중요한 것은 우리 도민들 간의 상호 토론을 통해서 합리적 의사결정이 되면, 그에 따르는 게 제일 중요하다 이렇게 생각합니다."" 이재명 대통령의 제주 공약 1호인 '탄소중립 선도도시'와 대규모 공항 건설 정책은 어울리지 않는다는 지적도 많다. 제주 타운홀미팅에서 이 대통령이 도내 전기차 100% 전환 시기를 앞당기도록 장관과 도지사에게 거듭 촉구한 점과 연결해 또 하나의 공항 건설에 대한 이재명 대통령의 의중을 엿볼 수 있다는 것이다. 이른바 도민결정권과 관련해 핵심적으로 제기되는 방법론이 바로 주민투표다. 직접 민주주의 원리에 비춰보면 갈등 사안 주민투표로 정리하는 것이 가장 명쾌한 해법이라고 할 수 있다. 도지사 후보들이 주민투표를 가장 많이 거론하는 배경이기도 하다. 이 외에도 숙의형 공론조사나 여론조사가 도민결정권의 방법론으로 거론되고 있으나 주민투표에 대한 수용성이 가장 높게 나오고 있다. 2023년엔 공항 건설 찬반 여부와 관계없이 도민의 70% 이상이 주민투표로 결론을 내자는 데에 동의한다는 여론조사 결과가 발표되기도 했다. 그러나 현실적으로 주민투표가 시행되기 위해서는 넘어야 할 벽이 적지 않다. 주민투표를 반대하는 주요 논거 중 하나가 '법적 근거'가 없다는 것이다. 국민의힘 문성유 후보는 ""현행법상 국가 사무인 제2공항 건설은 주민투표 대상이 아니다""라고 반대하고 있다. 민주당 위성곤 후보도 비슷한 이유로 법 개정이 선행돼야 한다는 입장이다. 반면, 주민투표를 주장하는 측은 주민투표법 제8조(국가정책에 관한 주민투표) 제1항에 '주요시설을 설치하는 등 국가정책의 수립에 대한 주민의 의견을 듣기 위해 필요하다고 인정할 때'에 '중앙행정기관의 장이 주민투표의 실시구역을 정해 관계 지방자치단체의 장에게 주민투표 실시를 요구할 수 있다'라는 점을 들어 반박하고 있다. 주민투표를 둘러싼 또 하나의 쟁점은 과연 투표 결과에 패자 측이 승복하겠냐는 점이다. 최근 수년간 실시한 대부분의 여론조사에서 반대의견이 오차범위 안팎에서 우세한 것으로 나타난 마당에 투표로 결정하는 게 타당하냐는 것이다. 찬성 측이 주민투표를 꺼리는 이유이기도 하다. 반면 반대 측은 어느 정도의 위험부담을 떠안고 주민투표를 요구하는 것은 그만큼 이 문제를 더는 방치할 수 없다는 절박함 때문이라고 말한다. 갈등이 큰만큼 어느 쪽으로 결론이 나든, 패배한 측이 깨끗이 승복해 모든 논란이 일시에 사그라드는 것을 기대하기 힘들다는 지적도 나온다. 하지만, '주민투표'이므로 일단 결론이 나면 별문제가 없을 것이라는 낙관론도 적지 않다. 숙의형 공론조사나 여론조사 방식도 까다롭기는 마찬가지다. 공정한 절차와 내용을 정하는 과정이 주민투표 못지않게 진통을 겪을 공산이 크다. 만약 제주 제2공항 문제를 도민결정권에 의해 매듭짓는 쪽으로 가닥이 잡힌다면, 공론조사나 여론조사보다는 모든 제주도민이 참여하는 주민투표가 상대적으로 가장 확실한 방법이 될 것 같다. 이번 지방선거, 제2공항 논쟁 끝내는 계기 돼야 ▲ 지난 3월 30일 오후 제주시 노형동 한라컨벤션 앞에서 제주 제2공항 건설에 찬성하는 이들이 피켓 등을 들고 시위하고 있다 ⓒ 연합뉴스 ▲ 지난 3월 30일 오후 제주시 노형동 한라컨벤션 앞에서 제주제2공항강행저지비상도민회의 관계자들이 제주 제2공항 갈등 해소를 위한 주민투표 실시를 촉구하고 있다. ⓒ 연합뉴스 위성곤 후보가 당선할 경우, 먼저 주민투표와 공론조사 등 다양한 방식을 놓고 의견수렴을 하게 될 것으로 보인다. 그동안 민주당은 제2공항 문제에 대한 환경단체나 시민사회의 반대에 직면해 우유부단한 태도를 견지하면서 도민결정권을 존중하겠다는 식으로 대응해 왔다. 위성곤 후보는 지역구 표심을 고려한 탓인지 예외적으로 제2공항 건설에 안전문제 해소를 전제로, 조건부 찬성 견해를 밝혀왔다. 어떤 선택을 하든 속도감 있게 관련 절차를 마련하여 더 이상 도민 분열을 방치해서는 안 될 것이다. 진보당 김명호 후보나 무소속 양윤녕 후보가 당선한다면 공약대로 주민투표가 급물살을 타게 될 전망이다. 국민의힘 문성유 후보가 당선하면 도민결정권 논리나 주민투표는 무산될 가능성이 크다. 그동안 국민의힘 제주도당은 제2공항을 조속히 건설해야 한다는 주장을 일관되게 펴왔기 때문이다. 문 후보는 전문가 검증위원회의 결론에 따라 결정하겠다고 공언하고 있으나, 사실상 공항 건설이 취소될 가능성은 없다고 보아야 한다. 결론적으로 이번 지방선거를 통해 제주사회를 10년 이상이나 분열과 갈등으로 치닫게 한 소모적 논쟁이 반드시 끝나야 한다. 후보자들은 모호한 태도에서 벗어나 확실한 소신과 해법을 제시하고 도민의 선택을 받아야만 할 것이다.",오마이뉴스,정치,https://n.news.naver.com/mnews/article/047/0002513493?sid=100
"장동혁, 선거는 '신앙'이 아니라 '현실'이다 [기자수첩-정치]","국민의힘, 창당 이래 최저치인 15% 지지율 기록 사실상 사망선고에도 제1야당 수장 사퇴 요구 일축 결과로 평가받겠다면서 해당행위 경고로 후보들 위협 자리 지키는 게 후보들에 '짐'이라면 탐욕에 가까워 장동혁 국민의힘 대표가 23일 오전 서울 여의도 국회에서 열린 국민의힘 최고위원회의에서 모두발언을 하고 있다. ⓒ데일리안 홍금표 기자 [데일리안 = 고수정 기자] 6·3 지방선거를 불과 한 달여 앞두고 제1야당 국민의힘이 유례없는 지지율 15%의 '사망선고'를 받았다. 당 지지율이 '보수 심장'인 대구·경북(TK)에서조차 더불어민주당에 밀리는 초유의 사태 속에서 장동혁 대표는 사퇴 요구를 단칼에 거절했다. ""물러나는 것은 책임 있는 정치인의 모습이 아니다""라며 선거 결과로 평가받겠다는 것이 그의 논리다. 하지만 묻고 싶다. 과연 그가 말하는 '책임'은 누구를 위한 것인가. 지난 24일 장 대표의 발언은 여전히 정치를 '현실'이 아닌 자신의 '신앙'으로 보고 있음을 방증한다. 정치는 결과로 증명하는 현실의 장이다. 당 지지율이 15%까지 추락했다면, 그것은 이미 민심으로부터 리더십이 파산했음을 통보받은 것이다. 엠브레인퍼블릭·케이스탯리서치·코리아리서치·한국리서치가 지난 20∼22일 휴대전화 가상번호(100%)를 이용한 전화 면접으로 진행한 전국지표조사(NBS)에서 국민의힘의 지지율은 15%를 기록했다. 이는 2020년 9월 미래통합당에서 국민의힘으로 당명을 변경한 이후 최저치다. 자세한 내용은 중앙선거여론조사심의위원회 홈페이지 참조. 그런데도 장 대표는 ""방미 성과가 시간이 지나면 보일 것""이라며 민심의 체감과는 동떨어진 '자기 확신'에 찬 태도를 보이고 있다. 외교 현장에서의 실무적 착오 논란마저 ""성과로 평가받겠다""는 말로 덮으려는 것은, 전략적 유연함이 실종된 야당 지도자의 독선에 불과하다. 야당 대표에게 필요한 책임은 자리를 지키는 것이 아니라, 당이 이길 수 있는 환경을 만드는 것이다. 지금 장 대표는 당내 비판을 '해당 행위'로 규정하며 후보들을 위협하고 있다. ""기강이 무너진 군대는 필패한다""는 그의 말은 일견 옳으나, 지금 국민의힘이라는 군대는 장수가 지도를 잘못 읽어 수렁으로 빠져드는 형국이다. 현장의 후보들은 중앙당의 비현실적인 노선 탓에 표가 떨어질까 전전긍긍하고 있는데, 장수만 홀로 ""나를 믿고 따르라""는 교리적 훈계만 반복하고 있다. 특히 수도권과 중도층 지지율이 한 자릿수(NBS 조사 9%)에 머물고 있다는 점은 치명적이다. 이재명 정부의 국정 운영에 실망한 유권자들이 야당인 국민의힘으로 오지 않고 무당층으로 숨어버리는 현실을 장 대표는 직시해야 한다. 국민은 대안이 없는 야당을 결코 선택하지 않는다. 장 대표가 말하는 '성과'가 과연 6월 3일 어떤 모습으로 나타날지 현장의 후보들은 이미 공포를 느끼고 있다. 장 대표는 이제라도 '정신승리'에 가까운 자기 확신에서 내려와야 한다. 책임 정치라는 이름으로 자리를 지키는 것이 후보들에게 '짐'이 되고 있다면, 그 고집은 책임이 아니라 탐욕에 가깝다. 선거는 당 대표의 개인적 명예를 지키는 종교 의식이 아니다. 수많은 후보의 정치적 생명과 당의 운명이 걸린 냉혹한 승부처다. 지금이라도 장 대표는 징계의 칼날을 거두고, 중도층이 고개를 돌린 이유가 무엇인지 뼈저리게 반성해야 한다. ""지방선거 후 당당하게 평가받겠다""는 호기는 자칫 ""지방선거와 함께 당을 공멸시키겠다""는 선언으로 들릴 수 있다. 장 대표에게 남은 37일, 민심의 파도 위에 올라설 수 있는 시간을 놓친다면 6·3 지방선거 결과는 평가가 아니라 '심판'이 될 것이다.",데일리안,정치,https://n.news.naver.com/mnews/article/119/0003084701?sid=100
"[손병관의 뉴스프레소]  ""발 빼기엔 너무 늦었다"" 하정우 보선 출마 수순","4월 27일... '김용 공천 = 영남보수 결집' 걱정하는 민주당 ▲ 4월 27일 한겨레 3면 기사. ⓒ 한겨레 1) ""발 빼기엔 너무 늦었다"", 하정우 보선 출마 수순 하정우 청와대 AI미래기획수석이 6·3 국회의원 부산 북갑 보궐선거 출마 의사를 이번 주 안에 밝힐 것이라고 복수의 신문이 보도했다. 하정우는 이재명 대통령의 인도·베트남 순방 수행을 마치고 24일 밤 귀국했는데, 참석 가능성이 거론됐던 26일 부산 북구 구포초등학교 총동창회 체육행사에 모습을 드러내지 않았다. 그러나 청와대 관계자는 한겨레에 ""하정우가 발 빼기에는, 출마 안 한다고 하기엔 너무 늦었다""며 출마 선언이 임박했음을 시사했고, 또다른 인사도 ""(출마 선언이) 주초를 넘어가진 않을 것""이라고 말했다. 하정우는 27일 이 대통령과 데미스 허사비스 구글 딥마인드 최고경영자(CEO)와의 면담에 배석하는데, 이 일정을 마지막으로 출마 여부를 확정할 가능성이 높다. 공직선거법상 재보선에 출마하려는 공직자는 5월 4일까지 사퇴해야 한다. 하정우가 출마를 결심하면 부산 북갑 보궐선거는 한동훈 전 국민의힘 대표, 박민식 전 국가보훈부 장관과 3파전이 된다. 한동훈은 무소속으로, 박민식은 국민의힘 공천을 희망하며 각각 출사표를 던진 상태다. 미디어토마토가 '뉴스토마토' 의뢰로 24일부터 25일까지 이틀간 만 18세 이상 부산 북구갑 선거구 거주 성인남녀 802명을 대상으로 실시한 여론조사에서는 35.5%가 민주당 하정우를, 28.5%가 무소속 한동훈을, 26.0%가 국민의힘 박민식을 각각 선택했다. 미디어토마토 조사의 표본오차는 95% 신뢰수준에 ±3.5%포인트이며, 응답률은 9.0%다. 자세한 내용은 중앙선거여론조사심의위원회 홈페이지를 참조하면 된다. 한편, 국민의힘 지도부는 김기현(5선)·나경원(5선)·안철수(4선) 의원에게 지방선거 공동 선거대책위원장직을 제안했다고 한다. 장동혁 대표가 열흘 간의 방미 직후 사퇴론에 휩싸인 상황에서 중진 의원 중심의 선대위 구성으로 위기를 돌파하려는 포석으로 풀이된다. 국민의힘 관계자는 중앙일보에 ""대표 사퇴론까지 나오는 상황에서 국면을 전환하려면 선대위 발족이 유일한 상황""이라고 했고, 또다른 원내 인사도 ""대선주자급으로 인지도가 높은 세 명이 선대위원장을 맡는 게 지금으로선 최선의 수""라고 했다. 그러나 안철수의 경우 지난 21일 경기도 지역 의원들과 함께 중앙선대위가 아닌 '자체 선대위'를 발족하겠다는 기자회견을 한 상태다. 안철수는 선대위원장을 수락해달라는 송언석 원내대표의 요청에 ""지역 선거를 준비하면서 수락 여부를 생각해보겠다""고 답했다. 김기현·나경원도 ""아직 확답을 할 수 없는 단계""라는 입장이다. 2) '김용 공천 = 영남보수 결집' 걱정하는 민주당 지도부 하정우가 부산에 출마하더라도 민주당 지도부에는 이 대통령 최측근 김용 전 민주연구원 부원장의 공천 문제가 남아있다. 김용은 26일 김현 의원과 경기 안산시 꿈의교회를 방문한 뒤 전북지사 경선에서 낙선한 안호영 의원이 입원한 서울 녹색병원을 찾았다. 김용은 기자들에게 ""안산의 미래를 위해 책임 있는 역할을 다하겠다""며 이 지역의 공천을 희망한다는 뜻을 내비쳤다. 안산갑에는 원조 친명이면서 정청래 대표와도 가까운 김남국 대변인과 비명(비 이재명)계 전해철 전 의원이 출사표를 냈다. 안호영은 전북지사 공천을 받은 이원택 의원의 '제3자 식사비 대납 의혹' 재감찰을 요구하는 단식을 하다가 입원했다. 안호영은 김용의 병문안에 앞서 페이스북에 ""김용 부원장 공천을 강력히 지지한다""고 썼다. 김용 측에 따르면, 26일까지 김용 공천을 지지한다는 의사를 밝힌 민주당 의원이 64명에 이른다. 당 소속 160명 중 40%에 달하는 숫자다. 김용은 대장동 민간업자들로부터 불법 정치자금을 받은 혐의로 1·2심에서 모두 징역 5년 실형을 선고받고 보석 상태에서 대법원 판결을 기다리고 있다. 재보선에서 당선되더라도 대법에서 유죄가 확정되면 의원직을 상실하게 된다. 김용 출마를 지지하는 의원 대다수가 당 지지율이 높은 수도권과 호남을 지역구로 하는 상황에서 지도부는 의견 표명을 자제하는 나머지 100여 명의 의원에게 무게를 두고 있다. 익명의 지도부 관계자는 한국일보에 ""보수 유권자가 많은 험지 의원들이나 접전을 벌이고 있는 지역에선 조심스러울 수밖에 없다""며 선을 그었다. 현재 30% 전후로 파악되는 무당층 다수가 보수 지지에서 이탈했다고 보기 때문에 김용 공천은 영남 등 험지에서 보수 결집의 계기로 작용할 수 있다는 판단이다. 윤건영 의원은 25일 페이스북에 ""재보선 지역을 주머니 안 쌈짓돈처럼 생각하는 건 아니겠지요, 분위기가 좋으니 누구를 내세워도 된다는 생각은 위험하다""고 썼다. 또다른 민주당 관계자는 조선일보에 ""지도부가 김용을 공천하지 않으면 친명계 의원들이 집단 반발할 가능성도 있다""며 ""막판까지 공천 여부를 고심할 것""이라고 말했다. 3) 변호인 접견권 악용하는 '범털들' 공천헌금 1억원 수수 혐의로 구속기소된 강선우 무소속 의원이 서울구치소 수감 36일간 변호인 접견실을 사실상 매일 이용한 것으로 드러났다. 한국일보가 김승수 국민의힘 의원이 법무부 교정본부로부터 제출받은 접견 기록을 분석한 결과, 강선우는 3월 11일부터 4월 16일까지 총 63회 접견을 받았다. 이 가운데 변호인 접견이 41회로, 하루 평균 1.14회(평일 기준 1.52회)에 달했다. 강선우에게 공천헌금을 건넨 혐의로 함께 수용된 김경 전 서울시의원도 같은 기간 52회(변호인 28회, 민원인 24회) 접견 기록을 남겼다. 강선우 측은 ""쇼핑백을 받았지만 금품인 줄 몰랐다""며 혐의를 부인하고 있다. 변호사 조력권 남용은 강선우만의 문제가 아니다. 이른바 '범털(사회적 지위가 높거나 재력이 있는 수용자)'들은 시간·횟수 제한 없이 변호사를 접견할 수 있는 권한을 이용해 접견실을 독점한다. 윤석열 전 대통령은 구속 319일간 538회(변호인 526회), 한학자 세계평화통일가정연합 총재는 164일간 441회(변호인 347회) 접견한 것으로 파악됐다. 검찰 출신 한 변호사는 ""일명 '집사 변호사'들이 무더기로 접견을 사전 예약해 일과 시간 내내 차지하는 경우도 봤다""고 전했다. 변호인 접견이 많은 상위 12개 교정시설의 접견실 1곳당 연간 변호인 접견 수는 2021년 1096건에서 지난해 1546건으로 급증했다. 부산구치소는 같은 기간 1384건에서 2377건으로 70% 이상 폭증했다. 지난해 기준 300건 이상 변호인 접견을 한 수용자는 고작 13명으로, 이들이 사실상 매일 접견실을 독점한 셈이다. 변호사 1인이 복수 수용자를 동시 예약한 뒤 일부만 나타나는 '노쇼' 관행도 문제다. 한 교정시설 관계자는 ""회차를 연달아 예약해 두거나 시간을 초과한 접견을 요구하면 다른 이들이 피해를 볼 수밖에 없다""고 짚었다. 교정당국은 스마트 접견 시범 운영과 예약 시스템 정비를 추진 중이지만 실효성은 불투명하다. 김승수는 ""변호인 조력권은 헌법상 국민의 기본권으로, 특정 수용자들이 접견실을 독점해 이를 악용해선 안 된다""며 ""사각지대를 해소할 사회적 논의가 필요하다""고 말했다. 4) IMF ""한국 연금지출 증가세, 선진 G20 중 최고"" 한국의 연금 지출 증가 속도가 주요 선진국 가운데 가장 빠르고, 이 추세가 2030년까지 이어질 것이라는 국제통화기금(IMF)의 전망이 나왔다. IMF 재정 모니터 보고서 4월호는 한국의 국내총생산(GDP) 대비 연금 지출 비중이 2025~2030년 0.7%포인트 늘어 선진 G20 9개국 중 증가 폭이 가장 크다고 전망했다. 선진 G20국가는 주요 20개국(G20)에서도 선진 경제로 분류되는 9곳만 추린 걸 뜻한다. 주요 7개국(G7)인 미국·일본·영국·독일·프랑스·캐나다·이탈리아에 한국·호주까지 포함한다. 보고서에서 같은 기간 일본은 0.2%포인트, 미국은 0.5%포인트, 독일은 0.3%포인트, 프랑스는 0.1%포인트에 그쳐 모두 한국을 밑돌았다. 장기 부담은 더 심각하다. 2025년부터 2050년까지 25년간 한국의 연금 지출 증가분을 현재 가치로 환산하면 GDP의 41.4%에 달해 36개국 평균(13.2%)의 3배를 웃돈다. 한국개발연구원(KDI)은 올해 약 23조 1000억원인 기초연금 지출이 2050년에는 연 46조원으로 2배 급증할 것으로 추산했다. 정부는 기초연금 개편 작업에 착수했다. 박홍근 기획예산처 장관은 21일 ""머지않은 연내에 개편안을 마련할 수 있다. 관계 부처와 협의 중""이라고 밝혔다. 이 대통령도 소셜미디어를 통해 소득이 낮을수록 더 지원하는 '하후상박' 원칙의 차등 지급을 제시한 바 있다. 5) '서브 2' 시대 접어든 마라톤 마라톤 역사상 처음으로 '2시간의 벽'이 공식 대회에서 무너졌다. 케냐의 사바스티안 사웨(31)는 26일 런던 마라톤 대회에서 1시간 59분 30초를 기록하며 결승선을 통과했다. 공인 레이스에서 42.195㎞ 풀코스를 2시간 이내에 완주한 것은 사웨가 인류 역사상 처음이다. 사웨의 기록은 2024년 교통사고로 사망한 켈빈 킵툼(케냐)이 2023년 시카고 마라톤에서 세운 종전 세계기록(2시간 00분 35초)보다 65초 빠르다. 2시간 벽을 깬 선수가 이날 둘이나 나왔다. 에티오피아의 요미프 케젤차(29)가 1시간 59분 41초로 2위를 차지했고, 3위 제이컵 키플리모(26·우간다)도 2시간 00분 28초로 종전 세계기록보다 빠른 기록을 남겼다. 사웨와 케젤차는 아디다스가 개발한 초경량 마라톤화 '아디제로 아디오스 프로 에보 3'을 착용했다. 신발 한 짝 무게가 97g으로 이전 모델보다 약 30% 가벼워졌다. 여자부에서도 티지스트 아세파(에티오피아)가 2시간 15분 41초로 우승하며 자신의 여자 단독 레이스 세계기록을 9초 단축했다. 6) 오늘의 1면 톱 ▲ 경향신문 = 또 터졌다, 트럼프 노린 테러 ▲ 국민일보 = '1인 6표 허용' 서울교육감 희한한 경선 ▲ 동아일보 = 트럼프 만찬장서 총격, 범인은 칼텍 출신 강사 ▲ 서울신문 = 총격에 뚫린 트럼프 만찬 ▲ 세계일보 = 트럼프 만찬장 총격… ""외로운 늑대 소행"" ▲ 조선일보 = 3번째 암살 위기, 기회로 뒤집는 트럼프 ▲ 중앙일보 = 또 총성에 노출된 트럼프 ▲ 한겨레 = ""계약직엔 더 주는 '공정수당제' 도입"" ▲ 한국일보 = 이란 전쟁 두 달, 총성 울린 트럼프 만찬장",오마이뉴스,정치,https://n.news.naver.com/mnews/article/047/0002513495?sid=162
차기 코이카 이사장에 김상희 유력 검토…이태호·오준도 거론,"'이미경·김경협' 모델 정무형 수장론…1조 예산·조직 위상 강화 기대감 이재명 정부 '통합·실용' 기조 반영…박용진 이어 비명계 중진 예우 차원 대정부 질문 진행하는 김상희 국회부의장 (서울=연합뉴스) 안정원 기자 = 김상희 국회부의장이 22일 국회 본회의에서 열린 정치·외교·통일·안보에 관한 대정부질문에 참석, 국회 첫 여성 부의장으로 대정부질문을 진행하고 있다. 2020.7.22 jeong@yna.co.kr (서울=연합뉴스) 성도현 기자 = 정부의 무상원조 전담 시행기관인 외교부 산하 한국국제협력단(KOICA·코이카) 차기 이사장에 더불어민주당 4선 의원 출신인 김상희 전 국회부의장이 유력하게 검토되고 있는 것으로 확인됐다. 27일 연합뉴스 취재를 종합하면 장원삼 현 이사장의 임기가 오는 7월 9일 만료됨에 따라 정부는 최근 연간 1조원대 공적개발원조(ODA) 예산을 집행하는 차기 수장 인선 작업에 착수했다. 현재로서는 헌정사상 첫 여성 국회부의장이라는 상징성을 가진 김 전 부의장이 국회 보건복지위원회와 외교통일위원회 등을 거친 바 있어 전문성 측면에서 높은 점수를 받는 것으로 알려졌다. 임명장 수여하는 이재명 대표 (서울=연합뉴스) 백승렬 기자 = 더불어민주당 이재명 대표가 2일 국회에서 열린 초저출생·인구위기대책위원회 출범식에서 김상희 위원장에게 임명장을 수여하고 있다. 2023.2.2 srbaek@yna.co.kr '김경협 모델' 적용하나…헌정 첫 여성 부의장·보건 전문성 이번 인선의 핵심 기류는 외교부 산하 기관장에 정통 외교관이 아니라 힘 있는 정치인 출신이 필요하다는 이른바 '김경협 모델'의 적용이다. 출범 초기 대사 출신이 연달아 청장으로 임명된 재외동포청은 지난해 3선 의원 출신인 김경협 청장이 오면서 위상이 강화됐다는 평가를 받는다. 외통위원 출신으로서 국회와 예산 당국과의 협상에서 주도권을 잡으며 동포청의 입지를 넓혔다는 것이다. 1조원대 예산을 다루는 코이카 역시 단순히 사업 집행기관 수준을 넘어 국가 전략의 핵심 축으로 거듭나야 한다는 정부 입장에서 범정부 차원의 조율 능력과 정무적 돌파력을 갖춘 김 전 부의장이 적임자라는 분석이 나온다. 이번 인선은 이재명 정부가 강조하는 '통합'과 '실용' 기조와도 연결된다. 최근 박용진 전 의원을 총리급인 규제합리화위원회 부위원장으로 발탁한 것과 같은 맥락에서 '비명계' 중진들을 국정 파트너로 포용하려는 의지라는 시각도 있다. 김 전 부의장과 김 청장은 경기 부천을 기반으로 한 비명계 중진이다. 각각 라임 특혜환매 의혹 여론전과 기소 후 무죄 확정판결 등 정치적 시련을 겪으면서도 이재명 대표 시절 공천 배제 결정에 승복하고 '선당후사'를 택했다는 공통점도 있다. 특히 충남 공주 출신인 김 전 부의장은 오는 6·3 국회의원 재보궐 선거에서 박수현 충남도지사 후보의 지역구인 '공주·부여·청양'에 출마하라는 주변 권유에 ""후배들에게 길을 열어줘야 한다""며 거듭 고사한 것으로 전해졌다. 정치권의 한 관계자는 ""박용진 전 의원의 발탁이 실력을 기반으로 한 통합이었다면 김 전 부의장 카드는 헌정사상 첫 여성 국회부의장에 대한 예우와 보건 전문성을 결합한 실용적 선택이 될 수 있다""고 말했다. 새정치연합, 4대강 국조·특검 요구 (서울=연합뉴스) 진성철 기자 = 새정치민주연합 4대강불법비리진상조사위원회 우원식(왼쪽 부터), 이미경, 김상희, 박수현 의원이 23일 국회 정론관에서 4대강 사업에 대한 국정조사와 특검 실시를 요구하고 있다.  2014.12.23 zjin@yna.co.kr 닮은꼴 이미경과 김상희…'송진호 사태' 트라우마 극복 과제 김 전 부의장이 차기 수장으로 유력하게 검토되는 배경에는 문재인 정부 시절 5선 의원 출신인 이미경 전 이사장 선례가 있다. 이 전 이사장은 당시 30년 역사의 코이카 최초 여성 이사장이자 첫 정치인 출신으로 주목받았다. 두 사람은 여성 운동과 시민사회에 뿌리를 둔 여성 중진이라는 점, 국정 전반을 아우르는 정무적 체급을 갖췄다는 점 등에서 닮아있다. 이에 더해 김 전 부의장은 실무적 전문성이 강점이라는 분석도 나온다. 약사 출신으로 국회 여성가족위원장 등을 지낸 그는 최근까지 조현 외교부 장관 등과 한국글로벌보건연맹(이사장 원희목 서울대 특임교수) 이사로 활동하며 보건 ODA 분야의 깊이를 더해왔다. 코이카 안팎에서는 김 전 부의장이 보건의료 분야의 전문성을 바탕으로 시스템에 기반해 조직을 운영했으면 하는 바람이 감지된다. 그가 이재정 의원, 김 청장 등과 외통위에서 함께 활동하며 쌓은 국회 네트워크가 큰 자산일 거라는 전망도 있다. 코이카 구성원들은 지금도 이 전 이사장 시절 향수를 떠올린다. 이 전 이사장이 외교부와 기획재정부(현 재정경제부), 청와대에 '할 말 하는 리더십'을 보여줬고, 이는 조직 위상 강화와 예산 확보로 이어졌다고 평가한다. 이처럼 정치인 출신 수장에 대한 기대감은 높지만, 과거 '이미경-송진호 사태'에 대한 트라우마도 상존한다. 이 전 이사장 체제에서 벌어진 송진호 당시 사회적가치경영본부 이사의 독주와 그에 따른 조직 내 갈등은 아직도 치유되지 못했다. 이 전 이사장이 이를 매끄럽게 매듭짓지 못한 채 임기를 마무리하며 코이카 구성원들이 고스란히 그 여파를 감당해야 했기 때문이다. 이에 정치인 출신 수장이 온다면 이를 반면교사로 삼아야 한다는 의견이 많다. 이태호 전 외교부 차관(왼쪽)과 오준 세이브더칠드런 코리아 이사장 [외교부 제공. 재판매 및 DB 금지] 정통 외교관 하마평…'안정성' 이태호·'글로벌 브랜드' 오준 이처럼 '김상희 대세론' 속에서도 정통 외교관 출신인 이태호 전 외교부 차관과 주유엔 대사를 지낸 오준 세이브더칠드런 코리아 이사장의 이름도 계속 오르내린다. 이 전 차관은 외교부 내 대표적인 경제·통상 전문가다. 경제외교조정관과 2차관, 주제네바 한국대표부 대사 등을 지낸 그는 급변하는 글로벌 공급망 질서 속에서 ODA를 국가 전략자산으로 활용할 수 있는 무게감 있는 인사로 꼽힌다. 조현 장관과는 외무고시 3기수 후배로, 문재인 정부 시절 조현 1차관-이태호 2차관 라인을 구축하며 상호 신뢰를 쌓은 인연이 있다. 이 전 차관이 코이카로 향한다면 관리·감독 부처인 외교부와 원활한 소통이 가능할 거라는 시각도 있다. 그러나 탁월한 실무적 안정성은 갖췄지만, 예산 확보 등을 위해 예산 당국과 과감하게 협상해야 하는 현 코이카 상황에서 정치인 출신에 비해 정무적 돌파력은 아쉽다는 의견이 있다. 오 이사장은 주유엔 대사 출신이라는 전문성에 더해 지난 9년간 국제아동권리 비정부기구(NGO) 세이브더칠드런 코리아를 이끌며 다져온 현장 리더십을 높이 평가받는다. 오는 6월 말 3선 이사장 임기 만료를 앞두고 있기도 해 주목받는 상황이다. 그는 지난해 세이브더칠드런 국제연맹 이사로 선출돼 글로벌 ODA 네트워크에서의 존재감을 다시 한번 입증했다. 송진호 사태 이후 시민단체 출신 인사에 대해 예민해진 코이카 내부에서도 실무 능력을 검증받은 오 이사장에 대한 거부감은 적다. 하지만 국제연맹 이사 임기를 절반 이상 남긴 상황에서 중도 사퇴하고 코이카로 옮기는 것은 외교적 결례가 될 수 있다는 지적과 원조 혜택을 받는 NGO 임원 경력에 따른 이해충돌 우려 등도 있다. 경기도 성남시에 있는 코이카 [코이카 제공. 재판매 및 DB 금지] 코이카 내주 이사회 개최…5월 중순 임추위 구성·공모 예상 코이카는 다음 주 중 이사회를 열고 차기 이사장 인선을 위한 임원추천위원회(임추위) 구성 안건을 논의할 예정이다. 이후 5월 중순 임추위를 정식으로 구성하고 공모 절차에 들어가면 차기 수장의 윤곽이 뚜렷해질 것으로 예상된다. 장원삼 이사장은 임기 만료일인 7월 9일에 퇴임식을 하고 물러날 것으로 알려졌다. 1조원 시대를 연 코이카의 새 리더십이 정부의 실용 외교 기조 속에서 향후 어떻게 자리 잡을지 국제개발협력계 안팎에서 주목하고 있다. raphael@yna.co.kr",연합뉴스,정치,https://n.news.naver.com/mnews/article/001/0016043892?sid=104
위성곤 사퇴로 열리는 서귀포 보선…제2공항 다시 표심 가른다,"민주당·국민의힘·조국혁신당 후보군 하마평…원희룡 복귀설도 여론조사선 추진 27.9%·중단 27.8%…찬반 여전히 '팽팽' 제주 제2공항 예정부지인 서귀포 성산읍 일대(자료사진)/뉴스1 (제주=뉴스1) 고동명 기자 = 위성곤 더불어민주당 제주도지사 후보가 이번 주 의원직을 사퇴하면 6·3 지방선거와 함께 치러지는 서귀포 국회의원 보궐선거도 본격화할 전망이다. 후보군 하마평이 무성한 가운데, 10여 년째 제주 최대 갈등 현안인 제2공항 문제가 이번 선거의 핵심 쟁점으로 떠오를 것으로 보인다. 27일 지역 정치권에 따르면 위 후보의 사퇴로 치러지는 이번 서귀포 보궐선거는 선거 초반부터 제2공항 이슈가 전면에 설 가능성이 크다. 제2공항 예정지인 성산읍이 서귀포 선거구에 포함돼 있어서다. 제2공항은 지난 10여 년간 서귀포는 물론 제주 전체를 관통해 온 최대 현안이다. 이번 보선에서도 후보들의 찬반 입장뿐 아니라 장기화한 갈등을 어떻게 풀어낼 것인지가 표심을 가를 주요 변수로 꼽힌다. 실제 최근 발표된 제2공항 관련 여론조사에서는 찬반이 팽팽했다. 전체 응답자의 27.9%는 ""정부 계획대로 추진해야 한다""고 답했고, 27.8%는 ""전면 중단해야 한다""고 답했다. 격차는 0.1%포인트에 그쳤다. ""주민투표 결과에 따라 결정해야 한다""는 응답은 21.7%, ""환경영향평가 결과에 따라 결정해야 한다""는 응답은 18.3%였다. ""잘 모르겠다""는 응답은 4.4%였다. 지역별로는 온도차도 나타났다. ""정부 계획대로 추진해야 한다""는 응답은 서귀포시 읍면지역에서 40.8%로 높게 나타났고, ""전면 중단해야 한다""는 응답은 제주시 읍면지역에서 29.3%로 상대적으로 높았다. ""주민투표 결과에 따라 결정해야 한다""는 응답은 제주시 동지역, ""환경영향평가 결과에 따라 결정해야 한다""는 응답은 서귀포시 동지역에서 비교적 많았다. 후보군도 서서히 윤곽을 드러내고 있다. 민주당은 재·보궐선거 전략공천 원칙을 세운 가운데 고유기 대통령실 행정관, 김성범 해양수산부 차관, 이종우 전 서귀포시장 등이 거론된다. 국민의힘에서는 지난 2024년 총선에서 위 후보와 맞붙었던 고기철 제주도당위원장이 하마평에 오르고 있다. 조국혁신당에서는 정춘생 의원이 물망에 오르고 있다. 여기에 제주지사와 국토교통부 장관을 지낸 원희룡 전 장관의 정계 복귀 가능성도 정가에서 흘러나오고 있다. 한편 도내 시민단체 등으로 구성된 '제주 제2공항 강행저지 비상도민회의'가 발표한 후보별 입장에 따르면 위 후보는 ""안전문제가 해소돼야 한다""는 전제를 달고 유일하게 찬성 입장을 밝혔다. 국민의힘 문성유 제주도지사 후보는 찬반 입장 표명 없이 갈등 해결에 주력하겠다고 했고, 진보당 김명호 후보와 무소속 양윤녕 후보는 반대 입장을 밝혔다. 정가에서는 이번 서귀포 보선이 단순한 보궐선거를 넘어 제2공항을 둘러싼 제주 민심의 향배를 다시 확인하는 무대가 될 수 있다는 관측이 나온다.",뉴스1,정치,https://n.news.naver.com/mnews/article/421/0008912526?sid=162
"통영시 라선거구(정량·북신·무전동), 시의원 정수 1명 증가","통영시의회 총 14명, 고성군 도의원 2명 유지 정점식 의원, 정책위의장·선거법 전문가로서 농어촌 의석 조정 위해 전방위적 노력 [통영=뉴시스] 신정철 기자= 국민의힘 정점식 의원(경남 통영시·고성군)은 경남 통영시 시의원 정수가 기존 13명에서 14명으로 늘어나고 고성군 도의원 정수는 현행대로 유지하는 것으로 확정됐다고 27일 밝혔다. 사진은 정점식 의원의 의정활동 모습.(사진=뉴시스DB).2026.04.27. photo@newsis.com *재판매 및 DB 금지 [통영=뉴시스] 신정철 기자 = 경남 통영시 시의원 정수가 기존 13명에서 14명으로 늘어났다. 국민의힘 정점식 의원(경남 통영시·고성군)은 지난 18일 국회 본회의를 통과한 '공직선거법' 개정안에 따라 통영시의 시의원 정수 1명을 늘리고, 도의원 정수 축소 우려가 제기됐던 고성군의 의석을 현행대로 유지하는 성과를 이끌어냈다고 27일 밝혔다. 통영시의 경우 인구감소지역에 대한 특례 규정을 적용한 중대선거구제 확대 시범실시 지역에 포함시켜 시의원 정수 1명을 추가 확보했다. 이번 개정안에 따라 증원된 1명은 인구 대비 의원 수가 적어 과소 대표 문제가 제기됐던 통영시 라 선거구(정량동·북신동·무전동)에 배정되는 것으로 확정됐다. 통영시 라 선거구는 기존 2명에서 3명으로 늘어난다. 참고로 라 선거구는 2025년 12월 31일 기준 인구수 2만 9866 명, 선거인수 2만 6471 명이다. 이로써 통영시의회 의원 정수는 기존 13명에서 14명(비례 2명 포함)으로 늘어나며, 2명에서 3명 체제로 확대된 라 선거구를 중심으로 지역 주민들의 목소리를 더욱 충실하고 세밀하게 대변할 수 있게 될 전망이다. 또 고성군은 최근 인구 5만 명 기준이 무너지면서 이번 지방선거에서 도의원 정수가 2명에서 1명으로 줄어들 가능성이 제기돼 왔다. 그러나 인구감소지역에 대한 특례 규정을 적용하여 도의원 선거구 구역표를 개정함으로써 현행 도의원 2명 체제를 유지할 수 있도록 했다. 이 같은 결과는 국민의힘 정책위의장이자 국회 내 대표적인 선거법 전문가인 정점식 의원이 농어촌의 특수성을 고려한 선거구 조정의 필요성을 끈질기게 설득하며 전방위적인 노력을 기울여 온 성과로 풀이되고 있다. 정점식 의원은 “단순한 인구 논리에 밀려 지역의 목소리가 위축되는 것은 국가균형발전의 토대를 흔드는 일”이라며 “통영시 시의원 증원과 고성군 도의원 현행 유지는 우리 지역의 정치적 자존심을 지키고 주민들의 의사를 더욱 세밀하게 대변하기 위한 최소한의 안전장치”라고 강조했다. 이어 “이번 선거구 획정 결과는 통영·고성 주민들과 함께 만들어낸 소중한 결실”이라며, “앞으로도 인구 감소 지역의 특수성이 국가 정책과 입법에 적극 반영될 수 있도록 최선을 다하겠다”라고 덧붙혔다.",뉴시스,정치,https://n.news.naver.com/mnews/article/003/0013910571?sid=102
부산 북갑서 마주친 한동훈·박민식…어색한 악수만,"<앵커> 이번 국회의원 보궐 선거의 관심 지역인 부산 북갑의 한 행사장에서 국민의힘 후보로 출마를 준비 중인 박민식 전 장관과 무소속 출마를 선언한 한동훈 전 대표가 마주쳐 신경전을 벌였습니다. 민주당 쪽 후보로 거론되는 하정우 청와대 AI수석은 참석하지 않았습니다. 김보미 기자입니다. <기자> 국민의힘 상징색인 빨간 옷의 박민식 전 국가보훈부 장관과 흰옷을 입은 한동훈 전 국민의힘 대표. 부산 북갑에 출사표를 던진 두 사람이 북구에 있는 구포초등학교의 동창회 행사에 나란히 참석해 시민들을 만났습니다. 두 사람은 말없이 짧게 악수만 했고, 행사장에서 가까운 자리에 앉았지만 서로에게 말 한마디 건네지 않았습니다. 국민의힘 공천을 바라는 박 전 장관은 무소속 출마를 선언한 한 전 대표와 단일화할 생각은 없다고 선을 그었고, [박민식/전 국가보훈부 장관 : 단일화 가능성은 저는 '0(제로)'이고 그것은 어떻게 보면 북구 주민에 대한 모독이다, 이렇게 생각합니다.] 한 전 대표는 지역 발전이 더딘 건 정치인들의 부족함 때문이라면서 부산 북강서갑에서 재선 의원을 지낸 박 전 장관 등을 겨냥했습니다. [한동훈/전 국민의힘 대표 : 북갑이 더욱 더 발전돼야 된다. 숙제가 분명히 남아 있고 그동안의 정치인들이 그걸 못 해왔다고 생각합니다.] 북갑 지역구 현역 의원인 민주당 전재수 부산시장 후보와 민주당 지도부가 북갑 출마를 설득 중인 하정우 청와대 AI미래기획수석은 어제 행사에 참석하지 않았습니다. 하 수석은 이르면 오늘(27일) 자신의 거취에 대한 입장을 밝히겠다고 지난 16일 언급한 바 있습니다. 여권 고위 관계자는 ""출마 여부 결정은 하 수석 본인의 몫""이라며 ""안 나겠다는 것을 떠밀 수도, 나가겠다는 것을 말릴 수도 없다""라고 말했습니다. 국민의힘은 어제 공천관리위원회 회의를 열었지만, 북갑 공천 문제는 논의되지 않은 것으로 전해졌습니다. (영상취재 : 정성욱 KNN, 영상편집 : 남 일)",SBS,정치,https://n.news.naver.com/mnews/article/055/0001351561?sid=100
文 전 대통령 오늘 국회 방문…'판문점선언' 8주년 기념사,"지난해 이어 올해도 직접 참석…퇴임 후 두 번째 문재인 전 대통령이 19일 오후 경기 파주 캠프그리브스에서 열린 9·19 평양공동선언 7주년 기념식에서 기념사를 하고 있다. 2025.9.19 ⓒ 뉴스1 국회사진기자단 (서울=뉴스1) 홍유진 기자 = 문재인 전 대통령이 27일 국회에서 열리는 '4·27 남북 판문점선언' 8주년 행사에 참석한다. 정치권에 따르면 이날 오후 국회 의원회관에서 판문점선언 8주년 기념행사가 개최된다. 올해 행사는 민주정부 한반도평화 계승발전 협의회와 통일부가 공동 주최한다. 문재인 전 대통령은 지난해에 이어 올해도 직접 참석해 기념사를 할 예정이다. 문 전 대통령이 퇴임 후 국회를 찾는 것은 지난해 기념식 이후 이번이 두 번째다. 우원식 국회의장은 국회를 방문한 문 전 대통령 내외를 맞이해 국회 주요 시설을 안내할 예정이다. 오후 1시 10시 사랑재에서 출발해 본청 정현관, 국회 상징석, 독립 기억 광장, 임시의 정원 등을 함께 둘러본다. 이날 행사에서는 우 국회의장, 정청래 더불어민주당 당대표, 조국 조국혁신당 대표가 축사를 할 예정이다. 정동영 통일부 장관, 권노갑 김대중재단 이사장, 차성수 노무현재단 이사장, 임동원 한반도평화포럼 이사장도 환영사를 한다. 판문점 선언은 2018년 4월 27일 문 전 대통령과 김정은 북한 국무위원장이 판문점에서 진행한 남북정상회담 이후 낸 선언문으로 △핵 없는 한반도 실현 △종전 선언 △남북공동연락사무소 설치 등의 내용이 담겼다.",뉴스1,정치,https://n.news.naver.com/mnews/article/421/0008912513?sid=100
사실상 ‘지구당 부활’…공천구조 개선 효과 ‘미지수’,"[앵커] 지방선거를 앞두고 공천 구조를 개선해야 한다는 목소리가 커지고 있습니다. 얼마 전 사실상 '지구당 부활'을 허용하는 정도의 정당법 개정안이 통과됐습니다. 하지만 고착된  1인 공천 구조를 바꾸기에는  부족하다는 지적이 나옵니다. 손은혜 기자가 보도합니다. [리포트] 재선 기초의원 김 모 씨. 첫 출마 때 공천받기 위해 적지 않은 돈을 들였다고 말합니다. [김OO/지방의회 의원 : ""한 3, 4천만 원의 돈을, 공천을 받기 위해서 인맥을 만들고, 인정받기 위해서 1년이라는 시간 동안 다 쓴 거죠.""] 어렵사리 들어온 지방의회에서 그가 목격한 건 주민을 위한 의정활동만이 아니었습니다. [""의정활동 출석률 꼴찌고 조례 발의 꼴찌고 해도 지역위원장이 공천만 주면...수족 노릇을 얼마나 잘하느냐. 그거를 보고 공천을 주는 것 같아요.""] 당협위원장이나 지역위원장 등 한 사람에게 결정권이 집중된 공천 구조. 지구당 운영이나 조직 관리는 엄연히 불법이었지만 정작 공천 심사에서는  조직력부터 따져왔다고 합니다. [장진영/국민의힘 서울시당 공관위 부위원장 : ""(당협위원장을) 매수하면 공천까지 연결될 수 있는 가능성이 매우 높아지죠. 취약한 것은 맞습니다. 너 사무실 있니? 직원은 몇 명이니? 이런 거를 또 물어봐요. 그게 굉장히 중요한 점수로 들어갑니다. 이런 모순이 어디 있어요?""] 지난 18일, 정당법 개정안이 국회 본회의를 통과했습니다. 당원협의회 등의 사무소 설치를 허용해 지역 정치를 활성화하고 원외인사 차별을 해소하겠다는 취지입니다. 하지만 활동 기준 등이 모호해 '반쪽 제도'라는 비판도 나옵니다. [윤왕희/한국지방의회학회장 : ""자질 안 되는 사람이 와서 자기한테 시켜달라고 하는 그런 구조가 되는 거죠. 그 지역의 정당 조직, 주민들의 의견이 반영될 수 있는 형태로 공식적으로 바뀔 필요가 있고. 체제가 정립돼 가는 시간이 필요할 거다.""] 정치 전문가들은 권한이 한 사람에게 집중된 기존 공천 구조부터 바꾸지 않는 한, 반복되는 공천 논란을 줄이기는 어렵다고 지적합니다. KBS 뉴스 손은혜입니다. 영상편집:유지영 ■ 제보하기 ▷ 전화 : 02-781-1234, 4444 ▷ 이메일 : kbs1234@kbs.co.kr ▷ 카카오톡 : 'KBS제보' 검색, 채널 추가 ▷  유튜브, 다음에서도 KBS뉴스를 구독해주세요!",KBS,정치,https://n.news.naver.com/mnews/article/056/0012169991?sid=100
"윤석열 부부 항소심, 이번 주 줄선고…공판 생중계 예정","법원, 윤석열 '체포방해' 항소심 29일 김건희 '통일교 금품수수' 28일 선고 ◆…법정에 출석하는 윤석열 전 대통령(사진 왼쪽)과 김건희 여사. [사진 = 연합뉴스] 고위공직자범죄수사처(공수처) 체포 방해 혐의를 받는 윤석열 전 대통령과, 통일교로부터 금품을 수수한 의혹을 받는 김건희 여사에 대한 항소심이 이번 주 선고될 예정이다. 두 사건 선고 공판은 모두 생중계된다. 27일 법조계에 따르면, 서울고법 형사1부(윤성식 부장판사)는 오는 29일 오후 3시 윤 전 대통령의 특수공무집행방해, 직권남용 권리행사방해 등 혐의 사건의 항소심 선고 공판을 연다. 지난 2월 서울고법 내란전담재판부 출범 후 이뤄지는 첫 선고다. 재판부는 선고 공판을 생중계할 예정이다. 법원 자체 장비로 촬영한 뒤 방송사에 실시간 송출하는 방식으로, 1심에서도 이러한 생중계가 이뤄진 바 있다. 윤 전 대통령은 지난해 1월 자신에 대한 공수처의 체포 시도를 저지하려 한 혐의, 12·3 비상계엄 선포 당시 국무회의 외관을 갖추려 일부 국무위원만 소집해 다른 국무위원들의 계엄 심의권을 침해한 혐의, 계엄 해제 후 허위 선포문을 만들고 폐기한 혐의 등을 받는다. 지난 1월 1심은 윤 전 대통령의 주요 혐의를 유죄로 판단해 징역 5년을 선고했다. 앞서 내란 특검팀(조은석 특별검사)은 윤 전 대통령에 대해 징역 10년을 선고해달라고 요청한 바 있다. 이는 1심 때와 동일한 구형량이다. '통일교 금품 수수 의혹'을 받는 김 여사 항소심 선고도 이번 주 이뤄진다. 서울고법 형사15-2부(신종오 성언주 원익선 고법판사)는 이날 오후 3시 김 여사의 특정경제범죄 가중처벌법상 알선수재, 자본시장법 위반 등 혐의 사건 선고 공판을 연다. 이 사건 선고도 윤 전 대통령 건과 마찬가지로 생중계된다. 김건희 특검팀(민중기 특별검사)은 지난해 12월 결심 공판에서 김 여사에게 △도이치모터스 주가조작(자본시장법 위반) △'정치브로커' 명태균 무상 여론조사(정치자금법 위반) △통일교·건진법사 현안 청탁(특정범죄가중처벌법상 알선수재) 3가지 혐의를 적용했다. 이를 바탕으로 김건희 특검팀은 김 여사에게 징역 15년과 벌금 20억 원, 추징금 9억4800여만원 등을 구형했다. 그러나 1심 재판부는 도이치모터스 주가조작, 명씨가 연루된 여론조사 수수 혐의는 무죄로 보고, 통일교로부터 명품 가방·목걸이를 받은 혐의만 일부 유죄로 인정해 징역 1년 8개월, 추징금 1281만5000원을 선고했다. 한편, 이들 부부는 지난 14일 윤 전 대통령이 연루된 '명태균 여론조사 수수 사건' 재판에서 김 여사가 증인으로 출석하게 되며 재회한 바 있다. 윤 전 대통령은 피고인 석, 김 여사는 그 대각선 증인석에 각각 자리했는데 이들은 피고인 신분으로 약 9개월 만에 법정에서 대면한 것이었다.",조세일보,정치,https://n.news.naver.com/mnews/article/123/0002382034?sid=100
"국조특위, 막판 '특검 카드' 만지작…공소취소는 신중","28일 종합 청문회·30일 전체회의…'특검 여부' 주목 '위법적 수사, 특검 불가피'…'삼권 분립 위배' 비판도 19일 서울 여의도 국회에서 열린 윤석열 정치검찰 조작기소 국조특위 기자간담회에서 이건태 더불어민주당 의원이 발언하고 있다. 2026.4.19 ⓒ 뉴스1 이승배 기자 (서울=뉴스1) 이승환 기자 = 국회 '윤석열 정권 정치검찰 조작 기소 의혹 사건 진상규명 국정조사 특별위원회'(국조특위)가 활동 종료를 10여 일 앞두고 특검 카드를 검토하고 있다. 국정조사 과정에서 드러난 검사들의 위법 수사 의혹을 고리로 고발 조치에 나선 뒤, 특검 수사로 넘기는 방안이 거론된다. 그러나 법조계와 야권에선 사법부의 영역까지 입법부가 침범한다거나 사실상 '특검 만능론'으로 사정 정국을 조성한다는 우려가 나온다. 내달 8일 국조특위 활동 종료…'특검 카드' 만지작 27일 정치권에 따르면 국조특위는 △대장동 사건 △위례 사건 △김용 전 민주연구원 부원장 사건 △쌍방울 대북 송금 사건 △통계 조작 사건 △서해 공무원 피격 사건 △윤석열 명예훼손 허위 보도 의혹 등 7건에 대한 검찰의 수사 과정에서 위법성이 없었는지 조사했다. 대부분 이재명 대통령(대장동·위례·김용·쌍방울)이나 문재인 정부(통계조작·서해 공무원 피격)와 관련된 사건이다. 특위는 오는 28일 종합 청문회를 진행하고 30일 전체회의를 열어 위증 증인과 불출석 증인에 대한 고발 건, 국정조사 결과서 채택 안건을 처리한다는 방침이다. 특위는 활동 기간이 다음 달 8일까지인데, 국정조사가 더 필요할 경우 본회의 의결을 거쳐 종료일을 연장할 수 있도록 했다. 현재 특위에선 더불어민주당 등 범여권 의원들을 중심으로 국정조사에서 드러난 사실들을 바탕으로 특별검사를 도입해야 한다는 주장이 나오고 있다. 서영교 국조특위 위원장은 전날(26일) 뉴스1과 통화에서 특검 가능성과 관련해 ""특검을 하게 되면 법사위에서 논의해야 한다""고 밝혔다. 국조특위 여당 간사인 박성준 의원도 지난 19일 기자간담회에서 ""진실 규명을 위해 특검으로 반드시 가야 한다""고 말했다. 국정조사장 뒤흔든 '박상용 형량 거래 의혹'…박 검사는 ""무고"" 반박 지난 국조특위 과정에서 가장 관심을 끌었던 것은 박상용 검사와 이화영 전 경기도부지사의 변호인인 서민석 변호사가 2023년 5~6월 쌍방울 대북송금 사건과 관련해 통화한 내용이 담긴 녹취록이다. 특위 소속 민주당 전용기·한준호·김동아 의원은 녹취록을 공개하면서 박 검사가 서 변호사를 상대로 ""이 대통령을 주범, 이 전 부지사를 종범으로 하겠다""며 형량 거래를 했다고 폭로했다. 그러나 박 검사는 녹취록이 짜깁기 됐고 서 변호사가 먼저 형량 거래를 제안했다며 무고를 주장하고 있다. 14일 서울 여의도 국회에서 열린 제434회국회(임시회) 윤석열 정권 정치검찰 조작기소 의혹 사건 진상규명 국정조사특별위원회 쌍방울 대북송금 조작기소 의혹 사건 청문회에서 증인으로 출석한 박상용 검사가 증인 선서 거부 및 소명서 미제출로 퇴장 당해 대기실로 향하고 있다. 2026.4.14 ⓒ 뉴스1 이승배 기자 대북 송금 사건의 핵심은 쌍방울이 경기도가 북측에 내야 할 스마트팜 사업비(500만 달러)와 이재명 당시 도지사의 방북 비용(300만 달러) 등 총 800만 달러를 대납했다는 것이다. 방용철 전 쌍방울 부회장은 국조특위에서 ""김성태 전 쌍방울 회장이 필리핀에서 북한 대남공작원 리호남에게 돈을 지급했다""고 증언했지만, 국정원 측은 ""당시 리호남이 필리핀에 없었다""고 밝혀 진실 공방이 거셌다. 검찰은 이 사건과 관련해 제3자 뇌물 등 혐의를 적용해 이 대통령을 기소했지만 여권은 검찰의 조작 수사 및 기소 가능성을 문제 삼고 있다. 검찰 내부에서도 '국조특위의 당위성과 별개로 박 검사가 무리한 수사하긴 했다'는 지적이 적지 않다. 공소취소에 신중한 與, '논의 필요' 판단 법사위는 지난 8일 전체 회의를 열어 국회에서의 '허위 증언'을 사유로 박 검사를 고발하는 안건을 의결했다. 국조특위는 대장동 2기 수사팀이었던 김영석·강백신 검사와 호승진 전 검사 등을 고발하는 방안도 확정해 본회의에서의 처리를 추진할 것으로 예상된다. 이들이 고발된다면 고위공직자범죄수사처(공수처)가 먼저 수사하고, 이후 관련 법안이 국회를 통과해 특검이 출범하면 해당 고발 건을 이첩받아 수사하는 방안이 언급된다. 또 특검법이 통과된 후 당 차원에서 위법 수사 혐의가 있는 검사들을 고발하면 특검이 해당 피의자들을 수사하는 방안이 제기된다. 박 검사와 야권에선 특검이 이 대통령 관련 사건에 대한 공소 취소도 추진할 것이라며 반발하지만 현재 특위 내부에선 공소 취소에 대해 신중한 분위기다. 국조특위 한 관계자는 ""특검법(특별검사의 임명 등에 관한 법률)은 법사위에서 논의해야 할 사안""이라며 ""특검이 수사 이후 공소 취소를 할지는 현재로서 알기 어렵다""고 했다. 국조특위 활동을 주도하는 한 여당 의원도 ""특검에 의한 공소취소를 속단할 단계는 아니다""며 말을 아꼈다. 진성준 더불어민주당 간사와 김형동 국민의힘 간사가 16일 서울 여의도 국회 윤석열정권정치검찰조작기소의혹사건진상규명국정조사특별위원회에서 열린 대장동·김용 전 민주연구원 부원장·위례신도시 조작기소 의혹 사건 청문회에서 대화하고 있다. 2026.4.16 ⓒ 뉴스1 신웅수 기자 야권과 법조계는 국조특위의 활동에 강하게 문제를 제기하며 여권과 충돌하고 있다. 특위 범여권 의원들은 대장동 사건 2기 수사팀이 재판 과정에서 재생한 정영학 회계사와 남욱 변호사의 대화 녹취록에서 위례신도시'를 '윗어르신들'로, '재창이형'을 '실장님'으로 바꾸는 등 조작했다는 입장이다. 반면 2기 수사팀은 검사가 아닌 속기사가 정영학 녹취록을 작성했으며 편집본이 아닌 원본 파일을 법원에 제출한 만큼 조작 의도가 없다고 항변한다. 법조계에서는 대북 송금 등 법원이 인정한 혐의에 대해서도 국조특위 여권 의원들이 조작을 주장한다며 삼권 분립에 정면으로 어긋난다는 비판이 나온다.",뉴스1,정치,https://n.news.naver.com/mnews/article/421/0008912503?sid=100
"여야, 백악관 만찬 총격에 “폭력·테러 안돼” 한목소리","지난 25일(현지 시간) 워싱턴DC 힐튼호텔에서 열린 백악관출입기자협회(WHCA) 주최 만찬에서 총격으로 추정되는 폭음에 헤드테이블에 앉아 있던 도널드 트럼프 대통령이 피신하고 있다. AP연합뉴스 여야가 도널드 트럼프 미국 대통령이 참석한 백악관 기자단 만찬 행사장에서 총격 사건이 발생한 것을 두고 “어떤 경우에도 폭력과 테러는 용인될 수 없다”고 한 목소리를 냈다. 강준현 민주당 수석대변인은 전날 서면브리핑을 통해 “(이번 사태가) 심각한 유혈사태로 번지지 않고 상황이 일단락된 점을 다행으로 생각한다”며 이 같이 밝혔다. 강 수석대변인은 “갈등을 폭력으로 해결하려는 순간, 평화는 보장되지 않는다”며 “합리적 대화와 민주적 타협의 과정으로 다름을 극복해야 한다는 정치의 기본 원칙을 다시금 상기할 때”라고 했다. 또 “이번 사건을 계기로 누구든 테러를 통해 자신의 의사표명을 하는 일이 근절되기를 바란다”고 덧붙였다. 조용술 국민의힘 대변인은 “이번 총격 사건은 정치적 입장과 무관하게 강력히 규탄받아야 할 중대범죄”라며 “큰 충격을 받았을 미국 시민과 도널드 트럼프 대통령께 깊은 위로의 뜻을 전한다”고 했다. 그는 “정치적 반대나 사회적 불만이 물리적 수단으로 표출되는 순간, 공동체의 질서는 무너지고 민주주의의 기반 또한 심각하게 위협받게 된다”면서 “이는 특정 인물에 국한된 문제가 아니라 우리가 모두 경계해야 할 공동의 위협”이라고 강조했다. 그러면서 “폭력은 결코 민주주의를 이길 수 없다. 다시 한번 이번 폭력적 테러 행위를 강력히 규탄한다”고 덧붙였다. 앞서 25일(현지시간) 워싱턴DC 워싱턴 힐튼호텔에서 열린 백악관 출입기자단 만찬 행사 도중 총성이 발생해 트럼프 대통령 부부를 비롯한 참석자들이 급히 대피했다. 트럼프 대통령 등 주요 인사의 부상은 없는 것으로 확인됐다.",서울경제,정치,https://n.news.naver.com/mnews/article/011/0004614868?sid=100
"이 대통령 “‘정치적 폭력’, 어떤 이유로도 정당화 안 돼”","이재명 대통령이 백악관 만찬 행사 도중 발생한 총격 사건을 ""정치적 폭력""으로 규정하고, 트럼프 대통령에게 위로의 뜻을 밝혔습니다. 이 대통령은 SNS에서 ""언론과의 소통과 표현의 자유를 확인하는 자리에서 이와 같은 일이 발생했기에 더욱 안타깝다""며 모든 분이 무사하다는 소식에 안도한다고 전했습니다. 또 ""정치적 폭력은 민주주의의 근간을 훼손하는 중대한 위협이며 어떠한 이유로도 정당화될 수 없다""고 강조했습니다. ■ 제보하기 ▷ 전화 : 02-781-1234, 4444 ▷ 이메일 : kbs1234@kbs.co.kr ▷ 카카오톡 : 'KBS제보' 검색, 채널 추가 ▷  유튜브, 다음에서도 KBS뉴스를 구독해주세요!",KBS,정치,https://n.news.naver.com/mnews/article/056/0012169984?sid=100
"정청래, 여성 기초단체장 30명은 돼야 한다더니…결국 17명뿐? 공천 현실은 ‘유리천장’","최초의 여성 광역단체장 탄생에 기대감…반면 여성 공천 30% 달성은 미지수 “남성 중심·가부장적 정치 풍토 여전…권한 많은 자리일수록 여성 부족 심각” 추미애 더불어민주당 경기도지사 후보가 지난 4월 8일 국회 소통관에서 출마 기자회견을 하고 있다. 박민규 선임기자 헌정사상 최초의 여성 광역단체장이 이번 6·3 지방선거에서 탄생할까. 더불어민주당의 추미애 경기도지사 후보를 두고 기대에 찬 전망이 나왔다. 남성이 독식했던 광역단체장을 여성이 하게 된다면 그 자체로 의미가 있다. 하지만 전체적으로 보면 이번 지방선거에서도 지방정치에 여성이 충분히 대표되기 위한 최소 기준인 ‘여성 공천 30%’가 달성될 수 있을지가 미지수다. 정청래 민주당 대표는 지난 2월 9일 국회에서 열린 ‘2026 지방선거 승리 여성 결의대회’에서 “이제는 특별하게 희생하고 헌신한 우리 여성들에게 특별한 보상을 해야 할 때”라며 “여성 기초단체장이 30명은 돼야 한다”고 말했다. 하지만 4월 22일 현재 민주당 공천이 확정된 지역 현황을 살펴보면 여성 기초단체장 후보는 17명에 불과하다. 같은 시점 공천 확정된 민주당의 남성 기초단체장 후보가 183명인 것과 대조된다. 올해는 2016년 강남역 10번 출구 여성 살해 사건이 발생한 지 10년이 된 해다. 지난 10년간 여성들은 거리로 나와 성평등 사회를 외쳤고, 12·3 비상계엄 후 탄핵광장에 적극 참여하며 사회대개혁을 요구했다. 그런데 왜 구체적인 선거, 현실 정치에서 여성의 입지는 여전히 협소할까. 지역에서 정치인으로 활동했거나 이번 선거 출마에 도전한 여성 정치인들은 정당이 여성 정치인을 확대할 의지가 크지 않고 남성 중심적인 문화가 정치권을 지배하고 있다고 말했다. 후보부터 극소수, 정당들 의지 없나 예비후보자에서부터 여성의 수가 남성에 비해 압도적으로 적다. 4월 22일 기준 중앙선거관리위원회에 등록한 기초단체장(구·시·군의 장) 예비후보자 명부를 분석해보면 여성은 81명으로 전체 예비후보자의 7.6%다. 남성은 982명에 달한다. 11개 기초단체장 자리를 놓고 경쟁하는 충북지역은 남성이 56명 예비후보자로 등록할 때 여성은 단 1명(하유정 보은군수 후보)만이 등록해 전국에서 여성 기초단체장 예비후보자의 수가 가장 적었다. 여성 예비후보자의 비율로 따져보면 충남(2.8%), 강원(3.7%), 경남(4.0%), 전북(4.4%)이 하위권이었다. 부산이 16.6%로 가장 비율이 높았고, 대부분의 광역시는 10%대에 그쳤다. 광역의원의 경우 여성 예비후보자 수가 454명으로 전체(2015명)의 22.5%였다. 경북이 10.0%로 가장 여성 비율이 낮았다. 세종(35.0%), 서울(30.6%), 대전(30.1%)만 30%를 넘겼다. 기초의원의 경우 여성 예비후보자 수는 1303명으로 전체(5024명)의 25.9%였다. 예비후보자부터 여성이 적다는 것은 그만큼 여성의 정치 참여가 활발히 이뤄지지 못하고 있다는 것을 의미한다. 공천에 있어서 특별한 조치가 필요한 것도 이 때문이다. 공직선거법 제47조는 정당이 지방의원 후보자를 추천할 때 전체의 30% 이상을 여성으로 추천하도록 노력하고, 광역의원 또는 기초의원 선거 중 하나에서 선거구마다 1명 이상을 여성으로 추천해야 한다고 규정한다. 민주당은 당헌·당규에 후보자 추천 때 여성을 30% 이상 포함해야 한다고 규정한다. 지난 3월 2일 국회 의원회관에서 열린 ‘2026 서울여성전진대회’에서 정청래 더불어민주당 대표를 비롯한 참석자들이 ‘여성의 힘을 모아 서울재건! 지선필승!’이라는 손팻말을 든 채 구호를 외치고 있다. 권도현 기자 민주당 공천이 확정된 곳을 살펴보면, 광역단체장의 경우 추미애 후보를 뺀 나머지 15명은 모두 남성으로 배치됐다. 기초단체장 후보는 공천 확정된 200명 중 여성이 17명이다. 부산에서 전체 기초단체장 후보 16명 중 여성을 6명 공천한 게 가장 눈에 띈다. 민주당이 강세인 광주에서는 신수정 북구청장 후보가 광주 최초의 여성 구청장에, 경북에선 40대 여성인 김기현 후보가 경산시장에 도전한다. 하지만 서울은 기초단체장 후보 22명 중 여성이 1명(김미경 은평구청장 후보), 경기는 31명 중 여성이 2명(김보라 안성시장 후보·박은미 양평군수 후보)뿐이었다. 대전, 대구, 울산, 강원, 충남, 전북, 전남은 민주당의 여성 기초단체장 후보가 0명이었다. 국민의힘은 아직 공천이 확정되지 않은 곳이 많아 추산하기는 어렵다. 국민의힘에서도 엄윤순 인제군수 후보 등 지역의 첫 여성 기초단체장에 도전하는 후보들이 있지만, 여성 공천 30%를 달성하기는 어려워 보인다는 전망이 나온다. 거대 양당과 달리 진보당 서울시당은 지난 4월 11일 출마 기자회견에서 “후보 52명의 평균 연령은 41.3세, 여성 후보 비율이 57.6%, 20~30대 후보 비율은 44.2%로 가장 역동적인 후보군”이라고 밝혔다. 광역단체장으로 보면 진보당에선 전희영 후보가 경남도지사, 정의당에선 강은미 후보가 전남광주통합특별시장 선거에 나섰다. 공고한 남성 네트워크 뚫기 어려워 가장 큰 문제점은 미흡한 제도 속 정당의 ‘의지 없음’이 꼽힌다. 공직선거법의 여성 추천 규정은 ‘노력해야 한다’고 돼 있고, 민주당의 당헌·당규의 여성 추천 규정에도 ‘단체장은 여성을 30% 이상 포함하도록 노력해야 한다’는 단서가 붙어 있다. 의무가 아니고 권고 수준이다. 또 광역의원 ‘또는’ 기초의원 중 여성을 공천해야 한다고 돼 있어 기초의원으로의 여성 쏠림 문제도 있다. 지난 3월 경남여성단체연합이 ‘당선 가능 지역에 대한 성평등 실현 전략이 무엇이냐’고 질의하자 민주당 경남도당은 “기초의원 선거구의 경우 3선 이상 후보자는 1-가번을 배제하고, 배제된 선거구에는 여성, 청년이 우선 공천될 수 있도록 전략 선거구로 지정하고 있다”고 하면서도 광역의원은 언급하지 않았다. 윤소영 경남여성단체연합 상임대표는 “광역에 여성 선출직이 없어서 시급한 문제인데 30% 할당제를 기초에서 채운다는 것인지 이해하기 어렵다”며 “30% 할당제 뒤에 숨지 말고 실질적인 조치를 하라고 요구했지만 그런 부분에 대한 답변은 없다”고 했다. 2022년 지방선거 결과에서도 당선인 중 여성 비율이 광역단체장 0%, 기초단체장 3.0%, 광역의원 14.7%, 기초의원 24.9%로 기초의원에서 가장 높았다. 활동 범위가 좁고 권한이 작은 기초의원에서만 여성들의 참여가 ‘허용’된 셈이다. 지방의원 공천에 지역구 국회의원(지역위원장) 입김이 강한 체제 속에서 정당이나 해당 지역위원장이 특별히 여성 공천에 대한 의지를 갖고 있지 않은 이상 여성들이 배제될 수 있다는 지적도 나온다. 여성 후보들이 경선에 참여하지 못하고 컷오프된 지역에서 그런 문제가 제기됐다. 대표적으로 부산에서 국민의힘 기초단체장 여성 후보 2명이 컷오프됐다. 유순희 부산 동구청장 후보는 “장동혁 당대표가 여성과 청년이 마음껏 뜻을 펼칠 수 있는 무대를 만들겠다고 선포했는데 지역에선 거꾸로 가고 있다”며 “지역구 국회의원이 공천권을 쥐고 마지막 결정을 한다는 건 모두가 아는 사실이고, ‘내 지역에서 내가 왜 여성(정치인)을 만들어야 하느냐’라며 책임감 없이 생각하는 것”이라고 했다. 유 후보는 “이런 공천 시스템이 바뀌지 않는 이상 한국에서 여성과 청년 등 정치 신인이 정치 허들을 넘는 것은 쉽지 않다”고 했다. 여수에서 컷오프된 여성 후보 2명 중 1명인 정현주 여수시의원(민주당)도 “지역구 국회의원에게 줄을 서고 충성하지 않으면 정치 활동 자체가 어려운 상황이 많이 발생한다”며 “의정 활동을 잘했는데도 여성 정치인을 배제하는 것은 여성 정치인 비율을 높이겠다는 중앙당 원칙에도 어긋난다”고 했다. 2024년 3월 8일 이재명 당시 더불어민주당 대표가 국회에서 열린 세계 여성의 날 기념행사에서 자신이 적은 ‘여성도 행복한 대한민국’ 메시지판을 들고 있다. 박민규 선임기자 민주당이 공천 헌금 의혹 후 공정한 공천, 원칙적 경선을 강조하면서 오히려 여성 공천에 대한 고민이 부족했던 것 아니냐는 의견도 있다. 기초단체장 여성 후보가 1명뿐이고 광역의원 예비후보자 중 여성 비율이 20.6%로 낮은 충북의 손은성 충북참여연대 공동대표는 “민주당이 여성 공천을 많이 할 것이라는 기대가 컸지만 무조건 경선을 원칙으로 하다 보니 정치 신인이나 청년, 여성, 장애인에게 높은 점수를 주고 1순위 공천을 하는 그런 룰이 실종됐다”며 “정치 신인인 청년 여성이 기존의 남성과 경선을 붙게 되면 가산점을 일부 부여받아도 경쟁이 안 된다. 그 결과가 현실로 나타나는 것”이라고 했다. 임·출·육 부담 떠안으며 정치는 먼 꿈 돈과 시간, 경력 등 사회자본이 풍부해야 정치 참여를 할 수 있다는 점에서 정치에서의 성비 불균형은 사회 전체의 성별 불평등을 반영한다. 한 전직 시의원은 “정치를 하려면 사회적 경력이 중요한데 여전히 여성들의 사회적 경력이 남성에 비해 부족하다”며 “남성들은 이미 어느 정도 자기들의 영역을 갖고 있기 때문에 여성들의 진출이 힘들고, 혹여 경력이 있다고 하더라도 남성 중심의 가부장적 정치 문화, 풍토 탓에 여성이 남성보다 더 많은 능력을 요구받기도 한다”고 했다. 그는 “미투운동에 대한 이야기를 하고 성평등과 관련한 의정활동을 하면서 당내에서 공격을 받고 관계가 어려워졌다”며 “낙인이 찍혀 자유롭게 활동하기 어려웠다”고 했다. 다른 시의원은 “여성이 남성 정치인과 어울리면 이상하게 보거나 구설에 오른다”며 “그래서 술자리 같은 사적 모임에 가지 않으면 또 긴밀한 관계를 갖는 것에 어려움이 생긴다”고 했다. 이런 상황에서 생존을 위해 남성 네트워크에 적극적으로 편입하거나 성평등, 여성의제에 소극적인 대신 남성 정치인들처럼 개발·성장 공약을 강조하는 여성 정치인도 있다고 한다. 임신·출산·육아 부담은 여성의 정치 참여 확대를 막는 요인으로 작동한다. 출산 후 10일 만에 산후조리원에서 토론회에 참여해 여성 공천 시스템에 대해 발제하고, 21일 만에 곧바로 의정활동에 복귀했던 엄샛별 서울 금천구의원은 고민 끝에 이번 지방선거 출마를 포기했다. 지난 4년간 의정활동을 하면서 엄마 역할을 하지 못한 부담감과 죄책감이 컸기 때문이다. 불가피할 땐 양해를 구하고 상임위 자리에 아이를 데려가거나 아이를 안은 채 일정을 수행한 적도 있었지만 더 이상은 어렵다는 판단을 했다. 엄 의원은 “직업과 엄마를 병행한다는 건 수많은 워킹맘이 갖는 딜레마”라며 “특히 정치 영역은 엄마를 병행할 수 없다. 주말과 저녁이 없고, 아이에게 시간을 일정하게 빼줄 수 있는 것도 아니라 가족들이 계속 이해를 해주고 있었는데 4년을 더 하기는 힘들다는 생각이 들었다”고 했다. 엄 의원은 이어 “가정이 이미 만들어져 있고 육아가 어느 정도 진행된 상태에선 정치 참여가 가능하겠지만 그걸 해나가야 하는 청년 시기엔 특히 어렵다”며 “여성 의원들이 활발하게 의정활동을 해왔지만, 생애주기와 성별에 따른 과업이 있다는 부분이 있다”고 했다. 2024년 12월 9일 저녁 시민들이 서울 여의도 국회의사당 앞에서 윤석열 대통령의 탄핵을 촉구하는 촛불문화제에 참석해있다. 김창길 기자 이번 지방선거에서 창원시의원에 출마한 35세 여성 김인애 후보(진보당)는 “제 나이에 정치를 하려면 솔로가 아니면 안 될 것 같다”고 말했다. 김 후보는 “청년 여성이 정치를 하려면 경제적 기반이 있어야 하고, 가정이 있다면 가정에서 이해를 해줘야 한다”며 “저는 정혜경 국회의원실 비서관을 했고 남편도 활동가라서 (선거 출마가) 가능하지만 다른 사람들에게는 정말 특수한 일일 것”이라고 했다. 청년 여성 정치인에 대한 시선도 녹록지 않다. ‘젊으니까 다음에 기회가 있겠지’, ‘정말 당선되려고 나왔나’ 같은 반응을 접하게 된다는 것이다. 계엄 후 창원시 탄핵광장 사회를 맡았던 김 후보는 “(탄핵광장 후) 여성 정치인이 많이 나올 것이고, 청년 여성들이 정치의 주역이 될 것이라는 말이 많이 나왔지만 전혀 반영되지 않고 있다”며 “정치가 2030 여성에 관심이 있는지, 2030 여성에게 자기의 목소리를 전달할 의지가 있는지도 모르겠다”고 했다. 단순히 여성 정치인의 수 확보를 넘어 어떻게 좋은 여성 정치인을 만들지는 과제다. 현재 선출직 여성 도의원이 없는 경남에서 경선을 이기고 민주당 후보로 이번 선거에 출마하는 김경영 후보는 여성 정치인 확대를 위해 보다 정밀한 전략이 필요하다고 했다. 김 후보는 “요즘 유권자들은 여성인지 아닌지에 대해 큰 차이를 두지는 않는다. 일을 잘할 수 있고 주민들과 잘 소통하는 것에 점수를 많이 준다”며 “여성에 대한 편견은 많이 줄어든 것인데, 그렇다면 좋은 여성 정치인이 하루아침에 길러질 수는 없기 때문에 3~4년 정도 주민들과 호흡하고 신뢰를 쌓는 시간이 미리부터 필요하다”고 했다. 김 후보는 “할당하고 가점을 주는 상태에서는 여성의 역량도 제대로 인정받지 못할 수 있다”며 “여성이 더 필요하다, 뽑아주자고 하기까지 여성들이 결국 숙제를 안고 가야 하는 구조”라고 했다. 윤소영 대표는 “(경남지역에서) 국민의힘이 민주당보다 여성 후보를 더 많이 냈는데 반갑지 않았던 이유가 김영선 국회의원(공천거래 의혹)과 김미나 창원시의원(막말 논란)이 있었다”며 “여성 의원이 나왔지만 민주주의에 역행하는 것을 보면서 생물학적 여성으로만 만족할 수 없게 됐다”고 했다. 윤 대표는 “올바른 민주주의 실천 의지가 있는지, 성평등을 제대로 인식하는지에 대한 검증을 철저하게 해야 한다”고 했다. 이번 지방선거에서 추미애 후보가 당선돼 헌정사상 첫 여성 광역단체장이 탄생한다고 하더라도 제대로 된 페미니즘 정치, 성평등 사회 실현을 위해선 더 강한 의지와 노력이 필요하다는 얘기다.",주간경향,정치,https://n.news.naver.com/mnews/article/033/0000050681?sid=100
"“멍텅구리배 된 장동혁호, 지선 후 보수 신당 불가피”","끊이지 않는 방미 논란, 국민의힘 지방선거 후보들 각자도생 나서 장동혁 국민의힘 대표(오른쪽)가 4월 23일 국회에서 열린 최고위원회의에서 무거운 표정을 짓고 있다. 박민규 선임기자 “지금부터 발생하는 해당 행위에 대해서는 강력한 조치를 취하겠다.” 4월 23일 국회에서 열린 국민의힘 최고위원회의에서 장동혁 대표의 말이다. 그는 “해당 행위를 한 사람이 후보자라면 즉시 후보자를 교체하겠다”는 발언도 덧붙였다. 당장 장 대표가 언급한 ‘해당 행위’가 뭐냐를 두고 논란이 일었다. 최고위원 회의 이후 대변인단 백브리핑에서 “예컨대 전날 면전에서 ‘결자해지’, 즉 자진사퇴를 요구한 김진태 ‘강원지사 후보’의 발언이 장 대표가 언급한 해당 행위에 해당하냐”는 질문이 나왔다. 최보윤 수석대변인은 “지금까지 당 지도부에 대한 비판을 해당 행위라고 한 적 없다”고 답했다. 국민의힘 주변에서는 장 대표가 언급한 해당 행위란 “무소속 후보와 셀프 단일화, 무공천 요구나 무소속 후보 지원을 주장하는 것”이라는 말이 나온다. 무소속 후보? 부산 북구갑에 출마를 선언한 한동훈 전 대표다. 현재 부산 북구갑에는 국민의힘 쪽에서는 박민식 윤석열 정권 당시 보훈부 장관 등이 출마의사를 밝히고 선거 운동을 하고 있다. 4월 22일 유튜브 <고성국 TV>에 출연한 박 전 장관은 “설사 당 지도부가 단일화를 하라고 해도 내 답은 ‘노(No)’다”며 완주 의사를 명확히 하고 있다. 다만 정치평론가 중 일부는 민주당 후보와 무소속 한동훈 그리고 국민의힘 후보의 3자 구도가 명확해진다면 막판 단일화 가능성은 열려 있다고 보고 있다. 엄경영 시대정신연구소 소장은 “국민의힘 후보가 그만두지 않더라도 한동훈이 당선 가능성이 있으면 형성되는 여론지형에 따라 자연스레 표가 옮겨갈 것”이라며 “한동훈 지지가 세게 나오고 국민의힘 후보가 뚜렷한 열세를 보인다면 보궐 막판에 당이 통제 못 하는 상황이 될 수도 있다”고 전망했다. 장동혁 언급 ‘해당 행위’ 누굴 지칭한 걸까 국민의힘 대변인을 지낸 정광재 동연정치연구소 소장은 “이번 재보궐에서 장동혁 지도부의 최우선 과제는 한동훈 국회 입성 저지”라고 단언했다. 국민의힘 주변에서 정 소장은 대표적인 친한 인사로 분류되고 있다는 점을 고려할 필요가 있다. 그렇다고 하더라도 이번 6월 지방선거·국회의원 재보궐에서 선거 승리가 아닌 다른 목표를 정당 수뇌부가 가질 수 있을까. “질문이 잘못됐다. 지선보다 방미가 중요하다는 것이 아니라 지선을 위한 방미였다.” 4월 20일 2박4일에서 최종 8박10일로 길어진 방미 성과 설명을 위한 기자간담회 자리에서 장 대표가 한 말이다. “지선을 앞두고 미국 가신 것에 대해 비판이 나오는데 어떤 부분에서 중요했다고 판단했냐”는 질문에 대한 답이었다. 장 대표가 성과 중 하나라고 언급한 ‘국무부 차관보 면담’과 관련 국민의힘은 장 대표와 면담 중인 인사의 뒷모습 사진을 공개했다. 인상착의 등을 근거로 이 인사가 지난해 대선 국제선거감시단의 일원으로 한국에 방문해 ‘대한민국의 주요 선거’가 부정선거로 조작돼왔다는 ‘윤 어게인 세력’에 동조하는 주장을 내놓은 존 밀스 전 미 육군 예비역 대령이라는 추정이 나왔다. 그는 2기 트럼프 행정부 출범 후인 지난해 8월 국무부 국제 사이버공간안보 차관보로 취임했다. 국민의힘이 장동혁 대표가 사흘간 미국 체류 일정을 연장한 이후인 4월 16일(현지시간)에 진행한 일정 관련 사진을 이날 출입기자단에 배포했다. 사진은 파일명에 16일이라고 밝힌 미국 국무부 차관보 면담 모습. 국민의힘 제공 이날 기자간담회 자리에서 “만난 사람이 존 밀스냐”는 단도직입적인 질문도 나왔고, “장관이나 부장관이 아니라 30명 차관보 중 1명인데 핵심인사라고 할 수 있냐”는 질문도 있었지만, 장 대표의 반응은 “지금까지 말씀드릴 수 없다고 말씀드렸는데 계속 물어본다”며 요지부동이었다. “장 대표가 낚인 것으로 보인다. 사실 미국 쪽 일정을 잡을 사람이 많지 않다. 김민석 총리가 밴스 부통령도 만나고 백악관에 있는 폴라 화이트 신앙사무국장을 만나다 트럼프 대통령과도 즉석 면담을 했는데 그때도 다리를 놔준 목사가 있었다.” 엄 소장의 말이다. 일정을 잡을 수 있는 공식선이 없는 상태에서 ‘김 총리처럼 밴스 부통령 면담 주선해줄 테니 와라’는 브로커 제안을 받고 덜컥 갔다가 안 됐다는 것이다. 게다가 방미 일정을 마치고 돌아온 장 대표의 귀국 일성은 무소속 한동훈 후보를 돕겠다고 밝힌 진종오 의원에 대한 당무감사 실시였다. “잘한다 못한다 평가할 시기는 이미 지난 것 같다. (장동혁) 리더십은 이미 해체된 상황이다.” 엄 소장의 평가다. “지선 앞두고 미국 가는 것을 일반 유권자에게는 이해가 안 가겠지만 소위 국민의힘 ‘짠물 당원’들은 잘하고 있는 것으로 본다. 소위 ‘백악관 앞 V’ 사진도 그 사람들 맞춤형이다. 뭔가 깊은 뜻이 있을 것으로 비친다.” 공희준 정치평론가의 말이다. “가장 중요한 것은 장동혁이 민주당을 이길 능력은 없지만, 다시 당대표가 될 기반과 여건은 갖추고 있다는 것이다. 정상적인 정당이라면 선거 결과가 선거 후 당권 향방과 연결돼야 하는데 그 회로가 끊어져버렸다.” 공 평론가가 보기에 현재 국민의힘이 직면한 가장 큰 문제는 ‘보수 엘리트’와 ‘기층 보수’가 분리됐다는 사실이다. “기층은 계속 윤 어게인이다. 조중동 논설위원들은 지금이 장동혁 퇴진의 적기라고 칼럼을 쓰고 선거 결과에 책임을 져야 한다는 것인데, 거기에 달린 댓글들은 왜 장동혁이 책임져야 하냐는 것이다. 장동혁은 승리할 준비보다는 패배에 대한 대비가 훨씬 더 잘돼 있다. 윤석열이 국민의힘에 남긴 가장 부정적인 유산은 이 당이 선거로는 정권을 잡을 의지도, 능력도 없는 정당이 돼버렸다는 점이다. 계엄과 같은 도박이나 민주당 자멸 같은 요인 없이 스스로는 뭘 할 수 없는 멍텅구리배처럼 돼버렸다. 비유하자면 누가 와서 끌어주지 않는 한 스스로 움직일 수 없는 무동력배가 된 것이다. 선거에 지더라도 국민의힘 당원은 늘어날 수 있다. 배로 친다면 배수량은 늘어나는데 엔진도 없고, 나침판·GPS도 없는 배가 현재의 국민의힘이다.” 장동혁 “브로커에게 낚여” 방미? 현재와 같은 상황에선 설혹 이번 지방선거·재보궐 선거에서 ‘폭망’하더라도 장동혁 대표체제가 쉽게 교체되지 않을 것이라는 데에 대해서는 김유정 전 민주당 의원의 생각도 비슷하다. “이미 패배했을 경우를 두고 빌드업 중이다. 선거에 지더라도 부정선거 때문이었다고 할 수도 있다. 예컨대 자신의 진퇴 여부를 전 당원 투표에 부쳐서라도 어떻게 하든 돌파할 수 있을 것으로 보는 것 같다.” 국민의힘 장동혁 대표가 4월 20일 국회에서 방미 성과 기자회견을 하고 있다. /연합 그러나 그는 이번 선거 결과에서 오세훈 서울시장이나 박형준 부산시장, 무소속으로 출마한 한동훈 전 대표 등이 살아 돌아온다면 그 자체가 “현재의 장동혁 국민의힘 체제엔 어마어마한 원심력으로 작동할 것”으로 내다봤다. “이번 지방선거나 재보궐에서 일부라도 살아 돌아오면 국민의힘의 흐름, 물줄기가 달라진다. 왜냐면 국민의힘 의원들에게는 현재까지는 남의 문제이지만 그다음은 총선, 자신의 문제가 되기 때문이다. 한동훈 등의 생존 여부와 별개로 영남권 성적표가 안 좋았을 때 현재 국민의힘 의원의 3분의 2를 차지하는 의원들에게는 발등에 떨어지는 문제가 되기 때문에 그들이 뭔가 변화를 꾀하려고 하는 것은 사필귀정이다.” 김능구 폴리뉴스 대표도 비슷한 생각이다. “예컨대 이번 지방선거에서 오세훈이 천신만고로 살아온다면 서울시정만 하겠나. 국민의힘에서 이번에 운이 좋아 살아 돌아오는 사람들은 당 혁신·장동혁 축출에 다 나설 것이다.” 그는 지금 나오는 전망대로 광역단체장 결과가 15:1이나 14:2로 민주당의 일방적인 압승이 되는 경우 그 동력을 얻기가 쉽지 않겠지만, 장동혁이나 기존 당권파가 버티게 되면 연말쯤 무소속 한동훈, 개혁신당 이준석 등을 망라한 보수신당이 나오는 것은 불가피할 것으로 전망했다. “서울에서 오세훈도 별도의 선대위를 꾸리기로 했고, 부·울·경도 중앙의 힘을 빌리지 않는 별도 선대위로 가고 있다. ‘절윤’이 아니라 이제는 장동혁 손절로 갈 것이다. 이 상황에서는 장동혁이 아무리 버텨도 힘들다. 지방선거도 전부 다 따로 가겠다는 건데, 이미 망한 국민의힘을 되살리겠다는 것은 유효시점이 지났다.” “국민의힘 되살릴 유효시점 지났다” 반면 여의도연구원 부원장을 역임한 김장수 장산정책연구소장은 “지방선거 후 결국 장동혁 대표는 물러나고 새로운 리더십이 국민의힘 내에 만들어질 것”으로 전망했다. “전 당원 투표에 부치면 장동혁 대표는 이길 거로 생각하지만 안 될 것으로 본다. 역설적으로 국민의힘 당원들은 한동훈이 설쳤기 때문에 장동혁이 버텼다고 생각한다. 장동혁은 아니라고 생각하는 사람도 한동훈이 아닌 누군가가 대표주자로 적당한 사람으로 나와야 한다고 생각한다.” 그는 결국 지선 결과와 상관없이 국민의힘이 생존할 수 있는 동력은 이재명 정부와 민주당이 제공할 것이라고 주장했다. “역대 대통령들을 보면 대부분 취임 전부터 거론된 문제들 때문에 스스로 무너졌다. 이명박 대통령의 다스 문제가 그랬고, 박근혜 대통령의 최태민·최순실 문제가 그랬다. 윤석열도 김건희 문제는 이미 후보 시절부터 불거졌다. 이재명 대통령도 가장 큰 리스크가 검찰 기소 문제다. 대통령 지지율이 높지만, 허수가 있다고 본다. 주가가 오른다고 과연 일반 국민이 살기 좋아졌나. 그런 것이 박탈감으로 연결될 가능성이 크다. 지난 대선 때 김문수·한덕수 후보 교체 등 그렇게 깽판 치고도 절반 가까이 지지를 받고 버티는 것도 놀라웠지만, 이 당의 특징은 누구도 끝까지 반대하지 않고 결국 대세론을 따른다는 것이다. 박근혜를 구속한 당사자인 윤석열을 외부에서 데려와 대선후보를 만든 당 아닌가.” 현재는 당 리더십 해체, 최악의 지지율을 보이고 있지만, 지방선거 국면이 지나면 회복 탄력성을 빠르게 되찾을 것이라는 전망이다.",주간경향,정치,https://n.news.naver.com/mnews/article/033/0000050679?sid=100
"[지선 르포] ""정원오 유능"" ""오세훈 계속해야""…2030세대 서울시장 후보 평가는","'강남·성동' 2030세대, '현상 유지' 요구 전시행정에 '부정적'…""잘 굴러가게만"" 길 쓰레기통 설치 등 '생활밀착 행정' 요청도 정원오(왼쪽) 더불어민주당 서울시장 후보와 오세훈 국민의힘 서울시장 후보. ⓒ데일리안 홍금표 기자 [데일리안 서울 = 김주훈 기자] 6·3 지방선거의 최대 격전지인 서울시장 선거가 한 달여 앞으로 다가왔다. 정원오 더불어민주당 후보의 대세론이 서울시장 당선까지 견인할지, 4선 경륜이 오세훈 국민의힘 후보를 5선으로 이끌지가 이번 선거에서 주목할 점이다. 이렇듯 창과 방패의 싸움은 서울 민심도 마찬가지다. 특히 2030세대는 '서울의 현상 유지'에 관심을 보이는 탓에 여야 후보 평가가 엇갈린다. 지난 24일 데일리안과 만난 2030세대 서울 시민들은 '개발론'보단 '현상 유지'에 관심을 보였다. 주거·교통·문화 등 인프라가 전국 최고 수준으로 구축된 서울에서 태어난 탓에 변화보단 '유지'가 관심을 보이는 것이다. 이는 부동산 문제 해결이라는 현실적인 고민을 한 40대 이상 세대와는 서울시장에게 요구하는 것이 차이를 보이는 셈이다. 현재 서울 민심은 정 후보에게 쏠려 있다. 3선 성동구청장으로서 낮은 인지도가 약점이었지만, 이른바 '명픽'(이재명 대통령의 선택) 후보로 발돋움하면서 일부 보완됐다. 민주당 서울시장 경선 과정에서 3선 박주민·전현희 의원의 네거티브 공세 속에서도 대세론을 유지한 채 승리하면서, 서울시장 당선 기대감은 높아졌다. 다만 정 후보의 상대는 서울시장 4선 고지에 오른 오 후보인 만큼, 대세론만 가지곤 맞붙기 쉽지 않을 수 있다는 관측이 나온다. 현재 여러 여론조사에서 정 후보가 선두를 달리고 있지만, 본격적인 선거 국면에 들어서면 '보수 위기론'에 세 결집이 이뤄질 수 있기 때문이다. 나아가 중앙 정치 경험이 없는 정 후보가 상대해야 할 오 후보는 송영길·박영선 등 민주 진영의 굵직한 인사를 꺾은 중진 정치인이다. 물론 오 후보의 수성도 만만치 않다. 정 후보는 중앙 정치 등판 이후 줄곧 여론조사에서 선두를 달리고 있다. 더욱이 민주당과 국민의힘 서울시장 후보가 확정된 이후, 양자 대결 조사에서도 우위를 점한 것은 정 후보다. CBS가 한국사회여론연구소(KSOI)에 의뢰해 지난 22~23일 무선전화 자동응답(ARS) 방식으로 진행한 서울시장 가상 양자 대결에서 정 후보는 45.6%, 오 후보는 35.4%를 기록했다. 지지율 격차는 10.2%p다. 기타 후보 7.0%, 지지 후보 없음 7.0%, 모름·무응답은 5.0%였다. 특히 주목할 점은 40·50·60대에선 정 후보가 우세한 반면, 오 후보는 20·30세대에선 앞선 것이다. 권역별로 보면 정 후보의 정치적 고향인 성동구가 포함된 '2권역'(성동·광진·동대문·중랑·성북·강북·도봉·노원)과 보수세가 강한 4권역(서초·강남·송파·강동)에선 정 후보는 오 후보보다 앞섰다. 여론조사의 자세한 내용은 중앙선거여론조사심의위원회 홈페이지 참고. 서울 시민의 경우, 일부 정치 고관여층을 제외하면 여야 서울시장 후보가 누구인지 모르는 사람이 대부분이었다. 보수세가 강한 강남과 정 후보의 정치적 고향인 성동의 20·30세대 역시 마찬가지였다. 다만 차기 서울시장에 대한 요구는 전시성 행정 등 무분별한 사업이 아닌 인프라가 이미 구축된 서울을 안정적으로 운영하는 '현상 유지'를 원하는 분위기다. 서울 강남구청 인근 20·30세대 일부 주민들은 지난 24일 데일리안과 만나 차기 서울시장에 '현상 유지'를 바란다고 밝혔다. ⓒ데일리안 김주훈 기자 강남구의 대표적인 부촌으로 꼽히는 청담동에서 만난 시민들은 '현장 유지' 요구가 두드러졌다. 오히려 정부가 다른 지방을 발전시켜야 한다는 의견이나 서울시장이 길거리 쓰레기통 설치 등 생활 밀착형 사업을 진행했으면 좋겠다는 의견이 나왔다. 강남구청 인근에서 만난 취업 준비생인 김모 씨(남·청담동·30대)는 정 후보의 행정 능력이 뛰어나다는 것을 들었지만, '칸쿤 출장 논란'을 계기로 부정적인 입장이라고 밝혔다. 김 씨는 ""정 후보가 일을 잘한다고 들었는데, 실제로 보니까 그렇지 않은 것 같다""며 '칸쿤 출장 논란'을 언급했다. 오 후보에 대해선 ""여러 번 했으니까 괜찮지 않을까 싶다""고 말했다. 김 씨는 이들에게 바라는 점에 대해 ""서울을 그대로 뒀으면 좋겠다. 다른 건 모르겠다""고 했다. 유치원생 아이를 키우는 정모 씨(여·청담동·30대)는 정 후보는 신선하다고 보는 반면, 오 후보가 또다시 당선될 수 있을지는 의문이라고 밝혔다. 정 씨는 ""정 후보는 이재명 대통령이 지지해서 사람들이 신선하다고 생각하는 것 같다""며 ""오 후보는 뭔가 보여주는 위주로 한 느낌이기 때문에 실질적인 정책에 대해선 느끼지 못했다. 또 (서울시장이) 될까. 약간 의구심이 든다""고 말했다. 그러면서 ""서울은 그나마 혜택이 있기 때문에 지방에 많이 혜택을 줘야 한다고 생각한다""고 언급했다. 최근 대학교에 입학한 박모 씨(여·개포동·20대)는 정치에 관심이 없어 민주당 서울시장 후보가 누구인지 모른다고 밝혔다. 다만 차기 서울시장이 길거리 쓰레기통 설치 등 생활 밀착형 사업을 펼쳐달라고 요청했다. 박 씨는 ""정 후보 이름은 들어보지 못했지만, 오 후보는 서울시장이라 이름만 알고 있다""며 ""서울시장에게 거창하게 바라는 건 없는데, 그냥 길거리에 쓰레기통이 많았으면 좋겠다는 바람뿐""이라고 밝혔다. 정원오 더불어민주당 서울시장 후보가 24일 서울 성수동 언더스탠드에비뉴를 찾자 지지자들이 응원하고 있다. ⓒ데일리안 김주훈 기자 정 후보가 12년 동안 구정을 돌본 성동구는 지지세가 두드러졌다. 이들은 정 후보의 행정가적 면모를 긍정적으로 평가한 반면, 오 후보에 대해선 '한강 버스' 사업을 들어 부정적인 반응을 드러냈다. 이는 서울 시민들이 '현상 유지'를 크게 바라고 있다는 것을 보여준다. 다만 일부 시민은 정치 성향이 보수라고 밝히며 민주당에 대한 부정적 인식과 함께 서울시장 선거에서도 영향을 미칠 것 같다고 했다. 성동구의 복합문화공간인 언더스탠드에비뉴에서 만난 김모 씨(남·성동구·20대)는 ""정 후보가 성동구청장을 하면서 행정 관련해 유능한 활동을 한 것으로 알고 있어서 긍정적이다""라면서 ""오 후보는 한강 버스와 종묘 관련 얘기를 접했는데, 왜 그런 사업을 했는지는 잘 모르겠다""고 말했다. 그러면서 ""솔직히 서울시장이 무엇인가를 하기보단 사고 치지 않고 잘 굴러갈 수 있게만 했으면 좋겠다""며 ""지하철과 버스가 잘 되어 있는데 한강 버스가 왜 있는지 모르겠다. 그런 전시성 행정을 안 했으면 좋겠다는 것""이라고 설명했다. 서울숲 인근에서 만난 홍모 씨(남·송파구·20대)는 서울시장 선거엔 큰 관심이 없다며 ""뽑을만한 정당이 없는데, 차선을 선택할 생각""이라고 냉소적인 반응을 보였다. 홍 씨는 ""정 후보는 그냥 잘할 것 같고, 오 후보는 오래 했다고 생각하기 때문에 이제 시장 말고 다른 일을 해도 괜찮을 것 같다""며 ""솔직히 뽑을만한 정당이 없지만, 그나마 차선이 민주당인 것 같다""고 했다. 소상공인 입장에선 서울시보단 정부에 대한 요구가 컸다. 그러다 보니, 정부 정책이 서울시장 선거에도 영향을 미칠 수 있다는 의견이 나온다. 서울숲 인근에서 개인 카페를 운영하는 김모 씨(남·성동구·30대)는 ""정원오·오세훈 후보를 평가할 정도로 어떤 사람인지 솔직히 모른다""며 ""서울시장보다 나라에 바라는 점이 많다. 시장이 서울을 바꾼다고 얼마나 더 좋아질지 모르겠다""고 말했다. 그러면서 ""제 입장에선 민주당과 국민의힘 모두 마음에 드는 것은 아니지만, 민주당보단 국민의힘이 차선이라고 생각한다""며 ""서울시장 선거에 투표할 생각이지만, 기본적으로 성향상 오 후보에게 기울어져 있다""고 했다.",데일리안,정치,https://n.news.naver.com/mnews/article/119/0003084694?sid=100
"'개혁신당' 조응천, 경기지사 출마선언…""찍고 싶은 후보 저밖에 없다""","""기득권 양당 후보 말고 저 조응천이 하겠다"" 국민의힘 후보와 연대 가능성도 주목 조응천  전  개혁신당 의원..2024.2.13 ⓒ 뉴스1 임세영 기자 (서울=뉴스1) 한상희 기자 = 개혁신당 소속 조응천 전 의원이 27일 6·3 지방선거에서 경기도지사 출마를 선언했다. 조 전 의원은 이날 자신의 페이스북에 ""도저히 손이 가지 않는 기득권 양당 후보 말고 정말 찍고 싶은 사람, 아무리 봐도 저밖에 없다""며 출마를 공식화했다. 그는 ""아주 오래 망설였고 많이 고민했다""면서 ""말로만 민생을 떠들어 대는 거대 양당이 싸우는 동안 1400만 경기도민은 '서울을 감싸는 계란 흰자'의 삶을 강요 당했다""고 말했다. 이어 ""민주당 의원도 해봤고 보수 정권에서 역할도 해봤다""며 ""그래서 잘 안다고 자부한다. 무엇이 문제인지, 어디서 막히는지, 왜 바뀌지 않는지""라고 했다. 그러면서 ""조응천, 경기도지사에 출마한다""며 ""저 조응천이 하겠다""고 강조했다. 박근혜 정부 청와대 공직기강비서관을 지낸 조 전 의원은 20대 총선에서 더불어민주당에 입당해 경기 남양주갑에서 재선을 지냈다. 이후 친명(친이재명)계와 갈등을 빚다 22대 총선을 앞둔 2024년 탈당해 개혁신당에 합류했다. 조 전 의원의 출마로 경기지사 선거는 민주당과 국민의힘, 개혁신당 간 3자 구도 가능성이 커졌다. 민주당은 추미애 의원을 일찌감치 후보로 확정했고, 국민의힘은 다음 달 2일 경선을 통해 양향자 최고위원, 이성배 전 MBC 아나운서, 함진규 전 한국도로공사 사장 가운데 후보를 선출할 예정이다. 다만 국민의힘 안팎에서는 후보 경쟁력에 대한 우려가 적지 않은 만큼 조 전 의원 출마를 계기로 보수 연대론 가능성이 거론된다. 송석준 국민의힘 의원은 지난 23일 채널A 유튜브에서 ""조 전 의원과 접촉해 보수 연대 얘기를 했더니 '관심이 있다'고 그러더라""며 ""이준석 대표와도 그런 면에서 공감을 많이 하고 있다""고 했다. 이 대표도 같은 날 최고위원회의 후 기자들과 만나 ""당 차원에서는 고민하지 않고 있다""고 선을 그으면서도 ""반도체나 핵심 기업의 경쟁력을 저하하는 형태의 민주당 정치(를 막기 위해) 연대해서 대응하자고 하면 의사가 있다""고 여지를 남겼다.",뉴스1,정치,https://n.news.naver.com/mnews/article/421/0008912471?sid=162
"트럼프 만찬 총격에 李 “언론과 소통하는 자리, 더욱 안타깝다”","워싱턴 D.C. 백악관 출입기자단 만찬장서 총격 트럼프 대통령 무사…각국 지도자들, 총격 사건 규탄 총격 사건이 발생한 백악관 출입기자 만찬 회장 모습. AP 연합뉴스 도널드 트럼프 미국 대통령이 참석한 백악관 출입기자단 만찬장에서 총격 사건이 발생하자, 각국 정상들이 일제히 정치적 폭력을 규탄하며 재발 방지를 촉구했다. 25일(현지시간) 워싱턴 D.C.의 한 호텔에서 열린 행사 도중 총성이 울려 트럼프 대통령은 긴급 대피했고, 용의자는 현장에서 체포됐다. 대통령 부부를 비롯한 참석자들은 모두 무사한 것으로 전해졌다. 이재명 대통령은 “정치적 폭력은 민주주의의 근간을 훼손하는 중대한 위협”이라며 “어떤 이유로도 정당화될 수 없다”고 밝혔다. 이어 “언론과의 소통과 표현의 자유를 확인하는 자리에서 사건이 발생한 점이 더욱 안타깝다”고 했다. 나렌드라 모디 인도 총리는 “폭력은 민주주의에 설 자리가 없다”며 강하게 비판했고, 키어 스타머 영국 총리도 “민주주의와 언론 제도에 대한 공격은 단호히 규탄해야 한다”고 강조했다. 앤서니 앨버니지 호주 총리는 성명을 통해 “모든 참석자가 안전하다는 소식에 안도한다”고 밝혔다. 마크 카니 캐나다 총리는 “정치적 폭력은 어떤 민주주의에서도 용납될 수 없다”고 했으며, 클라우디아 셰인바움 멕시코 대통령도 “폭력은 결코 해결책이 될 수 없다”고 지적했다. 중동 지역 상황과 관련해 미국과 이란 간 협상을 중재 중인 셰바즈 샤리프 파키스탄 총리는 “사건 소식에 충격을 받았지만 참석자들이 안전해 다행”이라고 밝혔고, 베냐민 네타냐후 이스라엘 총리는 “암살 시도에 깊은 충격을 받았다”며 비밀경호국의 대응을 평가했다. 델시 로드리게스 베네수엘라 대통령 권한대행 역시 “폭력은 평화의 가치를 지키는 이들에게 선택지가 될 수 없다”고 강조했으며, 다카이치 사나에 일본 총리도 “어떤 형태의 폭력도 용납될 수 없다”고 밝혔다. 이번 사건을 두고 국제사회는 공통적으로 민주주의 체제에서의 정치적 폭력에 대해 강한 경계와 비판의 메시지를 내놓고 있다.",문화일보,정치,https://n.news.naver.com/mnews/article/021/0002787454?sid=100
"김부겸의 절박함 ""30여년 경제 최하위 대구, 이젠 나를 쓰서야"" [만났습니다①]","김부겸 민주당 대구시장 후보 인터뷰 ""정치적 경쟁 사라진 대구…청년 일자리 없어 떠나"" ""대구, 정부·여당과 소통하며 예산 끌어올 사람 필요"" 대구 산업 대전환 목표…""2035년까지 GRDP 2배로"" '대선 출마 디딤돌' 의심에는 ""대구서 마지막 봉사"" [대구=이데일리 조용석 기자] “대구는 대한민국 산업화의 요람이자 현대사의 중요한 순간마다 중심에 섰다. 하지만 수십 년간 정치적 경쟁이 사라지면서, 도시의 역동성도 함께 약해졌다. 그 결과 1인당 GRDP(지역내총생산)는 30여 년째 전국 최하위다. 지금이 사실상 마지막 골든타임이다.” 김부겸 더불어민주당 대구시장 후보는 지난 22일 대구 서구에 마련된 선거캠프에서 진행한 이데일리와 인터뷰에서 대구시장 출마 이유를 이같이 답했다. 끊임없이 진보진영 불모지인 대구를 두드려 ‘지역주의 극복’ 상징으로 불리던 김 후보는 문재인 정부에서 행정안전부 장관과 국무총리를 역임하고 2022년 정계를 떠났다가 4년 만에 돌아왔다. 그가 당선되면 첫 국무총리 출신 대구시장이 된다. 김부겸 더불어민주당 대구시장 후보(사진 = 김부겸 캠프 제공) 김 후보의 절박함 만큼 대구는 어렵다. 국가데이터처에 따르면 1인당 GRDP가 1993년부터 2024년까지 32년 연속 전국 최하위다. 2024년 기준 같은 대경권으로 묶이는 경북(5230만원)과 비교해 대구(3137만원)는 약 60% 수준에 불과하다. 대구의 경제성장률은 2024년 -0.8%, 지난해는 -1.3% 각각 전년 대비 뒷걸음질을 했다. 전국 특·광역시 중 최근 2년 마이너스 경제성장을 한 곳도 대구 뿐이다. 갈수록 줄어드는 일자리 속에 청년 이탈도 심각하다. 그는 “대구 청년들이 일자리가 없어서 떠나는 걸 보면 눈물이 난다”며 “경제는 끊임없이 새로운 먹거리를 찾아야 하고, 행정은 그 변화를 앞에서 이끌고 뒤에서 밀어야 한다. 그런데 대구는 산업구조 전환의 때를 놓쳤다”고 했다. 김 후보는 자신이 여당 후보임도 강조하며 “지금은 대구에서 저를 한번 쓰실 때”라고 말했다. 재정이 취약하고 중앙정부 지원이 절실한 광역단체장은 대통령과의 관계와 여당 소속이라는 점이 더할 수 없이 큰 무기다. 2014년 당시 새정치민주연합으로 대구시장 선거에 나갔던 김 후보는 진보진영에서 갖은 욕을 감수하고 당시 박근혜 전 대통령과 함께 찍은 사진과 ‘대통령과 협력하여 대구발전’이라는 문구를 넣어 현수막을 걸었다. 그는 “지금 대구에 필요한 사람은 정부·여당과 원활하게 소통하면서 예산과 권한을 끌어올 수 있는 시장”이라며 “대통령 임기 4년과 시장 임기 4년이 맞물리는 지금이야말로 대구의 묵은 현안을 풀 절호의 기회다. 여당 시장은 그 점에서 대구에 실질적인 힘이 될 수 있다”고 강조했다. 김 후보는 대구시장을 딛고 대선 출마를 노린다는 일각의 의심에 대해서도 단호히 선을 그었다. 그는 “분명히 말씀드린다. 다른 정치적 목표를 위한 디딤돌로 (대구시장을)생각하지 않는다”며 “대구를 다시 일으킬 고민만으로도 24시간이 모자라다. 이번 도전은 정치적 고향 대구에 대한 마지막 봉사”라고 했다. -대구 어려움을 언제 체감하시나. △15년 전에 (대구 국회의원 선거를 위해)왔을 때도 GRDP가 꼴찌였는데, 당시 사람들은 이를 절박하게 받아들이지 않았다. 이전 대구 경제가 좋을 때 축적해 놓은 게 있어 큰 주름살이 없었기 때문이다. 하지만 30년이 지나니 이제 눈에 띄게 나타나고 있다. 상가 임대 공실률이 늘고 자영업이 몰락하는 게 보인다. 대구의 명동인 동성로의 상징적인 대구백화점 본점 건물이 빈 지 5년이 됐다. 일대 상권 자체가 죽었고 시민들도 위기의식을 느낀다. 더불어민주당 소속 김부겸 전 국무총리가 3월30일 오후 대구 중구 동성로 2·28기념중앙공원에서 대구시장 선거 출마를 밝히고 있다. (사진 = 연합뉴스) -대구 민심은 어떤가. △현장에서 느끼는 민심은 과거와 분명히 다르다. 예전에는 민주당이라고 하면 눈도 잘 마주치지 않으셨고 명함을 드려도 바로 버리는 분들도 있었다. 응원을 해주시더라도 주변에서 들을까 봐 나지막이 ‘힘내라’고 말씀하시는 정도였다. 그런데 지금은 먼저 다가와 사진을 찍자고 하시고, “이번에는 김부겸을 찍겠다”고 공개적으로 말씀하시는 분들도 있다. 시민들께서 수십 년 동안 한 정당에 힘을 몰아줬는데도 삶과 경제가 나아지지 않았다는 문제의식이 커지고 있다. -여론조사가 매우 강세다. △지금 나오는 여론조사는 현재의 분위기일 뿐이다. 특히 무응답층이 적지 않다. 무응답층은 사실 속으로 국힘을 지지하는 성향이 많다고 봐야 한다. 지금 국힘이 하는 꼬라지가 마음에 안 들어 옆으로 가 있는 것뿐이다. 마지막에 국민의힘이 읍소를 하면 명분을 중시하는 분들이라 다시 야당을 찍어줄 가능성이 크다. 정당 지지도도 민주당이 10% 이상 낮다. 끝까지 낮은 자세로 시민 한 분 한 분을 만나겠다. 경거망동하지 않도록 조심해야 한다. -대구 산업 대전환을 위해 무엇이 필요하나. △최근 2년간 대구 경제성장률이 전국 특·광역시 중 유일하게 연속 마이너스였다. 기계, 금속, 자동차부품, 섬유 등 전통 제조업의 경쟁력 약화가 가장 큰 원인이다. 전통 제조업에 AI를 접목하는 AX 전환은 선택이 아니라 생존의 문제다. 약 5000억원이 투입되는 ‘지역거점 AX 혁신기술개발사업’을 마중물로 삼아 제조공정 전반에 AI를 단계적으로 적용하겠다. 산업 대전환에 필요한 AX 투자는 당에 요청할 것이고 당으로부터 확답도 받겠다. -대구·경북 행정통합의 구체적인 로드맵이 있나. △당선되면 곧바로 경북지사와 함께 공동으로 통합추진위원회를 출범시키겠다. 시·도민의 이해와 동의가 먼저이므로 권역별 설명회와 숙의 절차를 거치겠다. 여당 시장으로서 정부·국회와 직접 협의하며 특별법 통과에 속도를 내겠다. 공론화, 특별법 제정, 주민투표까지 마무리하고 2028년 총선 시점에 통합단체장 선출로 이어질 수 있도록 준비하겠다. 통합을 해야 정권이 약속한 대로 1년에 5조원이라는 큰돈을 지원받을 수 있다. 이 예산은 사용처에 꼬리가 달리지 않아 신공항 이전 사업 등에 원용할 수 있는 아주 중요한 자금이다. 김부겸 더불어민주당 대구시장 후보(사진 = 김부겸 캠프 제공) -IBK 기업은행 대구 이전을 제안했다. 벌써 반발이 있다. △대구는 소상공인과 자영업자의 비중이 높고 금융 부담도 크다. 소상공인, 자영업자, 중소기업이 많은 대구의 산업구조에 맞는 정책금융 기반을 갖춰야 한다. ‘고객의 상당수가 수도권에 있다’는 반대 논리도 알고 있지만, 그 논리대로라면 모든 공공기관은 계속 수도권에만 있어야 한다. 노조가 반발하겠지만 계속 설득하고 노력하겠다. 시장이 되면 대구 경제를 살리기 위해 꼭 필요한 기관을 유치할 것이다. -4년 임기 종료 후 대구가 달라졌다는 것을 어떤 지표로 확인할 수 있나. △1호 공약인 대구 산업 대전환 프로젝트의 장기 목표는 2035년까지 GRDP를 현재의 2배 수준인 150조 원으로 끌어올리고, 일자리 10만 개를 만드는 것이다. 취업자 수와 고용률, 청년고용률이 실제로 높아졌는지를 공식 통계로 보여드리겠다. 청년 순유출이 줄었는지, 임금 여건이 나아졌는지도 중요한 기준이다. TK 신공항, 대구·경북 행정통합, 취수원 문제, 2차 공공기관 이전, 제조업 AI 전환 같은 대구 숙원사업도 어떻게 진척됐는지 시민들께서 확인할 수 있어야 한다. -민주당 소속이다. 대구 입장과 당론이 다를 때는 어떻게 하시겠나. △민주당 소속 후보이지만, 대구시장의 판단 기준은 언제나 시민의 삶과 대구의 이익이어야 한다. 당의 가치와 원칙을 존중하지만, 대구의 현실과 시민의 요구가 당의 판단과 다를 때는 피하지 않고 말하겠다. 시민의 목소리를 근거로 정부와 당을 설득하고, 대구에 필요한 해법을 찾아내겠다. 김부겸 더불어민주당 대구시장 후보(사진 = 김부겸 캠프 제공)",이데일리,정치,https://n.news.naver.com/mnews/article/018/0006267146?sid=162
대선 출정식 방불케 한 김부겸 개소식… “대구가 국힘 혼내야 대구가 살아”,"범여권 인사 62명 집결 ‘매머드급’ 개소식 김부겸 “국민의힘 혼내야 대구 살아” 정청래 “중앙당 간섭 없이 전폭 지원” 문재인 전 대통령 “제2의 바보 노무현” ‘AI 전환 수도·군공항 이전’ 승부수 26일 오후 대구 달서구 두류역 인근에 마련된 더불어민주당 김부겸 대구시장 예비후보의 희망캠프 선거사무소 개소식에서 왼쪽부터 오중기 경북도지사 예비후보와 김 예비후보, 정청래 대표가 손을 맞잡고 있다. 연합뉴스 ‘더불어민주당 김부겸 대구시장 후보가 26일 대구 달서구에서 선거사무소 개소식을 열고 본격적인 세몰이에 나섰다. 이날 행사는 정청래 대표 등 당 지도부는 물론 조국혁신당과 무소속을 아우르는 범여권 전·현직 국회의원 62명이 대거 집결하며 흡사 대선 출정식을 방불케 하는 열기 속에 치러졌다. 보수세가 강한 대구에서 민주당 깃발을 꽂으려는 여권의 총공세는 국민의힘 대진표 확정과 맞물려 더욱 주목받고 있다. 마침 이날 국민의힘은 경제부총리 출신의 3선 추경호 의원을 대구시장 후보로 최종 확정하며 여야 간 중량감 있는 ‘빅매치’ 대진표를 완성했다. 김 후보는 개소식 일성으로 변화를 선택해 줄 것을 호소했다. 그는 국민의힘을 겨냥해 “대구시장이 싸우는 자리인가. 대구시장이 싸우면 일은 누가 합니까”라고 반문하며 “이번에는 김부겸을 회초리 삼아달라. 국민의힘이 정신 차리게 만들어달라”고 강조했다. 이어 “대구가 국민의힘을 혼내야 나라가 산다. 그래야 대한민국 정치도 바로 서고 무엇보다 대구가 산다”며 견제론을 전면에 내세웠다. 지역 자부심을 건드리는 발언도 이어졌다. 김 후보는 “대구는 역대 대통령을 네 분이나 배출한 도시로, ‘동네 정치’나 하는 곳이 아니다”라며 “대구에서 세 번 떨어졌음에도 여전히 대구를 사랑한다. 김부겸의 사랑을 이번엔 화끈하게 받아달라”고 목소리를 높였다. 그는 핵심 공약으로 인공지능(AI) 전환 수도 조성, K2 군공항 이전, 대구·경북 행정통합 등을 내걸었다. 중앙당은 파격적인 지원 사격을 약속하며 김 후보에게 힘을 실었다. 정청래 대표는 축사에서 “이번 선거에서 가장 공들여 모신 분이 김부겸이다. 확실한 필승 카드”라며 “대구·경북 선거는 김부겸의 얼굴로 치르겠다. 중앙당은 간섭하지 않고 김 후보가 원하는 대로 안성맞춤형 지원을 하겠다”고 밝혔다. 로봇수도와 신공항 건설 등 지역 현안에 대한 전폭적인 당 차원의 지원도 공언했다. 문재인 전 대통령 역시 영상 메시지를 통해 조력자로 나섰다. 문 전 대통령은 “김부겸은 ‘바보 노무현’처럼 꽃길을 마다하고 지역주의에 꺾이지 않았던 인물”이라며 “대구가 힘을 모아주면 김부겸은 더 큰 인물이 된다. 그가 대구에 큰 도움이 되도록 키워달라”고 당부했다. 이날 행사에는 정비사와 신입사원, 취준생 등 평범한 시민들도 참석해 ‘30년 침체를 끊어달라’는 염원을 김 후보에게 전달했다.",디지털타임스,정치,https://n.news.naver.com/mnews/article/029/0003023796?sid=100
김용·김용남도 부담…민주당 최대 난제 '평택을',"조국 등판에 평택을 5파전 구도 전 지역 공천 방침에도 인물난 출마 희망자들 타 지역에 눈길 울산 연동설은 동력 상실 흐름 더불어민주당 정청래 대표. 윤창원 기자 6·3 재보궐선거 공천에서 더불어민주당의 다음 난제는 경기 평택 을이다. 승리 가능성은 물론, 조국혁신당 조국 대표 출마로 인한 선거 구도 변화, 진보당과의 관계 설정 문제까지 복합적으로 얽힌 탓이다. 조국 등판에 5파전…구도부터 부담 연합뉴스 현재 평택 을은 국민의힘 유의동, 조국혁신당 조국, 진보당 김재연, 자유와혁신 황교안 후보까지 이미 4명이 뛰고 있다. 여기에 민주당이 후보를 낼 경우 5파전 구도가 된다. 민주당 내에선 이광재 전 강원도지사, 김용남 전 의원, 김용 전 민주연구원 부원장 등이 거론되지만, 조국 대표라는 '거물'과 맞붙어야 하는 데다 다자 구도 부담까지 겹치면서 출마에 신중한 분위기다. 특히 김용남 전 의원은 보수정당 출신이라는 점에서 유의동·황교안 후보와 함께 '보수 출신 3명' 구도가 형성될 수 있다는 점을 부담으로 느끼는 것으로 전해진다. 그는 최근 하남 검단산을 찾은 사진을 SNS에 올리며 하남 갑 출마 의지를 내비쳤다. 김용 전 부원장 역시 비교적 민주당에 유리한 지역으로 꼽히는 안산 갑 출마에 무게를 두는 것으로 알려졌다. 그는 26일 김현 의원 등 지역 인사들과 함께 안산갑 지역에 위치한 '꿈의 교회'를 찾는 등 사실상 지역 탐색 행보에 나선 모습이다. 그의 안산 출마를 돕는 한 민주당 의원은 CBS노컷뉴스와의 통화에서 ""고초를 겪은 사람을 험지(평택 을)로 보내라는 건 말도 안 된다""고 손사래를 쳤다. 이처럼 지도부가 '전 지역 공천' 의사를 분명히 했음에도, 정작 평택 을에 누굴 공천할지를 두고는 뚜렷한 해법을 찾지 못하고 있다는 해석이 나온다. 울산 연동 시나리오 힘 빠지나 연합뉴스 일각에선 평택 을과 울산시장 선거를 연동하는 시나리오도 거론됐다. 울산시장 선거를 김상욱 후보로 단일화하는 대신 평택 을에 민주당이 공천을 하지 않거나 진보당으로 단일화하는 방안이다. 하지만 당내에선 회의적인 분위기가 감지된다. 경기남부 지역 한 여당 의원은 ""정 대표가 전 지역 공천을 공언한 만큼, 평택 을도 공천하지 않겠느냐""고 말했다. 또 다른 의원도 ""해당 시나리오는 진보당에서 나온 얘기에 가깝고 민주당에선 검토한 바 없다""며 ""조국 대표가 출마한 상황에서 가능하겠느냐""고 선을 그었다. 여기에 특정 후보를 공천할 경우 울산 연동 시나리오 자체가 더 꼬일 수 있다는 관측도 나온다. 공천에서 배제된 후보가 반발할 가능성이 크기 때문이다. 실제 울산에서도 민주당과 진보당 간 단일화를 둘러싼 신경전이 이어지는 상황이다. 진보당 측이 김상욱 후보의 경쟁력을 문제 삼자, 김 후보가 즉각 반박하면서 갈등 양상이 드러났다. 지난 22일 진보당 방석수 울산시당위원장은 김 후보를 두고 ""국회의원을 더 잘 할 정치인이다. 정치를 시작한 지 2년 남짓이고, 경륜과 역량이 검증되지 않았다""고 평가했고, 김 후보는 ""작은 오해는 경우에 따라 큰 갈등의 씨앗이 된다""고 맞받았다. 결국 평택 을은 구도·인물·연대 문제가 동시에 얽힌 '삼중 난제'로 부상했다. 어떤 선택을 하더라도 부담이 따르는 만큼, 정청래 지도부의 리더십을 가늠할 시험대로 읽힌다. ※CBS노컷뉴스는 여러분의 제보로 함께 세상을 바꿉니다. 각종 비리와 부당대우, 사건사고와 미담 등 모든 얘깃거리를 알려주세요. 이메일 : jebo@cbs.co.kr 카카오톡 : @노컷뉴스 사이트 : https://url.kr/b71afn",노컷뉴스,정치,https://n.news.naver.com/mnews/article/079/0004140808?sid=100
정동영 논란 수습에도…정쟁으로 번진 한미관계,"북핵 수석대표, 美국무부 차관과 비공개 회동 안보실장 ""대결소재로 증폭…정치쟁점화 않아야"" 野, 선거 앞 리더십 위기 속 안보리스크 총공세 정동영 통일부 장관. 황진환 기자 대북 정보공유 제한으로 촉발된 한미동맹 갈등 논란이 정치권 공방으로 번지며 확산하고 있다. 위성락 안보실장의 순방 중 브리핑에 이어 양국 고위 외교당국자가 미국에서 회동을 하며 수습에 나섰지만 야권은 지방선거를 앞두고 안보상황을 부각시키며 공세를 이어가고 있다. 지난 24일(현지시간) 우리 측 북핵 수석대표인 정연두 외교부 외교전략정보본부장은 워싱턴 DC 국무부 청사에서 앨리슨 후커 국무부 정무차관과 비공개 면담을 가졌다. 최근 정동영 통일부 장관의 '구성 핵시설' 발언 논란에 대한 우리 측 입장을 전달한 것으로 전해졌다. 정 본부장은 면담 후 취재진과 만나 ""한미 간 오해를 풀기 위해 이야기를 했고 (관계) 정상화를 위해 노력하고 있다""고 설명했다. 청와대도 지난 23일(현지시간) 이재명 대통령의 베트남 순방 중 브리핑을 열고 정 장관의 발언에 대한 진화에 나섰다. 위성락 안보실장은 ""정 장관은 오픈소스에서 취득한 것을 얘기했다는 것이고, 미국은 자기들이 준 정보가 흘러간 것이라고 생각하는 것 같다. 그래서 사달이 난 것""이라며 ""지금 대두되는 현안들을 잘 대처해 한미동맹 관계를 관리하려 애를 쓰고 있다""고 말했다. 위 실장은 이번 논란이 정치적으로 번지는 상황도 경계했다. 그는 ""여야 간에 이런 일이 대결 소재로 증폭되고 있어서 우려된다""며 ""동맹을 잘 관리하려면 이것이 정치 쟁점화하지는 않아야 한다고 생각한다""고 당부했다. 위성락 국가안보실장이 취재진 질문에 답하고 있다. 인천=류영주 기자 다만 야권은 위 실장의 브리핑을 두고 한미관계가 비정상임을 인정했다며 정 장관 사퇴와 외교안보라인 쇄신을 주장하고 나섰다. 지방선거를 앞두고 리더십 위기에 빠진 국민의힘이 내부 위기타개를 위해 정부의 외교안보 리스크를 부각하며 총공세에 나서는 모양새다. 장동혁 국민의힘 대표는 페이스북에서 ""안보실장이 한미관계가 비정상임을 공식 인정했다""며 ""미국과의 신뢰 회복, 정동영 장관 경질이 답""이라고 주장했다. 중진들도 ""동맹국이 보내는 신호를 어설픈 운동권 논리로 맞받아치면 돌아오는 것은 더 큰 청구서(윤상현 의원)"", ""스스로의 실언을 덮고자 동맹의 신뢰를 깎아내리는 참담한 무책임(나경원 의원)""이라며 가세했다. 여당은 국민의힘이 오히려 한미동맹에 균열을 내려 한다고 엄호에 나섰다. 백승아 민주당 원내대변인은 ""국민의힘이 지방선거를 앞두고 외교·안보 문제를 전면에 내세우며 정쟁에 몰두하고 있다""면서 ""외교·안보를 선거전략으로 끌어다 쓰는 것은 무책임을 넘어 국익을 훼손하는 매국 행위""라고 직격했다. ※CBS노컷뉴스는 여러분의 제보로 함께 세상을 바꿉니다. 각종 비리와 부당대우, 사건사고와 미담 등 모든 얘깃거리를 알려주세요. 이메일 : jebo@cbs.co.kr 카카오톡 : @노컷뉴스 사이트 : https://url.kr/b71afn",노컷뉴스,정치,https://n.news.naver.com/mnews/article/079/0004140811?sid=100
"장동혁, 선거 후 평가받겠다지만… 선방해도 버티기 만만찮다","박준태 “지도부 향한 비판 선 넘어” 강원·충청·대구까지 비토론 확산 현장 지원 대신 ‘대여 메시지’만 당 지지율 최저·후보들 ‘거부 반응’ “이긴다면 후보 공” “지지층 결집” 부산 북구갑 국회의원 보궐선거 국민의힘 후보군인 박민식(오른쪽) 전 국가보훈부 장관과 무소속으로 출마한 한동훈(오른쪽 두 번째) 전 국민의힘 대표가 26일 구포초에서 열린 동문 운동회에 나란히 참석해 주민들과 악수하고 있다. 부산 연합뉴스 장동혁 국민의힘 대표가 방미 이후 더욱 거세진 ‘2선 후퇴’ 요구를 “지방선거를 마무리하고, 당당하게 평가받겠다”며 일축했다. 다만 후보들이 장 대표와 거리를 두는 상황에서 지방선거 결과 ‘선방’을 하더라도 장 대표가 자리를 유지할 수 있을지는 미지수인 상황이다. 박준태 당대표 비서실장은 26일 여의도 중앙당사에서 “장 대표와 지도부에 대한 내부 비판이 과도하고 선을 넘었다고 생각한다”며 “대표를 흔들어서 선거에 승리한 사례는 전례도 없고, 그런 얘길 들어본 적도 없다”고 말했다. 지난 25일 장 대표가 직접 “상황이 좋지 않다고 당 대표에서 물러나는 것은 책임지는 정치인의 모습이 아니다”고 사퇴론에 선을 그은 것의 연장선이다. 수도권뿐 아니라 강원·충청·대구까지 사실상 ‘장동혁 비토론’이 나온 가운데 장 대표는 현장 지원 대신에 중앙에서 ‘반명(반이재명) 메시지’에 집중하기로 했다. 박 실장은 “당의 모든 구성원들은 그 역량을 더불어민주당 정부의 무능과 무도함을 검증하고 국민께 알리는 데 집중해야 한다”며 “장 대표의 모든 메시지도 민주당 정부의 무능과, 민주당 후보의 결격사유에 초점을 맞춰서 이뤄질 것”이라고 말했다. 실제 장 대표는 8박 10일 미국 방문 후 ‘대여 메시지’에 집중하고 있다. 이날도 페이스북을 통해 화물연대와 삼성전자 노조의 파업을 언급하며 “청년들은 줄어든 아르바이트 자리, 실종된 일자리에 분노하고 있다. 그런데 만기친람 이 대통령은 이들의 눈물에는 눈을 감고 있다”고 했다. 장 대표의 4월 공개 외부 일정은 9건에 불과하다. 지역 일정은 제주·인천·강원 방문 3건뿐이라, 4월에만 전국을 20곳 넘게 돌며 광폭 행보를 보인 정청래 민주당 대표와 대비된다는 평가도 나온다. 당 안팎에선 지방선거 이후 장 대표가 자리를 지키긴 쉽지 않다는 전망이 나온다. 창당 이후 당 지지율이 최저치를 경신하는 데다 후보들마저 ‘거부 반응’을 보이고 있어 선거 결과 선방을 하더라도 장 대표가 공을 내세우기 쉽지 않다는 이유에서다. 부산 지역의 한 의원은 “승리 지역은 장 대표가 깎아먹은 지지율을 각 지역별 후보자와 지역 정당이 만회해서 이긴 것이지 장 대표가 버틸 이유가 되지 않는다”라고 일축했다. 다만 장 대표가 여전히 지지층 결집에는 유효한 역할을 하고 있다는 시선도 존재한다. 경남 지역의 중진 의원은 “선거에서 승리하면 당연히 장 대표 덕이 있다”며 “지금 분열은 자멸이라 좌고우면할 때가 아닌 집중해야 할 때”라고 말했다.",서울신문,정치,https://n.news.naver.com/mnews/article/081/0003638810?sid=100
"국힘, 평택을 유의동 공천… 민주, 하남갑·안산갑 등 3곳 고심","유, 유일한 평택 출신 정치인 강조 민주당, 김용남 평택을 공천 거론 김용 공천 두고 당내 찬반 엇갈려 하정우 수석 출마 여부 조만간 결론 국민의힘이 6·3 지방선거와 함께 치러지는 경기 평택을 국회의원 재선거에 유의동 전 의원을 26일 단수공천했다. 더불어민주당이 주중 평택을을 포함한 재보궐선거 공천을 마무리하면 조국 조국혁신당 대표, 김재연 진보당 상임대표 등과의 경쟁이 본격화될 전망이다. 국민의힘 공천관리위원회는 이날 평택을에서 3선을 지낸 유 전 의원의 공천을 확정했다. 유 전 의원은 공천 확정 후 “‘정치를 위해 평택을’ 찾아온 사람들은 많지만 ‘평택을 위해 정치’를 선택한 사람은 저밖에 없다”고 강조했다. 본인을 제외한 모든 후보가 ‘외지인’이라는 점을 부각한 것이다. 일각에서는 장동혁 대표가 유 전 의원과 황교안 자유와혁신 대표간 단일화를 추진할 것이란 관측도 나온다. 하지만 황 대표가 여전히 부정선거를 주장하고 있고 국민의힘 국회의원 결의문에서 채택한 ‘절윤(윤석열과의 절연)’을 거부하며 윤어게인 활동을 벌이고 있는 만큼 장 대표가 이를 무리하게 추진하긴 쉽지 않을 것으로 보인다. 앞서 울산·인천 지역 재보궐 후보를 확정한 민주당은 이르면 이번 주 재보궐선거 공천을 마무리할 예정이다. 평택을·하남갑·안산갑 등 경기 3곳을 두고 계파 갈등 조짐도 보이는 만큼 고도의 정무적 판단이 필요하다는 게 당 내부의시각이다. 평택을은 수원에서 새누리당 국회의원을 지낸 개혁신당 출신 김용남 전 의원의 공천 가능성도 나온다. 다만 김 전 의원은 전날 페이스북에 하남 검단산 산행 소식을 알리며 하남갑 보궐선거 출마 의지를 시사했다. 사법리스크 속에서도 지도부에 공천을 요구 중인 김용 전 민주연구원 부원장은 민주당의 ‘딜레마’라는 평가가 나온다. 김 전 부원장의 공천 찬반을 두고 이미 계파별로 입장이 나뉘었다. 이날 오후에는 단식 농성을 하다 병원으로 이송된 안호영 의원을 병문안하며 정청래 대표를 압박했다. 한편 하정우 청와대 AI미래기획수석비서관의 거취도 조만간 결론 날 것으로 보인다. 민주당이 그의 출마를 강력하게 추진 중인 부산 북구갑은 이날 구포초 동문체육대회에 국민의힘의 박민식 전 국가보훈부 장관, 무소속 한동훈 전 대표가 참석했다.",서울신문,정치,https://n.news.naver.com/mnews/article/081/0003638804?sid=100
"'AI 참모' 하정우·'대통령의 입' 전은수, 6·3 재보선 출마 초읽기","부산 북갑·충남 아산을 결단 임박 5월 4일 사퇴 시한 앞두고 이번 주 거취 가닥 하정우 ""아침저녁 생각 바뀐다""…전은수 ""하마평 감사"" 이재명 정부 청와대 핵심 참모인 하정우 AI미래기획수석과 전은수 대변인의 6·3 국회의원 재·보궐선거 출마 여부가 이번 주 중 판가름 날 전망이다. 두 사람이 출마할 경우 하 수석은 부산 북갑, 전 대변인은 충남 아산을이 유력하게 거론된다. 하정우 대통령실 인공지능(AI)미래기획수석이 9일 서울 용산 대통령실에서 열린 국무회의에서 발언하고 있다. 연합뉴스 6·3 지방선거와 동시에 치러지는 재보선에 출마하려는 공직자는 공직선거법상 선거일 30일 전인 다음 달 4일까지 사퇴해야 한다. 후보 등록과 선거 준비 절차까지 고려하면 사실상 이번 주가 결단의 마지노선이라는 게 청와대와 여권 안팎의 공통된 시각이다. 청와대 관계자는 27일 ""이번 주가 사실상 마지노선인 만큼, 본인들의 결정만 남았다""고 설명했다. 하 수석은 전재수 더불어민주당 부산시장 후보의 의원직 사퇴로 공석이 될 부산 북갑 보선 후보군으로 거론된다. 부산 북갑은 2024년 총선에서 부산 18개 지역구 가운데 민주당이 유일하게 승리한 곳이다. 민주당 입장에선 반드시 지켜야 할 전략 지역인 동시에, 한동훈 전 국민의힘 대표의 무소속 출마와 박민식 전 국가보훈부 장관의 국민의힘 출마 준비가 맞물리며 이번 재보선의 최대 격전지로 떠올랐다. 민주당 지도부는 하 수석 차출에 공을 들이고 있다. 정청래 대표는 공개적으로 하 수석에게 러브콜을 보냈고, 전재수 후보도 자신의 지역구 후임으로 하 수석을 여러 차례 거론했다. 전 후보는 하 수석이 부산 구덕고 후배라는 점을 언급하며 ""새로운 접근 방식과 자세, 태도를 가진 새로운 세대의 등장을 기대한다""고 했다. 부산 현장 최고위원회의에서는 ""사랑한다""는 표현까지 쓰며 공개적으로 힘을 실었다. 하 수석도 최근 들어 완강한 고사 기류에서는 한발 물러선 모습이다. 그는 이 대통령의 인도·베트남 국빈 방문을 앞두고 중요한 임무를 성공적으로 마무리하는 데 집중하겠다며 다녀온 이후 다시 한번 깊이 고민하고 스스로 결정한 후 결과를 공개하겠다고 했다. 그러면서 ""아침저녁으로 생각이 바뀐다""고도 했다. MBC 유튜브 인터뷰에서는 ""대통령 참모로서가 아니라 최종적으로 개인의 문제라는 것을 깨달았다""고 했다. 출마 여부를 본인의 정치적 결단으로 정리하겠다는 의지로 풀이된다. 하 수석은 1977년 부산 출생으로 사상초, 사상중, 구덕고를 거쳐 서울대 컴퓨터공학과를 졸업했다. 서울대 대학원에서 컴퓨터공학 석·박사 학위를 받았고, 삼성SDS와 네이버를 거친 대표적 민간 AI 전문가다. 네이버 AI LAB 소장, 네이버클라우드 AI혁신센터장 등을 지냈고, 윤석열 정부 시절에도 디지털플랫폼정부위원회 AI·데이터 분과위원장과 초거대 공공 AI 태스크포스 팀장을 맡았다. 이재명 정부 출범 직후 신설된 AI미래기획수석에 발탁되면서 'AI 3대 강국' 구상의 핵심 참모로 자리 잡았다. 전은수 신임 대변인이 3일 청와대 춘추관에서 출퇴근 시간대 대중교통 혼잡 완화 대책 관련 브리핑을 하고 있다. 2026.4.3 연합뉴스 전 대변인은 강훈식 대통령 비서실장의 옛 지역구인 충남 아산을 출마 가능성이 거론된다. 당초 김상욱 의원의 울산시장 출마로 보궐 가능성이 제기된 울산 남구갑 차출설이 나왔지만, 민주당이 울산 남구갑에 전태진 변호사를 전략공천할 방침을 밝히면서 전 대변인의 이름은 충남 아산을 쪽으로 옮겨붙었다. 충남 아산을은 강훈식 대통령 비서실장의 지역구였다. 전 대변인은 출마 관련 답변을 최소화해왔다. 지난 8일 SBS 라디오에서 울산 남구갑 출마 가능성을 묻는 말에 ""대변인으로 승진했는데 결재 창의 온기가 아직도 마르지 않았다""며 ""이재명 정부의 성공을 위해 지금 열심히 전념하고 일하겠다""고 말했다. 지난 20일 YTN 라디오에서는 충청권 차출 가능성을 묻는 말에 ""그렇게 하마평이 오르는 것 자체에 너무 감사드린다""고 했다. 전 대변인은 1984년 부산에서 태어나 두 살 때부터 울산에서 성장했다. 울산 태화초, 학성여중, 우신고를 거쳐 공주교대 초등교육과를 졸업했고, 대전에서 초등학교 교사로 일했다. 이후 부산대 법학전문대학원에 진학해 제4회 변호사시험에 합격했다. 울산에서 변호사로 활동하며 울산지방변호사회 이사, 울산지방노동위원회 공익위원, 울산여성가족개발원 이사, 민주평화통일자문회의 상임위원, 한국공공기관감사협회 부회장, 한국에너지공단 상임감사 등을 지냈다. 정치권에는 2024년 총선을 앞두고 민주당 7호 영입 인재로 들어왔다. 당시 울산 남구갑에 출마해 김상욱 당시 국민의힘 후보와 맞붙었으나 낙선했다. 이후 민주당 지명직 최고위원을 지냈고, 이재명 정부 출범 직후 청와대 부대변인으로 발탁됐다. 지난 1일에는 대변인으로 승진하며 선임행정관급에서 비서관급으로 직급이 올라갔다. 청와대 안팎에서는 대인 관계가 탁월하고, 대통령 메시지를 빠르고 정확하게 전달한다는 평가와 함께 '대통령의 입'이라는 상징성이 붙었다. 여권이 두 사람을 주목하는 배경에는 청와대 참모 프리미엄과 세대교체 이미지가 동시에 깔려 있다. 하 수석은 'AI 전문가'라는 미래 산업 상징성을, 전 대변인은 교사·변호사·여성 정치인이라는 확장성을 갖고 있다. 민주당으로서는 재보선을 단순한 지역 선거가 아니라 이재명 정부 국정 동력의 중간 평가 무대로 끌어올릴 카드가 필요한 상황이다. 다만 부담도 작지 않다. 하 수석은 현 정부 AI 정책을 설계하는 핵심 참모다. 중동 전쟁과 공급망 불안, 기술 패권 경쟁 속에서 AI 정책의 연속성을 놓고 '국가적 손실'이라는 우려도 나온다. 전 대변인은 승진한 지 채 한 달도 되지 않은 상황이다. 하 수석과 전 대변인이 출마를 결심하면 이재명 정부 출범 이후 청와대 출신 인사의 선거 전면 배치 흐름은 한층 뚜렷해질 전망이다. 반대로 잔류를 택할 경우 민주당은 부산 북갑과 충남 아산을에서 대체 카드를 찾아야 한다. 김남준 대변인이 2일 서울 용산 대통령실에서 이날 열린 국무회의 관련 브리핑을 하고 있다. 2025.12.2 연합뉴스 한편 이 대통령과 10년 이상 호흡을 맞추며 '입' 역할을 해왔던 김남준 전 청와대 대변인은 이 대통령의 지역구인 인천 계양을 보궐선거 공천을 확정했고, '7인회' 멤버인 김남국 전 청와대 디지털소통비서관은 경기 안산갑 출마를 노리고 있다.",아시아경제,정치,https://n.news.naver.com/mnews/article/277/0005754889?sid=100
"대구시장, 김부겸·추경호 ‘빅매치’","국힘, 공천 파동 겪고 후보 확정 20% 넘는 무당층이 승부 변수로 더불어민주당 대구시장 후보인 김부겸(오른쪽) 전 국무총리가 26일 대구 달서구에 위치한 ‘김부겸 희망캠프’ 개소식에서 정청래 대표와 엄지를 치켜세우고 있다.  대구 뉴스1 6·3 지방선거 신(新)격전지로 떠오른 ‘보수의 심장’ 대구의 대진표가 국민의힘 추경호 의원과 더불어민주당 김부겸 전 국무총리 대결로 확정됐다. 일찌감치 김 전 총리에게 당력을 집중한 민주당과 달리 공천 파동으로 부침을 겪은 국민의힘은 26일에서야 추 의원을 후보로 선출했다. 양측 지지층이 본격 결집할 것으로 예상되는 가운데 20%가 넘는 무당층이 승부의 변수로 분석된다. 국민의힘 대구시장 최종 후보로 선출된 추경호 의원이 26일 대구 수성구에 위치한 국민의힘 대구시당에서 열린 기자회견 중 주먹을 쥐고 파이팅 포즈를 취하고 있다.    대구 뉴스1 국민의힘 공천관리위원회는 이날 여의도 중앙당사에서 추 의원과 유영하 의원의 최종 경선 결과를 ﻿발표했다. 추 의원은 후보 확정 후 국민의힘 대구시당에서 “대구에서 추경호가 승리의 돌풍을 일으켜 보수 재건의 출발점을 만들겠다”며 “대구의 자부심, 반드시 지키겠다”고 밝혔다. 경제부총리 겸 기획재정부 장관을 지낸 추 의원은 “첫날부터 실전에 투입될 수 있는 프로 경제시장 추경호”라고 강조했다. 대구시장 공천 잡음으로 국민의힘에 대한 달구벌 민심도 심상치 않은 만큼 그는 “중앙당이 지방선거를 어떻게 지원할지는 중앙당의 전략”이라며 “대구 선거는 후보자가 중심이 돼 시당과 당원이 함께 민심을 얻고 선거 승리를 위해 해나갈 것”이라고 말했다. 앞서 이철우 경북지사가 대구·경북 통합선대위를 제안했고, 추 의원이 이에 화답하기도 했다.﻿ 컷오프에 반발해 무소속 출마를 경고했던 주호영 국민의힘 의원은 지난 24일, 이진숙 전 방송통신위원장은 25일 불출마를 선언했다. 이 전 위원장은 “대구를 무도한 민주당 정권으로부터 지켜 내겠다”며 추 의원에게 힘을 보태기로 했다. 두 사람의 무소속 변수가 사라져 후보 난립에 따른 보수 분열은 겨우 막았으나 내부 갈등 치유까지는 상당 기간이 필요할 것으로 전망된다. 한편 김 전 총리와 민주당은 국민의힘의 내부 갈등을 적극적으로 파고들었다. 달서구에 마련한 ‘김부겸 희망캠프’ 개소식에는 정청래 민주당 대표, 한병도 전 원내대표, 한정애 정책위의장, 조정식·박지원 의원 등 현직 의원 50여명은 물론 민주당 원로인 권노갑 전 의원 등 전직 의원 10여명이 집결했다. 문재인 전 대통령도 영상 축사를 통해 “김부겸은 나의 오랜 동지이자 정치적으로도 오랫동안 같은 길을 걸은 사이”라고 힘을 보탰다. 2014년 대구시장 선거를 중앙당과 거리를 두고 홀로 치렀던 김 전 총리는 “그때는 당에 ‘아예 낙동강 다리를 건널 생각도 말라’고 엄포를 놓았다. 그런데 지금 180도 반대인 이유는 간단하다. 여당이 필요하기 때문”이라고 말했다. 이어 “이 엄청난 변화의 요구에 대구시장 후보 김부겸과 민주당, 그리고 모든 시민이 하나가 되어 기필코 대구의 산업 대전환과 행정통합, 신공항 착수를 이뤄 내겠다”고 강조했다. 국민의힘 후보 확정으로 본격적인 대결이 시작된 만큼 ‘보수 결집’이 본격화할 것이란 우려에는 ‘심판론’을 꺼냈다. 김 전 총리는 “선거가 어려워지면 저쪽 당에서 ‘대구가 보수를 지켜야 한다’고 하는데 그 결과 우리 아들, 딸들이 다 떠났다”며 “이번에 김부겸을 회초리 삼아 주시고 국민의힘이 정신 차리게 만들어 달라”고 호소했다. 추 의원의 후보 확정 전까지 나온 가상대결에서는 김 전 총리가 우세한 것으로 나타났으나 대구 지역 무당층이 20% 넘게 잡히고 있는 만큼 승패를 예측하기는 이르다는 분석이다. 지난 24일 공개된 한국갤럽 여론조사(표본오차는 95% 신뢰수준에 ±3.1% 포인트, 중앙선거여론조사심의위 참조)에서는 대구·경북 정당 지지도가 국민의힘 41%, 민주당 33%로 국민의힘이 8% 포인트 앞섰고 무당층은 23%로 집계됐다.",서울신문,정치,https://n.news.naver.com/mnews/article/081/0003638795?sid=100
"[오늘의 주요일정] 정치·정부 (27일, 월)","베트남 국빈 방문 공식일정을 마친 이재명 대통령과 김혜경 여사가 24일(현지시간) 하노이 노이바이 국제공항에서 한국행 공군 1호기에 올라 환송객에게 인사하고 있다. ⓒ 뉴스1 이재명 기자 (서울=뉴스1) = ◇청와대 -대통령 15:00 데미스 하사비스 구글 딥마인드 최고경영자(CEO) 접견 (청와대) ◇국무총리실 -총리 12:00 주례보고 (청와대) 14:00 미에리냐 라트비아 국회의장 면담 (정부서울청사) 16:00 국가보훈위원회 위촉식 및 회의 (정부서울청사) ◇외교부 -장관 10:00 실국장회의 -1차관 10:00 실국장회의 -2차관 08:30 국회 중동전쟁 경제대응 특별위원회 10:00 실국장회의 16:00 국가보훈위 (총리 주재) ◇통일부 -장관 14:00 4.27 판문점선언 8주년 기념식 참석 (국회 의원회관 대회의실) -차관 통상업무 ◇국방부 -장관 통상업무 -차관 10:00 2함대 현장점검 ◇국가보훈부 -장관 11:00 2030 청년자문단 발대식 (국립서울현충원) 14:00 안중근 의사 유해발굴토론회 (국회 의원회관 제8간담회의실) 16:00 국가보훈위원회 출범식 (정부서울청사) -차관 16:00 국가보훈위원회 출범식 (정부서울청사) ◇감사원 -원장 통상업무 ◇국민권익위원회 -위원장 통상업무 ◇개인정보보호위원회 -위원장 통상업무 ◇국회 -국회의장 09:00 국회의장 주재 기관장 업무보고 (국회접견실, 비공개) 11:00 현안 관련 기자회견 (국회 국회의장 접견실, 국회의장 공보수석실) 14:00 4.27 판문점선언 8주년 기념식 (국회 의원회관 대회의실) ◇더불어민주당 -당대표 10:00 경기 안성시 현장 최고위원회의 (김보라 경기 안성시장 후보 선거사무소, 경기 안성시 보개원삼로 1 서우빌딩 5층) 11:00 <국민 곁으로! 현장 속으로!> 경기 안성중앙시장 민생현장 방문 (안성맞춤시장 입구, 경기 안성시 중앙로 400번길 18) 14:00 4.27 판문점선언 8주년 기념식 (국회 의원회관 대회의실) -원내대표 직무대행 통상업무 ◇국민의힘 -당대표 09:00 최고위원회의 (국회 본관 228호) -원내대표 09:00 최고위원회의 (국회 본관 228호) 10:00 국회 정보위원회 전체회의 (국회 본관 647호) ◇조국혁신당 -당대표 09:30 선거대책위원회 회의 (국회 본관 224호) 13:00 평택시 체육회장 예방 (평택시체육회, 평택시 평남로 615) 15:20 고덕 에듀타운 상가 인사 (평택원예농협 고덕함박지점 인근) 17:30 고덕국제신도시 퇴근 인사 (우성고덕타워 앞, 평택시 고덕국제대로 94) 19:30 청북읍 상가 인사 (평택 청북신도시 중심 상가 인근) -원내대표 09:30 제1차 중앙선거대책위원회 (국회 본관 224호) 11:00 KBC 여의도초대석 15:30 광주KBS 740토론 ◇진보당 -상임대표 05:30 안중홈플러스 사거리 아침인사 (경기 평택시 안중읍 서동대로 1489) 09:00 진보당 대표단 회의 (온라인 회의) 11:00 평택 고덕방송 인터뷰 (평택시 안중읍 안중리 292-70) 18:00 새날TV 출연 -원내대표 09:00 진보당 대표단 회의 (온라인 회의) 10:00 북구 송정교회 헌혈행사 (울산 송정교회) ◇개혁신당 -당대표 09:30 최고위원회의 (개혁신당 대회의실, 국회 본관 170호) -원내대표 08:30 순천KBS-R 시사초점 전남동부입니다 전화인터뷰 09:20 개혁신당 울산광역시당 예비후보자 출마 기자회견 (울산광역시의회 프레스센터 3층) ◇기본소득당 -당대표 17:00 광주 가톨릭평화방송 시사프로그램 '함께하는세상, 오늘' 출연 ◇사회민주당 -당대표 11:40 홈플러스 정상화, 유암코 개입 촉구 기자회견 (국회 소통관 기자회견장)",뉴스1,정치,https://n.news.naver.com/mnews/article/421/0008912454?sid=100
[기자수첩]통일·외교·안보당국이 정보를 대하는 자세,"[the300] ""동맹 관계를 정원에 비유하는 사람도 있다."" 정동영 통일부 장관이 지난달 북한의 우라늄 농축시설 지역으로 구성시를 언급한 것을 계기로 한미 간 이상기류가 감지된다는 시각에 위성락 청와대 국가안보실장이 내놓은 답이다. 정 장관의 발언을 둘러싼 한미 간 의견 불일치는 동맹관계 관리 과정에서 발생하는 현안 중 하나로 과도하게 정치쟁점화해선 안 된다는 게 위 실장의 당부였다. 청와대와 관계당국의 목소리를 종합해보면 정 장관과 미국 측의 시각차는 발언의 출처에 기반한다. 미국은 정 장관이 한미가 공유하는 이른바 '연합 비밀'에 근거해 구성시 발언을 했다고 보는 것으로 알려졌다. 반면 정 장관은 관련 내용을 '오픈 소스'(공개된 정보)에서 취득한 것으로 연합 비밀에 대한 보고를 받은 바 없다는 입장이다. 정 장관은 최근 ""문제를 일으킨 사람들의 의도가 있을 것""이라며 불쾌감을 여과없이 드러내기도 했다. 논란의 핵심은 발언의 당사자인 정 장관의 직위와 위치에 있다. 구성시 사안이 미국 싱크탱크 보고서 등에서 알려진 내용이더라도 관계부처 장관이 직접 언급하는 순간 정보의 무게는 달라진다. 한국 정부라는 출처가 확인되는 순간 소셜미디어(SNS)를 통해 전해지던 정보는 공식 확인된 정보로 격상된다. 정보의 가치는 크게 올라 이번 논란과 같은 특정 계기를 통해 확산된다. 더 큰 문제는 미국의 정보 공유 제한 등 양국 외교갈등 상황까지 노출됐다는 점이다. 동맹 관계에도 주권 국가들이 때때로 기싸움을 벌이는 건 불가피하고 당연한 일이다. 그런데 이번엔 갈등 과정이 여과없이 알려졌다. 핵심 관계자들만 공유하고 관리돼야 하는 정보의 보안이 이뤄지지 않은 것이다. 위 실장의 말대로 동맹 관계에 만족하고 관리에 손을 놓는 순간 잡초가 자라고 그 뿌리를 통해 거대한 틈이 생긴다. 이재명 대통령은 취임 직후부터 불거진 동맹국이자 초강국대국인 미국과의 관세·안보 이슈로 난도 높은 협상을 이어가고 있다. 한국이 국익 중심 실용외교를 펼치듯 미국은 힘의 우위에 기반한 자국 우선주의를 계속 앞세울 가능성이 높다. 이런 때일수록 효과적인 정보 관리와 메시지 발신이 긴요하다. 정치 쟁점화나 과도한 확대 해석을 경계하기 이전에 논란의 빌미를 만들지 않는 정교한 접근이 필요하다. 안보의 핵심은 정보 공유 자체보단 통제와 관리 능력이라는 점을 잊어선 안된다.",머니투데이,정치,https://n.news.naver.com/mnews/article/008/0005349535?sid=100
尹 '내란 우두머리' 2심 오늘 시작…1심 '무기징역' 선고 67일만,"내란전담재판부 심리 첫 공판준비기일…매주 목요일 진행 내란중요임무 혐의 박성재 前법무장관 1심 재판도 마무리 '내란 우두머리' 혐의 윤석열 1심 무기징역 선고 [연합뉴스 자료사진] (서울=연합뉴스) 이도흔 기자 = 윤석열 전 대통령의 12·3 비상계엄 관련 내란우두머리 혐의 항소심이 27일 시작된다. 지난 2월 19일 1심 판결 선고가 내려진 지 67일만이다. 2심 재판은 서울고법 내란전담재판부 심리로 이뤄진다. 서울고법 형사12-1부(이승철 조진구 김민아 고법판사)는 이날 오후 2시 윤 전 대통령과 비상계엄 당시 군·경 수뇌부 7명에 대한 2심 첫 공판준비기일을 연다. 공판준비기일은 정식 재판에 앞서 검찰과 피고인 측 입장을 정리하고 입증계획을 논의하는 절차로, 피고인의 출석 의무는 없다. 윤 전 대통령 역시 이날 준비기일에는 출석하지 않을 전망이다. 재판부는 2차 공판준비기일을 내달 7일로 정했다. 이어 매주 목요일에 공판기일을 열기로 하고, 오는 7월까지 10차례 넘는 기일을 지정해뒀다. 윤 전 대통령은 김용현 전 국방부 장관 등과 공모해 국가권력을 배제하고 국헌을 문란하게 할 목적으로 12·3 비상계엄을 선포해 폭동을 일으킨 혐의를 받는다. 계엄군과 경찰을 동원해 국회를 봉쇄한 뒤 비상계엄 해제 의결을 방해하고, 주요 정치인과 중앙선거관리위원회(선관위) 직원들을 체포 및 구금하려 했다는 혐의도 있다. 앞서 1심을 심리한 서울중앙지법 형사합의25부(당시 지귀연 부장판사)는 윤 전 대통령의 혐의 대부분을 인정하며 무기징역을 선고했다. 내란 중요임무 행사 등 혐의를 받는 김 전 장관에겐 징역 30년, 노상원 전 국군정보사령관에겐 징역 18년을 선고했다. 조지호 전 경찰청장은 징역 12년, 김봉식 전 서울경찰청장은 징역 10년, 목현태 전 서울경찰청 국회경비대장은 징역 3년을 각각 선고받았다. 다만 김용군 전 제3야전군사령부 헌병대장(대령)과 윤승영 전 경찰청 국가수사본부 수사기획조정관에게는 내란을 공모했다고 볼 증거가 부족해 무죄가 선고됐다. 법원 향하는 박성재 전 법무부장관 (서울=연합뉴스) 김성민 기자 = 12·3 비상계엄 사태에 가담하고 김건희 여사의 수사 관련 청탁을 들어준 혐의로 기소된 박성재 전 법무부장관이 9일 서울 서초구 서울중앙지방법원에서 열린 공판에 출석하고 있다. 2026.2.9 [공동취재] ksm7976@yna.co.kr 박성재 전 법무부 장관의 '내란 가담 및 김건희 수사무마' 혐의 1심 재판도 이날 마무리된다. 서울중앙지법 형사합의33부(이진관 부장판사)는 이날 오전 10시부터 박 전 장관의 내란 중요임무 종사 및 직권남용 권리행사방해 등 혐의, 이완규 전 법제처장의 국회증언감정법 위반 혐의 결심공판을 연다. 결심공판에서는 조은석 내란특검팀의 구형에 이어 피고인 측 최종변론과 최후진술이 이뤄질 예정이다. 박 전 장관은 비상계엄 선포 후 법무부 실·국장 회의를 소집하고 합동수사본부 검사 파견 검토 등을 통해 윤 전 대통령의 내란 범죄에 순차적으로 가담한 혐의를 받는다. 2024년 5월께 김건희 여사로부터 검찰의 '디올백 수수의혹' 전담수사팀 구성과 관련한 문의를 받고 실무자에게 확인 및 보고를 지시한 혐의도 있다. 이 전 처장은 2024년 12월 11일 국회 법제사법위원회에 출석해 비상계엄 이튿날 이뤄진 '안가 회동'에서 계엄 관련 논의가 없었다는 취지로 허위 증언한 혐의를 받는다. leedh@yna.co.kr",연합뉴스,정치,https://n.news.naver.com/mnews/article/001/0016043828?sid=102
[오늘의 주요일정]정치(4월27일 월요일),"[서울=뉴시스] ◇대통령실【대통령】 15:00 '데미스 허사비스' 구글 딥마인드 CEO 접견(청와대 본관) ◇총리실【총리】 12:00 주례보고(청와대) 14:00 미에리냐 라트비아 국회의장 면담(정부서울청사) 16:00 국가보훈위원회 위원 위촉식 및 회의(정부서울청사) ◇국방부【장관】 16:00 국가보훈위원회 ◇외교부【장관】 10:00 실국장회의 ◇통일부【장관】 14:00 4.27 판문점선언 8주년 기념식 참석(국회 의원회관 대회의실) ◇더불어민주당【당대표】 10:00 경기 안성시 현장 최고위원회의(김보라 경기 안성시장 후보 선거사무소/경기 안성시 보개원삼로 1, 서우빌딩 5층) 11:00 <국민 곁으로! 현장 속으로!> 경기 안성중앙시장 민생현장 방문(안성맞춤시장 입구/경기 안성시 중앙로 400번길 18) 14:00 4.27 판문점선언 8주년 기념식(국회 의원회관 대회의실) 【원내대표 직무대행】 공개일정 없음 ◇국민의힘【당대표】 09:00 최고위원회의(국회 본관 228호) 【원내대표】 09:00 최고위원회의(국회 본관 228호) 10:00 국회 정보위원회 전체회의(국회 본관 647호) ◇조국혁신당【당대표】 09:30 선거대책위원회 회의(국회 본관 224호) 13:00 평택시 체육회장 예방(평택시체육회/평택시 평남로 615) 15:20 고덕 에듀타운 상가 인사(평택원예농협 고덕함박지점 인근) 17:30 고덕국제신도시 퇴근 인사(우성고덕타워 앞/평택시 고덕국제대로 94) 19:30 청북읍 상가 인사(평택 청북신도시 중심 상가 인근) 【원내대표】 09:30 제1차 중앙선거대책위원회(국회 본관 223호) 11:00 KBC 여의도초대석(녹화인터뷰) 15:30 광주KBS 740토론(녹화TV토론) ◇개혁신당【당대표】 09:30 최고위원회의(국회 본관 170호) 【원내대표】 08:30 순천KBS-R 시사초점 전남동부입니다 전화인터뷰 09:20 개혁신당 울산광역시당 예비후보자 출마 기자회견(울산광역시의회 프레스센터 3층) ◇진보당【상임대표】 안중홈플러스 사거리 아침인사(평택시 안중읍 서동대로 1489) 09:00 진보당 대표단 회의(zoom 회의) 11:00 평택 고덕방송 인터뷰(선거사무소/평택시 안중읍 안중중리 292-70) 18:00 새날TV 출연",뉴시스,정치,https://n.news.naver.com/mnews/article/003/0013910493?sid=100
"개헌 표결 D-10, 여야 대치에 ‘투표 무산’ 위기…200억 날리나","우원식 국회의장이 3월 31일 오후 서울 여의도 국회에서 열린 초당적 개헌추진을 위한 제정당 원내대표 기자회견에서 대한민국헌법 개정안 발의 서명문과 초당적 헌법개정 추진을 위한 국회 선언문을 들고 있다. 왼쪽부터 한병도 더불어민주당 원내대표, 우 의장, 서왕진 조국혁신당 원내대표. 임현동 기자. 우원식 국회의장과 원내 6당(더불어민주당·조국혁신당·진보당·개혁신당·사회민주당·기본소득당)이 공동 발의한 개헌안에 대한 국회 표결이 다음 달 7일 진행된다. 27일로 표결이 열흘밖에 남지 않았지만, 실제 개헌안 표결 전망은 어둡다는 우려가 흘러나오고 있다. 우원식 국회의장과 여당은 개헌안이 국회 본회의에서 의결되면 6·3 지방선거와 동시에 국민투표를 진행해 개헌을 완료하겠다는 구상이다. 26일 중앙선거관리위원회에 따르면 역대 진행된 6차례 개헌 국민투표의 찬성률은 82.2%에 달한다. 더욱이 이번 개헌안은 ①대통령 비상계엄 선포에 대한 국회 사후 승인권 도입 ②헌법 전문(前文)에 5·18 민주화운동과 부마항쟁 등 정신을 명시하는 상징적 수준의 개헌인 만큼 국민투표에서 부결될 가능성은 작다는 게 정치권의 중론이다. 문제는 코앞으로 닥친 국회 표결이 원활하지 않다는 점이다. 개헌안이 국회 문턱을 넘으려며 다음 달 3일 전에 의원직을 사퇴하는 광역단체장 출마자 9명(민주당 8명, 국민의힘 1명)을 제외한 재적 의원 286명 가운데 191명이 찬성해야 한다. 여당과 나머지 무소속 표까지 180석을 다 긁어 모아도 국민의힘(106석)에서 11명 이상의 동의가 반드시 필요한 구조다. 이에 우 의장은 지난 24일 SBS 라디오에서 “(국민의힘이 반대) 당론만 풀면 통과될 수 있다”고 하는 등 틈만 나면 국민의힘에 호소하고 있다. 하지만 당론으로 이번 개헌에 반대하는 국민의힘은 요지부동이다. 외려 국민의힘 내부에선 표결 불참까지도 거론하고 있다. 그럴 경우 의결 정족수 미달로 ‘투표 불성립’ 처리가 되고 개표조차 할 수 없다. 2018년 5월 문재인 정부 당시 자유한국당의 단체 표결 불참으로 투표 불성립 처리된 ‘4년 연임 대통령 중심제’ 개헌안의 전철을 밟게 되는 것이다. 결국 극적 상황 변화가 없다면 개헌 시도는 예산과 행정력만 낭비한 소동에 그칠 가능성이 크다. 선관위는 이미 개헌안 국민투표 시행을 전제로 예산 195억7000만원 지출을 의결해 준비에 나섰다. 175개국 재외공관에 투표관리위원회를 설치하는 등 국민투표 사전 준비를 위해선 200억원에 가까운 예산 지출이 필수라는 게 선관위 설명이다. 선관위 관계자는 “175개국 위원회마다 위원 7~8명이 필요하고, 장비 등도 보내야 해 예산 사용은 필수”라고 말했다. 헌법학자들은 39년 전 만들어진 헌법의 유효기간이 끝난 만큼 여야의 협상을 촉구하고 있다. 임지봉 서강대 법학전문대학원 교수는 “현행 헌법은 소년 시절에 샀던 옷을 장년 때까지 입고 있는 꼴”이라며 “개헌 실패라는 관성에서 벗어나기 위해 정치권이 반드시 협상의 물꼬를 터야 한다”고 했다. 장영수 고려대 법학전문대학원 교수는 “5·18과 부마항쟁의 정신을 헌법 전문에 넣는 선언적 의미의 개헌이라고 해도 보수 야당의 의견 수렴을 했어야 한다”고 했다.",중앙일보,정치,https://n.news.naver.com/mnews/article/025/0003519057?sid=100
"법무장관 ""검찰, 尹 정권 정적 제거 부역...스스로 과오  끊어내야""","정성호 법무, 국회 국조서 지적된 검찰 수사 행태 비판 ""공소장 바꾸려 수백 회 압수수색...변명 어려운 잘못"" 정성호 법무부 장관 정성호 법무부 장관이 검찰을 향해 지난 정권 시절 정치 권력에 부역했던 과거를 스스로 바로잡아야 한다며 직격했습니다. 정 장관은 어제(26일) 자신의 소셜미디어(SNS)를 통해 ""3기 과거사위원회 출범을 위한 모든 준비를 마쳤다""고 밝히면서, 검찰 조직이 새로 거듭나야 한다고 주문했습니다. 정 장관은 '지연된 정의는 정의가 아니다'라는 영국 법학자 에드워드 코크의 발언을 인용하며 검찰의 정치적 중립성 훼손을 정조준했습니다. 그는 ""검찰은 지난날 조직을 이끌었던 수장 윤석열 씨가 정치 권력으로 직행한 뒤, 집권 내내 그의 정적 제거에 적극 부역했다는 국민적 비판에 직면해 있다""고 지적했습니다. 특히 국회에서 열린 '윤석열 정권 정치검찰 조작기속 의혹 사건 진상규명 국정조사'에서 지적한 검찰의 수사 행태에 대해서도 비판했습니다. 정 장관은 ""스스로 써낸 공소장을 바꾸자고 수백 회가 넘는 압수수색과 100여 회 이상의 피고인 소환, 그 소환된 피고인 수발을 허용하는 참고인 출입허가(를 했다)""며 ""장관이기에 앞서 30년 넘게 법조에 몸담은 사람으로서도 변명하기 힘든 잘못""이라고 했습니다. 정 장관은 그러면서도 검찰 내부의 동요와 상실감에 대해서도 언급했습니다. 그는 ""일부 정치검찰의 과오로 사실상 조직 해체의 상황을 겪으며 느끼고 있는 검찰 구성원들의 상실감과 열패감에 공감한다""면서도 ""하지만 여기서 그냥 머물러서는 안 된다. 지난 정권에서 느끼셨을 국민들의 분노와 당사자들의 고통에 공감해야 한다""고 했습니다. 이어 ""수십 년 전 권위주의 정권의 과오뿐 아니라, 눈앞에서 벌어졌던 최근의 잘못도 직시해야 한다""며 ""진실 추구와 정의 실현이라는 검사의 본분을 잊어선 안 된다. 잘못이 있다면 온전히 드러내고 끊어내야 한다""고 덧붙였습니다.",JIBS,정치,https://n.news.naver.com/mnews/article/661/0000075281?sid=100
김용측 “與 60여명이 지지” 사실상 공천 시위,"金, 안산 교회에… 친명 안호영 병문안 김용 전 민주연구원 부원장. 2026.4.13 뉴스1 더불어민주당 김용 전 민주연구원 부원장과 지지자들이 재보궐선거 출마를 놓고 지도부를 향해 사실상 ‘공천 시위’를 벌이고 있다. 26일 정치권에 따르면 김 전 부원장 지지자들은 ‘김 전 부원장의 회복과 공천을 지지하는 국회의원 명단’으로 민주당 의원 60여 명을 적시해 온라인에 배포했다. 민주당 의원 160명의 40%에 달하는 숫자다. 이는 앞서 소셜네트워크서비스(SNS)와 언론 인터뷰에서 지지 의사를 밝힌 의원들에 더해 지지자들이 돌린 지지 설문에 서명한 의원들의 명단이다. 앞서 경기 안산갑 출마 의지를 드러낸 김 전 부원장은 이날 해당 지역구에 있는 꿈의교회 예배에 참석했다. 김 전 부원장은 기자들과 만나 “안산의 미래를 위해 책임 있는 역할을 다하겠다”고 했다. 안산갑에는 원조 친명(친이재명)계 김남국 전 대통령디지털소통비서관과 비명(비이재명)계 전해철 전 의원이 출사표를 낸 상황이다. 김 전 부원장은 전북도지사 후보로 선출된 친청(친정청래) 성향 이원택 의원의 ‘제3자 식비 대납 의혹’ 재감찰을 요구하는 단식을 하다 입원한 친명계 안호영 의원을 병문안하기도 했다. 안 의원은 SNS에 “김 전 부원장의 공천을 강력히 지지한다”고 썼다.",동아일보,정치,https://n.news.naver.com/mnews/article/020/0003715437?sid=100
與 또 금품비리 의혹… 순천시장 후보 감찰,"손훈모 후보측 돈수수 녹취록 나와 사업가 “우선 급하게 이거라도”… 선대위장 “아껴가면서, 고맙습니다” 與 “조사 결과 따라 조치 취할 것” 더불어민주당 6·3 지방선거 공천 과정에서 금품 비리 의혹이 또다시 제기됐다. 순천시장 후보로 16일 확정된 손훈모 변호사 측이 불법 정치자금을 수수했다는 의혹이 담긴 녹취록이 공개된 것. 감찰에 착수한 민주당은 조사 결과에 따라 조치를 취하기로 했다. 26일 KBC광주방송이 공개한 녹취록에 따르면 21일 사업가 A 씨는 손 후보의 선거대책위원장 B 씨과 만나 “제가 이제 오늘 준비한다고 해도 갑작스럽게 나왔는데, 우선 급하게 이거라도. 지금까지 많이 썼죠. 10개 이상 들어갔소? 그거 5개밖에 안 돼”라고 했다. 이에 B 씨는 “아껴가면서 잘 했습니다. 고맙습니다”라고 답했다. 민주당은 최근 관련 제보를 입수해 감찰에 착수한 뒤 손 후보를 대면 조사했다. 27일 최고위원회에서는 감찰 결과를 보고받을 예정이다. 민주당은 26일 “감찰 조사 중이었고 조사 결과에 따라 조치를 취할 것”이라고 했다. 민주당에서는 지방선거 후보자들의 금품 관련 의혹이 잇따르고 있다. 이에 앞서 종로구청장 공천이 확정된 유찬종 후보에 대해 경선 상대였던 서용주 후보가 현금 제공 의혹을 제보해 재심 심사가 진행 중이다. 임실군수 결선에서는 금품이 담긴 봉투 전달 시도 의혹이 제기돼 정청래 대표가 개표 보류와 진상 조사를 지시한 상태다. 또 광양시장 후보 경선에 나선 박성현 예비후보는 불법 전화방 운영과 금품 제공 등 혐의로 경선 후보 자격이 박탈됐다. 전북도지사 경선에선 김관영 현 지사가 지역 청년들에게 대리기사비를 줬다가 제명됐고, 전북도지사 후보로 선출된 이원택 의원도 식사비 3자 대납 의혹이 불거진 바 있다.",동아일보,정치,https://n.news.naver.com/mnews/article/020/0003715426?sid=162
차기 국회의장 3파전… 與 권리당원 표심 20% 첫 적용 변수,"친명계 지지 6선 조정식 우위속 5선 김태년-박지원 반전 노려 與 원내대표 한병도 연임 가능성 8월 더불어민주당 전당대회를 앞두고 다음 달로 예정된 22대 국회 하반기 국회의장 선거에 관심이 쏠리고 있다. 재적의원 투표 80%에 더해 권리당원 투표가 처음으로 20% 반영되면서 의장 선거 결과가 차기 당 대표 선출에도 영향을 미칠 것이라는 분석이 나온다. 민주당은 다음 달 11, 12일 권리당원 온라인 투표와 13일 재적의원 투표를 거쳐 국회의장단 후보 선출을 위한 선거를 진행한다. 당내에선 최다선 의원인 6선 조정식 의원과 5선 김태년, 박지원 의원이 출사표를 낸 상태다. 조정식 당내에선 친명(친이재명)계 초선 의원들의 지지를 받고 있는 조 의원이 앞서고 있다는 평가가 많다. 이 대통령의 당 대표 시절 1기 지도부에서 사무총장을 맡으며 총선 공천에 관여한 데 이어 지난해 대통령정무특보로 임명되며 친명계 초선 의원 다수의 지지를 확보했다는 분석이 나온다. 친명계 한 초선 의원은 “조 의원이 의원실을 ‘의원 사랑방’처럼 운영하며, 초선이 의정 활동을 하며 생기는 어려움을 잘 들어주는 이미지를 만들었다”고 설명했다. 김태년 이 대통령의 정치적 기반인 경기 성남 지역 의원이면서도 이해찬 전 국무총리와 가까웠던 김 의원은 정책위의장과 원내대표를 역임하면서 재선 이상 의원들의 지지를 받고 있다는 평가가 나온다. 최근 6·3 지방선거를 앞두고 민생경제 대도약 추진단과 ‘착!붙 공약 프로젝트’ 단장을 맡으며 정청래 대표와 호흡을 맞추는 한편 정책통으로서의 면모도 강조하고 있다. 한 중진 의원은 “당내 선거를 통해 뽑는 원내대표나 당 대표를 한 번도 안 해본 조 의원과 달리 김 의원은 21대 국회 첫 원내사령탑을 맡아 성과를 입증한 바 있다”고 했다. 박지원 박 의원은 대통령비서실장과 국가정보원장 등 경륜과 높은 인지도, 강성 당원 표심을 등에 업고 반전을 노리고 있다. 박 의원이 정 대표가 추진한 ‘1인 1표제’와 조국혁신당과의 합당 국면에서 정 대표에게 힘을 실어주며 강성 당원의 지지를 확보했다는 평가도 나온다. 한 재선 의원은 “조 의원과 김 의원의 양강 구도가 이어지고 있지만, 권리당원 표심 20%가 어떻게 작용하느냐에 따라 박 의원이 선전을 펼칠 가능성도 크다”고 했다. 한편 서영교, 박정 의원은 26일 다음 달 6일 예정된 원내대표 선거에 불출마 의사를 밝혔다. 후보자 등록일인 27일을 하루 앞둔 이날까지 한병도 전 원내대표만 출마 선언을 한 만큼 당내에선 합의 추대 가능성도 제기된다.",동아일보,정치,https://n.news.naver.com/mnews/article/020/0003715425?sid=100
지방선거 앞 돈 뿌리는 지자체··· '현금 살포' 단체장 95%가 출마자,"[현직 '현금 프리미엄' 논란] 151개 기초 시군 중 37곳 현금성 정책 추진 또는 공약 ""사실상 매표 행위"" 비판 多 기초의회 등 견제 장치 없어 정부의 고유가 피해지원금 1차 지급 신청을 하루 앞둔 26일 서울 마포구 망원시장에 민생회복 소비쿠폰 사용 가능 문구가 붙어 있다. 뉴스1 국민의힘 소속 천영기 통영시장은 21일 재선 출마 기자회견에서 '전 시민 30만 원 민생회복지원금' 공약을 발표했다. 단순한 '공수표' 공약이 아니다. 시는 지원금 관련 조례안을 입법예고한 상태다. 재원은 약 374억 원으로, 일종의 비상금인 통합재정안정화기금(748억 원)을 활용할 방침이다. 6·3 지방선거에서 재선에 성공하면 '원포인트' 의회를 열어 조례안을 통과시켜 6월 중 지원금을 주겠다는 복안이다. 이런 시나리오가 가능한 것은 시의회 다수당이 국민의힘이기 때문이다. 천 시장은 국민의힘이 현 정부의 민생지원금을 '포퓰리즘'이라고 비판했다는 지적엔 ""중앙과 지방 정치는 분리해야 하지 않을까 한다""고 답했다. 지선에 앞서 연임에 도전하는 현직 기초 지방자치단체장들이 앞다퉈 민생지원금 등 현금 뿌리기에 열을 올리고 있다. 전쟁 등에 따른 고유가 대처와 민생 안정을 명분으로 삼았지만,  연임을 위한 단체장들의 '매표 행위'란 지적이  만만치 않다. 완주군 ‘30만→50만→100만’ 판돈 경쟁 유희태 전북 완주군수. 완주군 제공 26일 한국일보는 기초 시군 151곳 현직 단체장의 정책 및 선거 공약 등을 전수 분석했다. 서울·부산 등 광역시의 위탁사업 비중이 높은 자치구(76곳)와 달리 기초 시군은 단체장의 재정 운용 자율성이 높다는 판단에서다. 분석 결과, 기초 시군 151곳 중 37곳(24.5%)에서 현직 단체장이 올 상반기(1~6월) 중 각종 지원금 명목으로 주민에게 현금을 뿌렸거나 현금성 공약을 발표했다.  공교롭게 이들 단체장 37명 중 35명(94.6%)은 지선 출마를 선언했다. 국민의힘 단체장이 있는 충북 괴산 보은 영동 등 3개 군은 연초 1인당 50만~60만 원의 지원금을 전 군민에게 지급했다. 더불어민주당 단체장이 있는 전북 정읍 남원 임실 등 3개 군도 5월 말 또는 6월 말을 사용기한으로 해서 20만~30만 원의 지원금을 뿌렸다. 전남은 22개 시군 중 9곳(40.9%)에서 현금성 정책이 추진됐거나 공약으로 발표됐다. 무소속 노관규 순천시장은 2일 이달 중 추경 처리를 위한 '원포인트' 시의회를 열어 15만 원 지급을 추진하겠다고 밝혔고, 민주당 소속 김성 장흥군수도 이달 초 긴급 추경을 통해 1인당 30만 원의 지원금을 지급하겠다고 선언했다. 선거가 선심성 현금 살포 액수 경쟁으로 변질되기도 했다. 민주당 완주군수 경선에선 재선에 나선 유희태 현 군수가 1호 공약으로 고유가 피해지원금 30만 원을 내놓자, 경쟁자인 이돈승 후보가 50만 원으로 맞불을 놓았다. 이에 유 군수는 '임기 중 100만 원'으로 높였다. 민주당 광양시장 경선에서도 정인화 현 시장이 2027년 중 1인당 20만 원의 지원금 지급을 공약하자, 박성현 후보가 30만 원을 내걸었다. 재정자립도 17%인데, 견제가 없다 14일 서울 동대문구 경동시장 한 점포에 민생회복 소비쿠폰 사용 가능 안내문이 걸려있다. 뉴스1 문제는 이들 37곳 기초단체의 재정자립도(자체 수입 비중)가 평균 16.9%에 불과하다는 점이다. 선심성 정책의 근원은 사실상 국비로, 국민 세금일 가능성이 크다.  이광재 한국메니페스토실천본부 사무총장은 ""특정 계층이 아닌 모든 계층을 상대로 무작위로 현금을 뿌리고, 그에 따른 정책 효과가 불분명한 선심성 공약이 많다""고 했다. 아울러 현직 단체장의 이 같은 행위를 견제할 장치는 거의 전무하다. 현행 공직선거법은 지자체장이 선거구민에게 금품을 제공하는 행위를 금지하고 있지만, 법령 또는 조례에 근거한 행정행위는 예외를 두어 허용한다. 기초의회 견제 기능도 제대로 작동하지 않고 있다. 공주시의회가 2월 국민의힘 소속 최원철 시장이 추진한 20만 원 민생지원금 지급 조례안을 부결시킨 것이 유일한 견제 사례였다.",한국일보,정치,https://n.news.naver.com/mnews/article/469/0000927647?sid=100
"정청래가 ""후보"" 말할 때 장동혁은 ""반이재명"" 외쳤다","[여야 대표 최근 한 달 발언 비교 분석] 鄭 ""후보"" 187회, 張 ""이재명"" 57회 언급 민주당 '내란 프레임→지방선거' 모드 전환 국힘, 후보 13회, 미국 39회... 견제론 고수 정청래(왼쪽) 더불어민주당 대표와 장동혁 국민의힘 대표가 20일 서울 중구 신라호텔에서 열린 불기 2570년 대한민국 불교도 봉축대법회에 나란히 참석해 있다. 최주연 기자 6·3 지방선거를 30여 일 앞두고 선거를 진두지휘하고 있는 여야 대표의 최근 한 달간 발언 내용이 뚜렷하게 갈렸다. 일찌감치 전국을 돌고 있는 정청래 더불어민주당 대표의 발언은 지역, 선거, 후보자 등을 다수 언급하는  반면, 장동혁 국민의힘 대표는 이재명 대통령을 포함한 정부·여당에 대한 비판이 주를 이뤘다. 올해 초까지만 해도 '내란 청산' 프레임을 내세웠던 정 대표가 지역 현안, 후보 띄우기로 지선 모드로 전환한 반면, 장 대표는 정부·여당 견제론에 머물러 있는 셈이다. 정청래(왼쪽) 더불어민주당 대표가 26일 대구 달서구에서 민주당 대구시장 후보인 김부겸 전 국무총리의 선거사무소 개소식에 참석해 인사하고 있다. 대구=뉴스1 鄭, 서울보다 대구 많이 외쳐… 張은 '미국' 39회 한국일보가 26일 기준 양당 홈페이지에 게재된 각 당대표의 공개 발언을 분석한 결과, 정 대표는 최근 한 달간(3월 26일~4월 25일) 44차례의 공개 발언에서 '후보'를 187회 언급했다. 대통령(171회), 민주당(162회) 등 중앙 정치 관련 언급도 많았지만, 선거(96회), 공약(68회) 등 지선 관련 발언 비중이 적지 않았다. 지선 특성상 지명과 관련해선 부산(58회) 대구(54회) 등 민주당에서 험지로 분류되는 영남이 자주 언급 됐다. 서울(31회) 인천(28회) 강원(27회) 충북(16회) 등보다 훨씬 많았다. 민주당이 지선에서 영남을 겨냥해 동진 전략을 추진하는 것과 무관치 않은 것으로 해석 되는 대목이다. 장 대표는 19차례의 공개 발언에서 이재명(57회), 대통령(45회), 미국(39회) 북한(37회) 등 중앙 정치 관련 내용을 비중 있게 언급 했다. 물론 선거(31회), 지역(28회), 강원(25회), 인천(13회) 등 지선 관련 언급이 있었지만, 여당에 비해 언급 횟수가 절반에도 못 미쳤다. 미국 관련 언급 39회 중 30회는 8박 10일간 이어진 방미 성과를 설명하던 기자회견에서 집중됐다. 장 대표의 '후보'에 대한 언급은 13회에 그쳤다. 국민의힘 후보들 사이에서 장 대표를 포함해 지도부 지원에 거리를 두고 있는 흐름과도 같은 맥락 으로 읽힌다. 장 대표는 최근 ""해당행위를 한 사람이 후보자라면 즉시 후보자를 교체하겠다""며 지도부를 비판하는 후보를 겨냥하기도 했다. 장동혁(오른쪽) 국민의힘 대표와 김진태 강원지사가 22일 강원 양양 손양면 수산리어촌마을회관에서 열린 지도부 방문 지방선거 공약 발표 현장에 참석해 있다. 양양=뉴시스 장 대표 측 ""대표 흔들어 이긴 적 있나… 정부 비판에 초점"" 양당 대표의 취임 100일 시점과 비교하면 내용 차이가 더 두드러진다. 당시 정 대표는 '내란'을 하루 2회꼴로 언급하며 국민의힘을 향해 '내란 정당'이라고 규정했으나, 최근 1.3회꼴로 비중을  줄였다. 반면 장 대표는 취임 100일까지 약 석 달간 '싸우다'를 100회 이상 언급하며 정부·여당 비판에 열중했고, 지금까지 기조를 유지하고 있다. 이번 지선이 이재명 정부 1년 중간평가 성격도 있는 터라 장 대표의 메시지 전략이 잘못됐다고 단정할 수는 없다.  다만 8개월간의 정부·여당 견제론에도 당 지지율이 15%까지 하락하는 등 여론이 호응하지 않는다면 전략 수정이 필요하다는 견해 도 많다. 국민의힘의 한 초선 의원은 ""이러니 장 대표가 이미 지선은 포기하고 (강성 당원에게 호소해) 당권 유지만 생각하고 있다는 의구심이 나오는 것"" 이라고 했다. 그러나 장 대표 측은 지지율 하락 원인을 지도부 비판에서 찾고 있다. 박준태 당대표 비서실장은 이날 기자들과 만나 ""(장동혁) 대표를 흔들어서 선거에 승리한 전례는 없다""며 ""대표의 메시지는 지금부터 민주당 정부의 무능과 후보의 결격 사유에 초점을 맞춰 이뤄질 것""이라고 말했다.",한국일보,정치,https://n.news.naver.com/mnews/article/469/0000927637?sid=100
전현직 의원 이끌고 달려간 정청래… '김부겸표 대구' 필승 지원,"선거사무소 개소식, 與  집결 ""로봇수도 건설·TK신공항, 당사업으로 추진"" 文 전 대통령도 축전… 金 ""살맛나게 할 것"" 26일 오후 대구 달서구에서 열린 '김부겸 더불어민주당 대구시장 후보 선거사무소 개소식'에서 민주당 조승래 사무총장과 정청래 대표, 김부겸 후보, 한정애 정책위의장(왼쪽부터)이 손을 맞잡아 들어보이고 있다.  /대구=뉴스1 김부겸 더불어민주당 대구시장 후보 선거사무소 개소식에 전·현직 민주당 국회의원이 대거 참석해 총력지원에 나섰다. 정청래 민주당 대표를 포함해 이학영 국회부의장, 한정애 민주당 정책위의장과 조정식 대통령 정무특보(6선), 박지원 의원(5선) 등 다선부터 초선과 전직 의원까지 62명이 한자리에 모였다. 문재인 전 대통령도 영상축전으로 김 후보에게 힘을 실었다. 정청래 대표는 26일 대구 달서구 '김부겸의 희망캠프' 선거사무소 개소식에 참석, ""김 후보는 6·3 지방선거 민주당 최고의 스타""라며 ""중앙당에서 지원하되 간섭하지 않고 오로지 선거 승리를 위해 김 후보가 원하는 대로 안성맞춤으로 지원하고 협력하겠다""고 말했다. 정 대표는 ""홍보문구를 '으랏(RAT)차차 김부겸'으로 생각해왔다. 로봇(Robot) 수도 대구, AX(인공지능 전환) 수도 대구를 만드는 데 당이 앞장서고 TK 신공항 추진에 당의 이름으로 전폭적 지원하겠다는 약속을 드린다""며 ""취수원문제, 대구·경북 통합문제도 김부겸이 (당선)되자마자 당의 사업으로 확실하게 추진하겠다""고 강조했다. 문 전대통령은 영상메시지를 통해 ""김부겸은 바보 노무현처럼 꽃길을 마다하고 지역주의 벽에 부딪쳐 좌절에도 꺾이지 않았다""며 ""대구 여러분 이제는 김부겸을 받아달라""고 말했다. 그는 ""쇠퇴하는 대구를 살리려면 안방에서 큰 인물이 아니라 전국적으로, 중앙무대에서 큰 인물이 필요하다. 김부겸이야말로 대구를 살릴 수 있는 큰 인물""이라며 ""김부겸과 함께하면 대구가 달라지고, 세상이 달라지고, 대한민국 정치가 달라지지 않겠나. 대구가 기분 좋은 변화를 만들어달라""고 요청했다. 김 후보는 ""김부겸을 회초리 삼아 국민의힘 정신 차리게 만들어달라""며 ""대구가 국민의힘 혼을 내야 애국심 있고 원칙이 분명한 진정한 보수가 산다. 그래야 대한민국 정치가 바로 서고 무엇보다 대구가 산다""고 강조했다. 그는 ""저는 대구에서 세 번 떨어졌음에도 대구를 사랑한다. 멀리 있어도 생각나고 보고 나서 돌아서면 다시 보고 싶고 한 번 쳐다봐 주면 가슴이 뛴다. 이런 게 사랑 아니겠느냐""며 ""대구를 사랑하는 만큼 저는 대구에 뭐가 필요한지, 뭘 해야 할지가 보인다. 김부겸의 대구 사랑 이번에 화끈하게 한 번 받아달라""고 호소했다. 김 후보는 신매시장 지하주차장 완공, 코로나19 추가경정예산 증액, 고압 송전탑 지하화 등 대구 수성갑 지역구 의원 시절 사업이력과 행정안전부 장관 시절 2·28 민주화운동 국가기념일 지정, 국가재난안전통신망 제2운영센터 유치 등 성과를 내세우며 ""저는 싸움꾼도, 정치꾼도 아닌 일하는 사람이다. 4년 동안 이재명 대통령과 호흡을 맞춰 대구를 살맛 나는 곳으로 만들고 말겠다""고 말했다.",머니투데이,정치,https://n.news.naver.com/mnews/article/008/0005349508?sid=100
"“회초리 아프게 맞고, 대구서 이겨 보수 재건”","[6·3 릴레이 인터뷰] <10> 추경호 국민의힘 대구시장 후보 26일 오후 대구 수성구 범어네거리에서 추경호 국민의힘 대구시장 후보가 본지와 인터뷰를 갖고 있다./김동환 기자 국민의힘 6·3 지방선거 대구시장 후보로 추경호(3선·대구 달성) 의원이 26일 선출됐다. 추 의원은 경선에서 유영하(초선·대구 달서갑) 의원을 꺾었고, 당 안팎의 다른 보수 후보들은 무소속 출마를 접었다. 이로써 대구시장 선거는 더불어민주당 김부겸 후보와 국민의힘 추경호 후보의 맞대결로 압축됐다. 대구 민심 이반으로 이어진 ‘공천 파동’을 겪으면서 대구시장 후보로 확정된 추 의원은 본지 인터뷰에서 “고향 대구 경제를 살리는 것이 제 정치 인생의 마지막 과업”이라며 “대구에서 이겨 보수 재건의 주춧돌을 놓겠다”고 했다. －후보 확정 직후 시민들께 ‘죄송하다’고 사과했다. “당내 분열로 지지자들이 실망을 넘어서 분노하는 지경까지 왔다. 시민들이 부모님 심정으로 회초리를 드시는데, 보수 정당 대구시장 후보로서 ‘정신 똑바로 차리겠다’고 말씀드리는 것이 도리다. 내리시는 회초리를 아프게 맞고 거듭나겠다.” －지지율이 민주당 김부겸 후보에 적지 않은 차이로 뒤지고 있다. “지금 민주당은 사법부마저 흔들고 있다. 마지막 남은 지방 권력까지 내준다면 장기 독재의 길이 열리는 것이다. 민주당은 경기도 양평에 계신 분(김부겸 후보)을 차출했는데, 이런 분이 과연 대구에 진정성이 있겠나. 김 후보는 ‘국민의힘을 버리라’면서, 국민의힘에 회초리를 든 대구 시민에게 ‘몽둥이로 때려 죽이라’고 부추기고 있다. 시민들이 (국민의힘에 대한) 애정의 끈을 놓지 않고 계시는 걸 알고 있다. 보수는 버려서 바꾸는 것이 아니라 이겨서 바꿔야 한다. 주호영 의원과 이진숙 전 방송통신위원장이 불출마 선언이라는 용단을 내렸다. 단일 대오로 김 후보에게 맞서겠다.” －민주당 정청래 대표는 대구에 대대적 예산 지원을 예고했다. “김부겸 후보의 선물 보따리를 막상 풀어보니 맹탕이더라. TK 신공항 국비(國費) 조기 투입 공약만 봐도 그렇다. 결국 중앙정부에서 돈 빌리겠다는 소리 아닌가. 대구시장 후보라면 이재명 대통령에게 ‘신공항 문제는 국가 주도로 해달라’고 말할 수 있어야 한다. 김 후보가 차마 입이 떨어지지 않는다면 여야 후보가 같이 목소리를 내자. 김 후보에게 대구·경북 발전을 위한 공동 협의체 구성을 공개 제안한다."" －김부겸 후보보다 나은 점은 무엇인가. “경기도 양평에 계신 김 후보를 차출한 사람이 바로 정청래 민주당 대표 아닌가. 그러니 시민들도 ‘김부겸은 정청래 아바타’라고 한다. 민주당은 ‘김부겸 안 뽑으면 예산도 없다’ 하나로 선거를 치르려는 것 같다. 재정 운영으로 편 가르기한다면 자존심 강한 대구 시민이 표(票)로 심판할 것이다. 경제 관료 출신으로 경제부총리까지 지낸 저 추경호는 예산이 다니는 길목을 훤히 알고 있다.” 26일 오후 추경호 국민의힘 대구시장 후보가 대구 수성구 선거캠프에서 본지와 인터뷰를 하고 있다./김동환 기자 －대구가 보수 정당을 계속 지지했지만, 1인당 지역내총생산(GRDP)은 전국 최하위 수준이다. “그래서 중앙 정치 무대에 기웃거리지 않겠다는 각오로 대구로 왔다. 고향 경제 살리기에 혼신의 힘을 쏟고 싶다. 대구에서 공직 생활의 마침표를 찍겠다. 1호 공약이 바로 경제 대개조다. ‘섬유의 대구’를 AI(인공지능), 로봇, 미래 모빌리티 중심으로 완전히 전환하겠다. 새로운 미래 먹거리로 판을 바꾸겠다는 얘기다. 이 기업들을 모시기 위해 노동계까지 포함한 대구시 투자 유치단부터 만들겠다. 또 시장에 당선된다면 즉시 기업 활동을 가로막는 규제부터 없애는 ‘조례 대정비’에 나서겠다. 기업을 섬기는 시장이 되겠다.” －장동혁 지도부 사퇴론에 대한 입장은. “지도부 총사퇴는 정답이 아니다. 당장 선거까지 시간이 얼마 남지도 않았다. 지도부 와해, 새 지도부 출범 과정에서 또 다른 당내 분열상이 노출될 우려가 있다. 다만 지금부터는 후보자들의 시간이다. 이런 관점에서 당 지도부도 선거 전략을 고민해야 한다. 지역별 선대위를 뒷받침하고 후보들이 빛이 나도록 뒷받침해 달라.” -부산 북갑 보궐선거에 출마한다는 한동훈 전 대표의 동남풍론(論)을 어떻게 보나. “대구에서 제 코가 석 자라, 부산의 한 전 대표 문제까지 걱정할 여유는 없다. 그러나 동남풍론에는 전적으로 동의한다. 결국은 영남에서 보수가 결집하면서 바람을 일으켜야 한다. 영남에서 밀어 올린 바람이 수도권까지 닿는다면 선거 결과는 그 누구도 예측할 수 없다.” ☞추경호는 누구 대구 출신으로 고려대 경영학과를 졸업했다. 1981년 행정고시에 합격한 이후 35년간 기획재정부, 금융위원회 등에서 경제 관료로 근무했다. 제20·21·22대 국회의원(대구 달성)에 당선됐으며 윤석열 정부 초대 경제부총리 겸 기획재정부 장관, 국민의힘 원내대표를 역임했다.",조선일보,정치,https://n.news.naver.com/mnews/article/023/0003973215?sid=100
김용 측 “與의원 40%가 공천 지지”… 정청래 지도부에 연일 압박,"[6·3 지방선거] 친명계 의원들 대거 이름 올려 당내 “계파갈등으로 번질 우려” 김용 전 더불어민주당 민주연구원 부원장이 23일 서울 종로구 뉴스1 스튜디오에서 인터뷰를 하고 있다. /뉴스1 더불어민주당 내 친명(친이재명)계 의원을 중심으로 김용 전 민주연구원 부원장의 6·3 국회의원 재·보궐 선거 공천을 요구하는 목소리가 커지고 있다. 이재명 대통령 최측근인 김 전 부원장은 대장동 민간 업자에게서 불법 정치자금을 받은 혐의 등으로 2심에서 징역 5년형을 받았다가 지난해 8월 보석으로 풀려나 대법원 판결을 앞두고 있다. 이런 ‘사법 리스크’ 때문에 정청래 지도부는 앞서 김 전 부원장 공천에 부정적인 입장을 밝혔다. 그럼에도 당내의 ‘공천 요구’ 목소리가 커지면서 이 문제가 친명계와 친청(친정청래)계 간 계파 갈등으로 번질 수 있다는 우려도 나온다. 김 전 부원장 측에 따르면 26일까지 김 전 부원장 공천을 지지한다는 의사를 밝힌 의원은 총 64명이다. 민주당 의원 160명 중 40%다. 지지자들이 정리했다는 명단에는 강득구·이언주·황명선 최고위원, 국회의장 선거에 도전하는 조정식·김태년·박지원 의원 등이 포함돼 있다. 민주당이 주도하는 ‘조작기소 의혹 사건 국정조사 특별위원회’의 서영교 위원장, 박선원 간사와 박찬대·문진석·이건태·이광희 의원 등 친명계로 분류되는 인사들도 대거 이름을 올렸다. 이날도 안호영·조계원 의원 등이 김 전 부원장 공천을 공개적으로 요구하고 나섰다. 민주당 전북지사 경선에서 친청계 이원택 의원에게 밀려 탈락한 안호영 의원은 페이스북 글에서 “김 전 부원장 공천을 강력히 지지한다”며 “6·3 재·보선 승리를 위해 반드시 나서야 한다”고 했다. 김 전 부원장도 최근 연일 당 지도부에 자신의 공천을 요구하고 있다. 김 전 부원장은 지난 25일 페이스북에 “국정조사를 통해 정치 검찰을 심판하는 선거를 치르는 것도 선거 승리의 한 방법”이라고 썼다. 반면 정청래 지도부는 “국민 눈높이에 맞지 않는다”며 김 전 부원장 공천에 부정적이다. 조승래 사무총장은 지난 22일 “긍정적 면보다는 부정적 면이 많지 않냐는 의견이 조금 더 강한 것 같다”고 했다. 민주당 관계자는 “당 지도부가 김 전 부원장을 공천하지 않으면 친명계 의원들이 집단반발할 가능성도 있다”면서 “지도부가 막판까지 공천 여부를 고심할 것”이라고 했다.",조선일보,정치,https://n.news.naver.com/mnews/article/023/0003973212?sid=100
"조국혁신당 ‘파란개비’ 선대위 발족, 무슨 뜻?","이해민 조국혁신당 사무총장이 26일 국회에서 중앙선대위 기자간담회를 열고 “중앙선대위 이름은 파란바람개비를 줄인 파란개비 선대위”라고 밝히고 있다. 연합뉴스 조국혁신당은 26일 6·3 지방선거를 위한 중앙선거대책위원회를 발족했다. 일찌감치 선거 모드로 당 체제를 전환한 것이다. 이해민 조국혁신당 사무총장은 이날 국회에서 기자간담회를 열고 “낡은 정치를 바꾸는 깨끗한 바람, 국민의 바람을 개혁의 동력으로 삼겠다”며 ‘파란개비’ 선대위를 소개했다. 파란개비는 파란 바람개비를 줄인 말이다. 이 사무총장은 흰색 바탕에 파란 줄 세 개가 그려진 로고도 공개했다. 깨끗한 정치를 실현하고 내란세력·부정부패 제로, 사회권 선진국 실현 등을 이루겠다는 의미라고 이 총장은 설명했다. 선대위는 오는 27일 첫 회의를 연다. 선대위원장은 조국 대표가 맡을 것으로 예상된다. 이 총장은 조 대표가 출마한 경기 평택을에서 더불어민주당과 연대 가능성과 관련 “선거 연대의 주체는 평택 시민”이라며 “특정 정당의 제안에 일괄적으로 대답하기보다는 국민 눈높이에 맞는 원칙에서 협력 방안을 검토할 수 있다”고 했다.",문화일보,정치,https://n.news.naver.com/mnews/article/021/0002787449?sid=100
"조응천, 경기지사 출마 선언…“찍고 싶은 사람 나밖에 없다”","조응천 전 의원. 김성룡 기자 개혁신당 소속 조응천 전 의원이 26일 6·3 지방선거 경기도지사에 출마하겠다고 선언했다. 조 전 의원은 이날 자신의 페이스북에 “도저히 손이 가지 않는 기득권 양당 후보 말고 정말 찍고 싶은 사람, 아무리 봐도 저밖에 없다”며 이같이 밝혔다. 그는 “아주 오래 망설였다. 많이 고민했다”면서 “말로만 민생을 떠들어 대는 거대 양당이 싸우는 동안 1400만 경기 도민은 ‘서울을 감싸는 계란 흰자’의 삶을 강요 당했다”고 말했다. 이어 “민주당 의원도 해봤고, 보수 정권에서 역할도 해봤다”며 “그래서 잘 안다고 자부한다. 무엇이 문제인지, 어디서 막히는지, 왜 바뀌지 않는지”라고 했다. 그러면서 “조응천, 경기 도지사에 출마한다”며 “저 조응천이 하겠다”고 덧붙였다. 조 전 의원은 박근혜 청와대 시절 공직기강비서관을 지낸 뒤 20대 총선에서 더불어민주당에 입당해 경기 남양주갑에서 재선을 지냈다. 그는 친명계와 대립하다 22대 총선을 앞두고 민주당을 탈당해 개혁신당에 입당했고, 개혁신당 소속으로 경기 남양주갑에 출마해 낙선한 바 있다. 조 전 의원이 경기지사 선거에 나서게 되면서 국민의힘과의 연대 가능성도 언급된다. 앞서 민주당은 추미애 의원을 경기지사 후보로 확정했는데, 국민의힘 예비후보들이 경쟁력이 충분치 않다는 평가가 국민의힘 안팎에서 나오고 있기 때문이다. 국민의힘은 다음 달 2일 경선을 통해 양향자 최고위원, 이성배 전 MBC 아나운서, 함진규 전 한국도로공사 사장 중 한 명을 후보로 선출할 예정이다. 앞서 송석준 국민의힘 의원은 지난 23일 채널A 유튜브에서 “조 전 의원과 접촉해 보수 연대 얘기를 했더니 ‘관심이 있다’고 그러더라”며 “이준석 대표와도 그런 면에서 공감을 많이 하고 있다”고 말하기도 했다. 이와 관련해 이 대표는 “당 차원에서는 고민하지 않고 있다”면서도 “반도체나 핵심 기업의 경쟁력을 저하하는 형태의 민주당 정치(를 막기 위해) 연대해서 대응하자고 하면 의사가 있다”고 했다. 다만 “그것이 선거 연대나 이런 것을 어느 지점에까지 이를 정도인지는 내부적으로는 아직 논의한 바 없다”고 선을 그었다.",중앙일보,정치,https://n.news.naver.com/mnews/article/025/0003519050?sid=100
"송언석 ""與 전재수·송영길은 출마, 野 권성동은 유죄? 이게  공정한가""","""특검, 권선동에 표적수사·조작기소"" 민주당 인사 거론 형평성 문제도 제기 권성동 국민의힘 의원 송언석 국민의힘 원내대표가 같은 당 권성동 의원의 항소심 선고를 앞두고 여당 인사들과의 형평성 문제를 제기하며 무죄를 주장했습니다. 송 원내대표는 어제(26일) 소셜미디어(SNS)를 통해 ""여당의 전재수와 송영길은 선거에 출마하고, 야당의 권성동은 2심 재판을 받는 현실이 공정한가""라며 ""전재수와 송영길이 무죄라면 권성동도 무죄""라고 주장했습니다. 그는 정치자금법 위반 혐의로 기소된 권 의원에 대해 ""표적수사 조작 기소""의 피해자라고 주장하며, 수사 과정의 공정성에도 문제를 제기했습니다. 특히 ""특검이 제시한 증거도 엉성하기 짝이 없다. 윤영호(전 통일교 세계본부장) 측이 일방적으로 생산한 다이어리, 현금 사진, 카카오톡 메시지뿐""이라고 주장했습니다. 송언석 국민의힘 원내대표 또 민주당 인사들과의 형평성 문제도 언급했습니다. 전재수 의원 의혹의 경우 ""지난해 특검은 전 의원의 통일교 측 금품수수 정황을 인지하고도 수개월간 묵혀두고 은폐했다. 그 덕분에 전 의원은 공소시효를 넘겨 기소되지 않았다""며 ""이게 공정한가""라고 반문했습니다. 송영길 전 민주당 대표와 관련해선 '돈 봉투 의혹' 사건 2심에서 무죄를 선고받았다는 점을 언급하며, ""무죄 판결 이유는 수사 계기가 된 '이정근 휴대전화 녹음파일'이 당초 압수수색 영장에 기재된 혐의와 무관했다는 것인데, 권 의원 사건도 압수수색 영장에 기재되지 않은 정보를 계기로 시작된 수사""라고 했습니다. 권 의원은 2022년 통일교 관계자로부터 1억 원을 받은 혐의로 기소돼 1심에서 징역 2년과 추징금 1억 원을 선고받았습니다. 항소심 재판부는 내일(28일) 선고를 앞두고 있습니다.",JIBS,정치,https://n.news.naver.com/mnews/article/661/0000075279?sid=100
[춘천시장 여론조사]선두 육동한 40~60대 vs 정광열 30대 지지⋯세대별 표심 엇갈려,"[춘천시장 여론조사] 세대별 엇갈린 표심⋯육 후보 40~60대에서, 정 후보 30대에서 지지 육동한 후보, 기존 민주 강세 지역, 국힘 현역 지역구서도 앞서는 모습 부동층 두 자릿수 기록하면서 막판 표심 변수될 가능성은 남아 있어 ‘정치 1번지’로 불리는 춘천에서는 더불어민주당 육동한 후보와 국민의힘 정광열 후보가 자존심을 건 싸움을 펼치고 있다. 육 후보는 여당 프리미엄과 현직 프리미엄을 동시에 안고 선두에 나섰고, 정 후보는 30대 표심을 기반으로 역전을 노리는 모습이다. 석사·퇴계동 등 일부 지역의 경우 부동층이 상대적으로 높아 막판 변수로 떠오를지 관심이 쏠린다. ■ 세대별 표심 극명...육 ‘40~60대’ vs 정 ‘30대’ =춘천시장 여론조사에서 가장 주목할만한 점은 세대별 표심이다. 특히 4050세대가 민주당 육 후보에게 크게 쏠렸다. 40대 응답자의 63.2%를, 50대에서는 66.5%가 육 후보를 선택했다. 국민의힘 정광열 후보와의 격차는 40대(20.9%)의 경우 42.3%포인트, 50대(23.3%)의 경우 43.2%포인트 차이가 난다. 4050세대의 민주당 강세 현상은 통상적이긴 하지만  이같은 격차는 이례적이다. 반면 정 후보는 청년층인 30대에서 46.2%의 지지를 얻으면서 추격의 동력을 확보했다. 전통적으로 보수 강세로 분류되는 70대 이상에서는 육 후보 46.6%, 정 후보 41.5%로 5.1%포인트차였고, 18~29세에서도 육 후보 42.5%, 정 후보 33.7%로 오차범위 내에 있었다. ■ 모든 지역서 육 후보 앞서 ⋯ 석사 · 퇴계 · 후평 부동층 어디로 =지역별 표심은 비교적 큰 편차가 없었다. 민주당 육 후보가 모든 지역에서 과반을 얻었고, 국민의힘 정 후보도 큰 기복없이 30% 초중반의 지지율을 확보했다. 역대 선거에서 강한 민주당 세를 보여줬던 석사·퇴계동이 포함된 3·4·5선거구(후평 1·2·3동, 효자2동, 석사동, 퇴계동)에서는 육 후보(50.0%)가 정 후보(31.4%)를 18.6%포인트차로 앞섰다. 다만 이 선거구에서는 부동층이 15.1% 포인트에 달해 춘천지역 평균 11.6%포인트를 웃돌았다. 막판 변수로 떠오를 여지가 있다. 국민의힘 현역 국회의원 지역구이자 춘천-철원-화천-양구을 선거구에 속하는 6·7선거구(신북읍, 동면, 북산면, 서면, 사북면, 신사우동)에서도 육 후보(52.9%)는 정 후보(33.4%)를 19.5%포인트로 앞섰다. 정 후보는 2선거구(교동, 조운동, 약사명동, 근화동, 소양동, 효자 1·3동)에서 36.2%로 가장 높은 지지를 얻었고, 이 지역에서 육 후보(50%)와 13.8%포인트 차이가 났다. ■민주당 4~50대 강세⋯여야 지지층은 결집 =정당 지지도는 민주당이 16.6%포인트 차이로 국민의힘보다 높았다. 민주당은 40대에서 68.9%로, 15.1%인 국민의힘보다 네 배 이상 앞섰다. 민주당은 50대에서도 64.6%로 높은 지지를 얻었다. 다만 40대와 50대를 제외한 나머지 연령대에서는 오차범위 내 접전이었다. 또 민주당 지지층의 89.2%가 육 후보를, 국민의힘 지지층 85%가 정 후보를 지지하면서 소속 후보를 확실하게 밀어줬다. 당내 경선 과정을 거쳤음에도 두 후보의 경선 후유증은 적은 것으로 보인다. 한편, 강원도지사 지지도 조사에서는 민주당 우상호 후보가 55.3%, 국민의힘 김진태 후보가 36.8%로 오차 범위 밖이었다. 이현정기자 together@kwnews.co.kr, 원선영기자 haru@kwnews.co.kr [2026 지방선거 춘천시장 여론조사 개요] ■ 조사의뢰 : 강원일보 ■ 조사기관 : ㈜에이스리서치 ■ 조사일자 : 2026년 4월 24일 ~ 4월 25일(2일간) ■ 대상: 강원특별자치도 춘천시에 거주하는 만 18세 이상 남녀 504명 ■ 조사방법: 구조화된 설문지를 이용한 ARS 조사(무선 100%) ■ 피조사자 선정 방법 : 통신 3사 제공 무선 가상번호 ■ 응답률 : 6.4%(전체 1만4,997명의 통화시도 중 통화성공 7,850명, 응답완료 504명, 응답률 6.4%) ■ 오차 보정 방법 : 2026년 3월 말 행정안전부 발표 주민등록인구통계기준 셀가중 방식으로 성별·연령대별·권역별 가중치 부여 ■ 표본오차 : 95% 신뢰수준에 ±4.4%포인트 ■ 내용 : 정당 지지도 및 차기 춘천시장 지지도, 선택기준, 차기 강원특별자치도지사 지지도 등 (중앙선거여론조사심의위원회 홈페이지 참조)",강원일보,정치,https://n.news.naver.com/mnews/article/087/0001189536?sid=100
"민주당, 강원 ‘전략지역’ 설정⋯정청래 한 달 새 강원 세 차례 방문","정청래 대표 지난 25일 영월 찾아 민주당 우상호·박선규 후보 지원사격 민주, 지난 대선 패배 지역 중심으로 전략지역 분류⋯보좌진 파견도 지원 ◇더불어민주당 정청래 대표와 우상호 강원지사 예비후보, 박선규 영월군수 후보가 지난 25일 단종문화제가 열리는 영월 동강둔치를 방문했다. 영월=오윤석기자papersuk1@kwnews.co.kr 더불어민주당 정청래 대표가 한 달 새 세 번 강원 지역을 찾으며 ‘전폭 지원’ 행보를 이어가고 있다. 지도부와 현역 국회의원들의 지원 사격이 이어지는 데에는 민주당이 강원을 ‘전략지역’으로 설정한 배경도 있는 것으로 알려졌다. 정청래 대표는 지난 25일 영월 동강둔치에서 열린 단종문화제 현장을 찾아 우상호 강원지사 후보와 박선규 영월군수 후보 지원에 나섰다. 지난 1일 철원에서 열린 현장최고위원회의에 이어 11~12일 강릉·속초·인제·춘천 등을 돌며 민심을 청취하고 후보들을 지원 사격한지 2주만이자 이달만 세 번째다. 정치권에 따르면, 민주당은 지난 대선에서 패배한 지역을 중심으로 최근 강원을 비롯해 부산, 대구, 울산, 경남, 경북을 전략지역으로 분류했다. 중앙당은 이 지역 캠프에 당 소속 보좌진 파견도 적극적으로 지원하고 있다. 실제 우상호 후보 캠프에는 허영(춘천갑), 송기헌(원주을) 의원 보좌진 외에도 박홍근, 백승아, 김우영 의원실 등에서 보좌진이 파견돼 지원 중이다. ◇더불어민주당 정청래 대표와 우상호 강원지사 예비후보, 박선규 영월군수 후보가 지난 25일 단종문화제가 열리는 영월 동강둔치를 방문해 시민들에게 지지를 호소하고 있다. 영월=오윤석기자papersuk1@kwnews.co.kr 당 지도부와 현역 국회의원들도 전략지역을 지원하기 위해 발 벗고 나섰다.  정 대표는 지난 25일 영월 방문에서 김영환 당대표 정무실장, 김남국·박지혜 대변인, 김도균 도당위원장, 허필홍 홍천·횡성·영월·평창지역위원장 등과 함께하며 시민들에게 우상호 후보와 박선규 후보를 적극적으로 띄웠다. 정청래 대표는 현장을 떠나며 “환영해주시고 박수쳐주시는 모습을 보면서, 그동안 우상호 후보가 정말 열심히 강원도를 누볐구나 하는 생각이 들었다""고 했다. 그러면서 ""현장을 다닐 때 마다 큰 기대를 갖고 있다는 것을 많이 느낀다. 지난 정권에서 너무나 실망한 나머지 이번에는 잘 해 달라는 염원으로 받아들인다”며 “대한민국의 국격과 민주주의를 하루빨리 정상화시키고 이제는 정말 이 지역을 발전시킬 수 있는, 일 잘하는 지방정부 수장이 선택을 받을 수 있도록 최선을 다하겠다”고 말했다. ◇더불어민주당 정청래 대표와 우상호 강원지사 예비후보, 박선규 영월군수 후보가 지난 25일 단종문화제가 열리는 영월 동강둔치를 방문해 시민들에게 지지를 호소하고 있다. 영월=오윤석기자papersuk1@kwnews.co.kr 지난 24일에는 윤후덕, 남인순, 안태준, 백승아 국회의원이 춘천에 위치한 민주당 강원도당을 찾아 직능대표자회의 순회 타운홀미팅을 열고 도내 직능단체들의 현안을 청취했다. 윤후덕 의원은 타운홀 미팅을 가진 후 “강원 지역 직능단체가 제안한 내용을 정리해 당정과 소통하겠다”며 “우상호 지사 후보, 육동한 춘천시장 후보 압승을 기원한다”고 전했다. ◇더불어민주당 전국직능대표자회의 순회 타운홀미팅이 지난 24일 민주당 도당 회의실에서 열려 윤후덕, 남인순, 안태준, 백승아 국회의원, 김도균 도당위원장 등이 참석했다. 김도균 도당위원장 페이스북 캡처. 이현정·오윤석기자",강원일보,정치,https://n.news.naver.com/mnews/article/087/0001189535?sid=100
[단독]국민의힘 김진태 29일 선대위 출범⋯명예선대위원장 김문수 ‘지원사격’,"오후 3시 강원도당 회의실에서 발대식 전국구 김문수 필두 보수 표심 확보전 전현직 국회의원·고위 관료 출신 합류 ◇국민의힘 김진태 강원지사 후보는 지난 25일 강원인(人) 캠프에서 '뚝심 이어달리기 7탄:그래도 행정은 김진태'의 일환으로 강원도정 정책자문단 출범식을 개최했다. 단장으로는 김명선 전 도 행정부지사가 위촉됐다. 국민의힘 김진태 강원지사 후보 6·3지방선거 선거대책위원회가 29일 공식 출범한다. 제21대 대통령선거 후보인 김문수 전 고용노동부 장관이 명예선대위원장 합류를 비롯해 강원 정치·행정에 통달한 핵심 인사들도 선대위를 중심으로 똘똘 뭉치면서 보수 결집에 속도가 붙을 전망이다. 김진태 후보는 이날 오후 3시 국민의힘 강원도당에서 6·3지방선거 선대위 발대식을 개최한다. 선대위 주요 인선이 확정된 가운데 김문수 국민의힘 제21대 대통령선거 후보가 명예선대위원장을 맡아 공천 잡음과 당내 갈등 등으로 흩어진 보수 표심을 끌어모으는 데 주력한다. 국민의힘 소속 강원 국회의원들과 당협위원장들도 공동선대위원장으로 뛰며 강원 전역의 보수 표심 다지기에 힘을 쏟는다. 원주권에 두터운 지지층을 두고 있는 김기선 전 국회의원과 역대 강원도지사 선거 출마자, 고위 관료 출신 등도 전격 영입했다. 여기에 여성·청년소상공인 분야를 대표하는 인물들도 공동선대위원장 명단에 포함시키며 보다 젊고 넓은 시야를 갖춘 선대위를 구성했다는 것이 김 캠프측 설명이다. 보수 민심을 사로 잡을 ‘원팀’ 꾸리기에도 집중했다. 김 후보는 이번 선거 공천에 참여했던 시장·군수 선거 입지자들을 선대위 부위원장으로 기용, 도 전역에서 자리 잡은 보수 진영을 재정비한다는 전략이다. 이와 함께 김진태 후보와 도당 등은 27일 지사 후보와 18개 시·군 단체장 후보 등의 정보를 포괄적으로 담은 홈페이지를 신규 론칭해 유권자 시선을 사로잡을 예정이다. 김진태 캠프 관계자는 “선대위를 중심으로 강원도 전역의 보수 표심을 확보하는 데 전력을 집중할 것”이라며 “시장·군수 후보들과 맞춤형 공약을 연이어 발표해 유권자들이 믿고 뽑을 수 있도록 하겠다”고 말했다. 윤종현기자 jjong@kwnews.co.kr",강원일보,정치,https://n.news.naver.com/mnews/article/087/0001189527?sid=100
20·30대 '공약' 40·50·60대 '성과' 70대 '경험' 최우선,"도지사 후보 선택 기준 강원도지사 선거를 앞두고 유권자들은 후보 선택 기준으로 '지역문제 해결 및 도정성과 기대감'을 가장 중요하게 고려하는 것으로 나타났다. 전체 응답자의 21%가 '지역문제 해결 및 도정성과 기대감'을 꼽아 1위를 차지했다. 이어 '후보의 경험과 능력'(17%), '도민과의 소통능력과 공감도'(15%), '공약 내용 및 실현 가능성'(14%), '소속 정당 및 정치적 성향'(14%) 순이었다. '도덕성과 청렴성'은 11%였고, 기타 4%, 모름·무응답은 3%로 집계됐다. 연령별로는 세대 간 인식 차이가 뚜렷했다. 18~29세(28%)와 30대(24%)는 '공약 내용 및 실현 가능성'을 가장 중요한 기준으로 꼽았다. 반면 40대(25%), 50대(21%), 60대(26%)는 '지역문제 해결 및 도정성과 기대감'을 1순위로 선택했다. 70세 이상에서는 '후보의 경험과 능력'이 25%로 가장 높았다. 이념성향에 따른 차이도 분명했다. 진보층(23%)과 중도층(25%)은 모두 '지역문제 해결 및 도정성과 기대감'을 가장 중요하게 평가한 반면, 보수층에서는 '후보의 경험과 능력'(24%)이 최우선 기준으로 꼽혔다. 모름·무응답층은 '도민과의 소통능력과 공감도'(20%)를 최우선으로 선택했다. 심예섭 기자 yess@kado.net ■ 어떻게 조사했나 이번 여론조사는 강원도민일보가 여론조사 기관인 케이스탯리서치에 의뢰해 진행했다. 지난 24~25일 이틀간 강원특별자치도에 거주하는 18세 이상 남녀 812명(총 4445명 중 812명 응답 완료)의 조사가 완료됐다. 응답률은 18.3%다. 표본은 이동통신 3사 제공 무선전화 가상번호를 무작위로 추출했고, 응답방식은 전화조사원 인터뷰(CATI)로 진행됐다. 2026년 3월 행정안전부 주민등록 인구를 기준으로 성별·연령별·지역별 가중치를 부여(셀가중)했다. 표본오차는 95% 신뢰수준에 ±3.4%p다. 자세한 사항은 중앙선거여론조사심의위원회 홈페이지에서 확인할 수 있다. #공약 #최우선 #성과 #지역문제 #도정",강원도민일보,정치,https://n.news.naver.com/mnews/article/654/0000177757?sid=100
국힘 '내란정당' 프레임 지우기…당 안팎선 장동혁 사퇴 압박,"한기호 ""윤석열·당 계엄 합의 없어"" 국민의힘이 6·3 지방선거를 앞두고 현장 일선에서 '내란정당' 프레임 지우기에 나섰다. 더불어민주당을 비롯한 진보 진영의 공세에 대해 ""내란당이 아니다""라며 반박하는 한편, 장동혁 당 대표를 향해서는 연일 사퇴를 종용하고 있다. 한기호(춘천·철원·화천·양구 을) 국회의원은 25일 춘천에서 열린 정광열 춘천시장 예비후보의 선거사무소 개소식에 참석, 국민의힘이 ""우리나라의 역사를 만든 당""이라고 주장했다. 현장에서 한 의원은 ""우리 당은 1948년 대한민국이 건국될 때 이승만 대통령이 속했던 당이다. 우리 당이 아니었다면 여러분은 부유를 누릴 수 없다. 박정희 대통령이 독재라고 하지만 부득이하게 5·16 혁명을 했다. 이명박 대통령도 나중에는 법적인 제재를 받았지만, 대한민국을 잘 살게 만든 사람""이라고 발언했다. 이어 ""내란이라고 프레임을 씌워서 계속 공격하지만, 윤석열 대통령이 계엄을 한다고 우리 당과 합의한 적이 없다""라면서 ""절대로 내란당이 아니다. 위축되지 말아야 한다. 우리는 내란에 기여한 바가 하나도 없다. 우리도 계엄을 하는 걸 반대했다""라며 탄핵당한 윤석열 전 대통령과의 '절윤'을 강조했다. 또한 현재 당내 안팎으로 사퇴 요구가 이어지고 있는 장동혁 국민의힘 당 대표를 향해서는 ""소신을 갖고 정치하는 건 인정한다. 그러나 지금 선거에 도움이 안 되고 있다""라면서 사실상 사퇴를 요구했다. 강원도내 정계에서 장동혁 당 대표의 결단을 촉구하는 목소리는 이미 여러 차례 나왔다. 같은 당 소속 김진태 강원도지사 예비후보 역시 지난 23일 양양을 찾은 장동혁 대표에게 ""결자해지가 필요하다""라며 쇄신을 요구했다. 정광열 춘천시장 예비후보의 개소식 현장에서 김진태 강원도지사 예비후보는 경쟁 상대인 우상호 더불어민주당 강원도지사 예비후보를 집중해 공격했다. 김 후보는 ""나와 겨루는 후보가 '대통령이 보냈다'라고 한다. 우리 도민의 심부름을 해달라고 그랬지, 대통령의 심부름을 하라고 원했는가. 그게 유일한 자랑거리인 모양이다""라며 포문을 열었다. 이어 ""우리 강원 도민들은 자존심도 없느냐. 예산 몇 푼 덕을 볼까 싶어 누군지도 모르는 사람을 찍겠느냐""라면서 ""예산 별거 아니다. 작년에 강릉에서 가뭄이 났을 때 국비 특별교부금이 31억원인데, 내가 혼자 도청에 앉아 26억원을 보냈다. 그리고 작년에 야당임에도 국비 10조를 따왔다. 정신만 차리면 할 거 다 할 수 있다""라면서 이재명 대통령과의 연결고리를 강조 중인 우상호 예비후보를 저격했다. 정민엽 기자 #장동혁 #대통령 #사퇴 #프레임 #예비후보",강원도민일보,정치,https://n.news.naver.com/mnews/article/654/0000177743?sid=102
"송언석, 권성동 불공정 수사 주장…무죄 판결 촉구","""김건희 특검과 전혀 무관한 사건"" 민주 공천엔 ""범죄자 올드보이 귀환"" 국민의힘 송언석 원내대표는 26일 SNS를 통해 특검의 불공정 수사를 주장하며 권성동(강릉) 의원에 대한 무죄 판결을 촉구했다. 그는 ""사건 자체가 민중기 특검이 맡았던 '김건희 특검'과는 전혀 무관한 사건""이라며 ""'투트랙'이라는 가상의 프레임을 조작해 특검이 법적으로 수사할 수 있는 범위를 꼼수로 뛰어넘은 것""이라고 말했다. 이어 ""2심 재판부가 불공정한 특검의 조작기소와 부당한 1심 판결을 바로잡아주길 바란다""며 ""그렇지 않으면 사법부의 독립성과 공정성에 대한 국민적 신뢰는 훼손될 것""이라고 했다. 이와 함께 송 원내대표는 이광재 전 강원지사 등 더불어민주당의 6·3 지방선거 및 국회의원 재·보궐선거 공천과 관련해선 ""그야말로 범죄자 올드보이들의 귀환""이라고 강하게 비판했다. 그는 지난 24일 국회에서 열린 원내대책회의에서 ""박연차 전 태광실업 회장과 정대근 전 농협중앙회장으로부터 도합 9만 5000달러를 받은 죄로 유죄 판결을 받고 반년 만에 도지사직을 상실했던 정치자금법 위반범 이광재 전 의원을 전략공천한다고 한다""며 ""집권 여당이 범죄 전력자들에게 권력을 나눠주기 위한 범죄 공천도 서슴지 않고 있다""고 말했다. 이세훈 기자 #판결 #수사 #송언석 #권성동 #불공정",강원도민일보,정치,https://n.news.naver.com/mnews/article/654/0000177739?sid=100
'강삼영 vs 신경호' 1%p 차 양강 박빙… 진영별 결집 선명,"강원도교육감 후보 적합도 차기 강원도교육감 선거 여론조사 결과 강삼영 현 강원 민주진보 교육감 단일후보가 신경호 현 강원도교육감과 오차범위 내 초접전을 펼치고 있는 것으로 나타났다. 강원도민일보가 여론조사 기관인 케이스탯리서치에 의뢰해 강원도 거주 만 18세 이상 남녀 812명을 대상으로 지난 24~25일 실시한 여론조사(95% 신뢰수준에 표본오차 ±3.4%p)에서 강원도교육감 후보 적합도 질문에 강삼영 현 강원 민주진보 교육감 단일후보와 신경호 현 강원도교육감이 각각 14%와 13%의 응답률을 보였다. 이어 유대균 전 교육부 장학관과 최광익 전 강원도교육감직 인수위원장이 각 4%, 박현숙 현 한라대 조교수가 2% 등으로 나타났다. 이번 교육감 선거는 부동층 흡수 여부가 선거 승패를 가르는 중요한 열쇠가 될 전망이다. 여론조사 결과 '모름·무응답'이 33%로 집계됐고 '적합한 후보가 없다'는 답변도 27%를 차지했다. '2강'체제를 구축한 강삼영 후보와 신경호 후보는 정치 성향에 따라서 지지층도 갈리는 것으로 나타났다. 진보성향의 경우 강 후보가 25%의 선택을 받았고, 신 교육감은 9%로 나타났다. 반면 보수성향의 경우 22%가 신 교육감을 지지했고, 6%가 강 후보를 지지했다. 중도성향은 강 후보 16%, 신 교육감 13%로 큰 차이를 보이지 않았다. 김정호 기자 ▶ 관련기사 5면 ■ 어떻게 조사했나 이번 여론조사는 강원도민일보가 여론조사 기관인 케이스탯리서치에 의뢰해 진행했다. 지난 24~25일 이틀간 강원특별자치도에 거주하는 18세 이상 남녀 812명(총 4445명 중 812명 응답 완료)의 조사가 완료됐다. 응답률은 18.3%다. 표본은 이동통신 3사 제공 무선전화 가상번호를 무작위로 추출했고, 응답방식은 전화조사원 인터뷰(CATI)로 진행됐다. 2026년 3월 행정안전부 주민등록 인구를 기준으로 성별·연령별·지역별 가중치를 부여(셀가중)했다. 표본오차는 95% 신뢰수준에 ±3.4%p다. 자세한 사항은 중앙선거여론조사심의위원회 홈페이지에서 확인할 수 있다. #강삼영 #신경호 #교육감 #1%p #진영별",강원도민일보,정치,https://n.news.naver.com/mnews/article/654/0000177753?sid=100
우상호 43%  김진태 33%… 강삼영·신경호 초접전,"강원도지사 후보 지지도 우 후보, 오차범위 밖 10%p 우세 선택 기준 1위 ' 지역문제 해결' 부동층 22% 승패 가를 최대 변수 6·3 지방선거 본선 레이스가 본격화된 가운데 여야 도지사 후보 지지도는 더불어민주당 우상호 후보 43%, 국민의힘 김진태 후보 33%로 각각 집계됐다. 우 후보가 오차범위 밖에서 김 후보를 10%p 앞서고 있는 것으로 나타났다. 강원도민일보가 여론조사 기관인 케이스탯리서치에 의뢰해 지난 24~25일 이틀간 강원도에 거주하는 18세 이상 남녀 812명(총 4445명 중 812명 응답 완료)을 대상으로 전화조사원 인터뷰(CATI)를 진행한 결과(응답률 18.3%·표본오차는 95% 신뢰수준에 ±3.4%p) 이 같이 조사됐다. 이번 여론조사에서 도지사 선거의 부동층은 '지지하는 사람이 없다(18%)', '모름·무응답(4%)'을 합쳐 22%로 나타났다. 이에 따라 37일 앞으로 다가온 강원도지사 선거 승패의 또 다른 축은 부동층 흡수가 최대 관건으로 떠올랐다. 정당지지도는 더불어민주당 45%, 국민의힘 30%였다. 이어 조국혁신당 3%, 진보당과 개혁신당 각 1%였다. '지지하는 정당 없다'는 16%, '모름·무응답' 2%였다. 도지사 후보 선택 기준에 대해서는 응답자의 21%가 '지역문제 해결 및 도정 성과 기대감'을 꼽았다. 이어 △후보의 경험과 능력 17% △도민과의 소통 능력과 공감도 15% △공약 내용 및 실현가능성과 소속정당과 정치적 성향이 각 14% △도덕성과 청렴성 11%로 조사됐다. 이재명 정부 출범 후 꼭 1년 만에 실시되는 이번 6·3 지방선거 인식에 대해서는 응답자의 52%가 '현 정부의 국정안정을 위해 여당에 힘을 실어줘야 한다'고 답했다. '현 정부를 견제하기 위해 야당에 힘을 실어줘야 한다'는 응답은 36%였고, '모름·무응답'은 13%로 집계됐다. 국정운영 평가는 긍정 응답이 69%(매우 잘하고 있다 36%·잘하는 편이다 33%)였다. 부정 응답은 24%(잘못하는 편이다 11%·매우 잘못하고 있다 13%), '모름·무응답'은 7%였다. 도정수행 평가의 경우, 긍정 응답이 49%(매우 잘하고 있다 12%·잘하는 편이다 37%)로 나타났으며, 부정 응답은 39%(잘못하는 편이다 22%·매우 잘못하고 있다 17%), '모름·무응답'은 12%였다. 박지은·이정호 기자 ▶ 관련기사 2·3·4면 ■ 어떻게 조사했나 이번 여론조사는 강원도민일보가 여론조사 기관인 케이스탯리서치에 의뢰해 진행했다. 지난 24~25일 이틀간 강원특별자치도에 거주하는 18세 이상 남녀 812명(총 4445명 중 812명 응답 완료)의 조사가 완료됐다. 응답률은 18.3%다. 표본은 이동통신 3사 제공 무선전화 가상번호를 무작위로 추출했고, 응답방식은 전화조사원 인터뷰(CATI)로 진행됐다. 2026년 3월 행정안전부 주민등록 인구를 기준으로 성별·연령별·지역별 가중치를 부여(셀가중)했다. 표본오차는 95% 신뢰수준에 ±3.4%p다. 자세한 사항은 중앙선거여론조사심의위원회 홈페이지에서 확인할 수 있다. #우상호 #김진태 #강삼영 #신경호 #무응답",강원도민일보,정치,https://n.news.naver.com/mnews/article/654/0000177755?sid=100
"이 대통령 ""트럼프 무사 안도…모든 형태 폭력 단호히 반대""","백악관 만찬 총격에 SNS서 발언 25일(현지시간) 도널드 트럼프 미국 대통령이 참석한 가운데 워싱턴 DC에서 열린 백악관 출입기자단 주최 만찬 행사장에서 총성이 들려 급히 피신하는 사건이 벌어지자 이재명(사진) 대통령이 ""백악관 기자단 만찬에서 발생한 폭력 사태에 충격을 금할 수 없다""고 밝혔다. 이 대통령은 26일 '엑스(X·옛 트위터)'에 ""무엇보다 언론과의 소통과 표현의 자유를 확인하는 자리에서 이와 같은 일이 발생했기에 더욱 안타깝다""며 ""도널드 트럼프 대통령 내외를 비롯해 현장에 계셨던 모든 분들이 무사하다는 소식에 안도하며, 미국 국민 여러분께도 깊은 위로의 마음을 전한다""고 했다. 이어 ""정치적 폭력은 민주주의의 근간을 훼손하는 중대한 위협이며, 어떠한 이유로도 결코 정당화될 수 없다""며 ""대한민국 정부는 민주주의와 법치주의의 가치를 훼손하는 모든 형태의 폭력과 극단주의에 단호히 반대한다""고 덧붙였다. 김여진 기자 #대통령 #폭력 #트럼프 #형태 #반대",강원도민일보,정치,https://n.news.naver.com/mnews/article/654/0000177749?sid=100
이병선 국민의 힘 속초시장 예비후보 선거사무소 개소,"""속초항 중심 평화특구 유치할 것"" ▲ 이병선 속초시장 예비후보 선거사무소 개소식이 25일 현지에서 열렸다. 속초시장 예비후보인 국민의 힘 이병선 후보의 선거사무소 개소식이 25일 현지에서 열렸다. 이날 이병선 예비후보는 민선 8기의 주요 성과를 강조하며 ""동서고속철 예산 확보, 영랑호 민간 개발 추진, 접경지역 지정 등 막대한 예산을 확보하며 속초발전의 기틀을 마련했다""고 자평했다. 이어 ""역세권 중심 5개 권역을 10분내로 있는 컴팩트시티를 조성하고 속초항 중심의 평화 경제특구를 유치하겠다""며 ""녹록치 않은 정치환경 속에서도 지역발전을 이끌 소통과 화합의 일꾼을 뽑아달라""고 강조했다. 이양수 국회의원은 축사에서 ""이병선 후보는 신발 밑창이 닳도록 뛰어 '국비 2000억원, 속초시 총 예산 6000억원 시대를 열었다""며 ""내가 이병선 이다라는 마음으로 속초발전을 위해 모든 후보들의 동반 당선을 이끌어 달라""고 했다. 김시성 도의장은 ""본인 역시 시장 출마를 고민했지만 모든 면에서 이병선 후보가 뛰어나 뜻을 접었다. 그가 속초 발전의 적임자""라며 ""보수진영이 똘똘뭉쳐 이 후보의 압승을 위해 헌신해달라""고 호소했다. 한편 이날 이병선 예비후보는 '오로지 민생' 선거대책본부를 구성하고 김시성 강원도의장과 조영두 전 설악고교 총동창회장, 이명애 속초시 부의장, 이민철 전 강원지구 청년회의소 회장 등 4인을 공동선대위원장으로 선임했다. 박주석 기자 #이병선 #예비후보 #속초시장 #선거사무소 #개소",강원도민일보,정치,https://n.news.naver.com/mnews/article/654/0000177659?sid=102
[선택 2026 강원] 김명기 횡성군수 합류 '무소속 연대' 완성,"컷오프에 무소속 출마 선언 도·군의원 등 5명 완전체 구성 ""중도·부동층 지지 확산 전망"" 6·3지선 횡성군수 선거에 김명기 현 군수가 출마를 공식화 하면서 선거판세가 요동치고 있다. 더욱이 김 군수는 광역·기초의원들과 무소속연대를 결성키로 함에 따라 '무소속 돌풍'을 예고하고 있다. 김 군수는 27일 횡성군선관위에서 예비후보 등록을 마친 뒤 오후 2시 군청 대회의실에서 기자회견을 열고 무소속 출마와 무소속 연대 합류를 선언한다. 김 군수가 출마를 결심한 것은 공천 이후 군민과 당원들의 거듭된 출마 요청, 공천의 공정성 문제 제기, 군정 연속성을 바라는 요구 등이 이어졌기 때문으로 풀이된다. 실제 일부 주민들은 군수 컷오프에 불만을 품고 탈당과 선거 포기 등을 선언한데다 김 군수를 찾아가 민선8기의 사업들을 책임있게 마무리하기 위해 출마해 줄 것을 호소했다. 김 군수는 ""무소속 출마는 개인의 약속을 번복한 정치적 변심이 아니라, 공천 이후 드러난 여러 상황 변화와 군민 요구에 대한 응답이며, 보수를 분열시키기 위한 선택이 아니라, 흔들린 공정과 민심을 바로 세우고 보수의 본래 가치를 지키기 위한 뼈저린 결단""이라고 강조했다. 김 군수의 출마 결정으로 무소속 연대도 마지막 퍼즐을 완성했다. 김 군수와 이미 국민의힘을 탈당한 한창수·최규만 도의원, 김은숙 군의원, 홍월표 우천면 체육회장 등 무소속 5명은 지역의 모든 선거구에 출마하는 완전체를 구성했다. 특히 무소속 연대는 현직 군수와 중진의원들이 대부분으로 두터운 지지층을 확보하고 있을 뿐 아니라 군정 및 의정활동에 성과를 인정받고 있어 당선가능성이 높다는 분석이다. 정치권 일각에서는 ""기존 무소속 연대에 김 군수의 합류로 '무소속 혁명'을 이룰수 있는 파급력을 갖추게 됐다""면서 ""국민의힘에 실망하거나 민주당 독주를 견제하려는 중도층과 부동층 등의 지지세가 확산될 것""이라고 진단했다.  박현철 기자 #군수 #무소속 #연대 #출마 #합류",강원도민일보,정치,https://n.news.naver.com/mnews/article/654/0000177670?sid=102
“낙심한 보수 자극 할라”… 민주당 ‘오만’ 경계령,"[정치 언박싱] “경선 통과하니 절박함 사라졌다” TK·PK 보수결집 움직임에 긴장 6·3 지방선거를 한 달여 앞두고 더불어민주당이 지나친 낙관론, 이에 따른 오만한 자세를 경고하고 나섰다. 경남북 정도를 제외하면 전 지역에서 압도적 우위를 점하고 있지만 점차 그 격차가 좁혀지고 있어서다. 당내에선 우려했던 보수 결집이 시작된 것으로 보고 혹시 모를 ‘사고 방지’를 당부하는 목소리가 커지고 있다. 윤건영 민주당 의원은 25일 페이스북에 “과연 지금 민주당 후보들의 모습이 절박한지 모르겠다”고 밝혔다. 이어 “경선 때는 새벽부터 지하철역에서 인사하던 후보가 경선을 통과하니 보이지 않는 걸 어떻게 설명해야 하느냐”며 “윤석열과 불법 계엄, 높은 국정 지지율, 장동혁 변수로 시간만 보내면 된다고 생각하지는 않는지”라고 우려했다. 윤 의원은 “부산이 고향인 제가 볼 때 영남권은 말 한마디로 바람이 바뀌는 곳”이라며 “2004년 총선부터 최근까지 모두 그랬다. 재보선 지역을 주머니 안의 쌈짓돈처럼 생각하는 건 아닌지. 보다 겸손하고 누구보다 절박했으면 한다”고 강조했다. 지역 현장에서 뛰고 있는 관계자들도 “보수 결집은 상수”라며 신중론을 앞세웠다. 한 영남권 의원은 “당장의 분위기와 여론조사로 선거 결과를 예단하는 건 상당히 성급하다”고 말했고, 김부겸 대구시장 후보 측 관계자도 “선거일이 다가오면서 격차가 좁혀지는 건 당연하다”며 막판 네거티브 공세 대비 및 정책 대결 필요성을 강조했다. 최근까지 실시된 각종 여론조사에서 민주당은 대다수 광역단체장 선거에서 앞서고 있다. 그러나 영남권의 경우 부산시장 지지율은 지난 17∼19일 한국리서치가 KBS부산 의뢰로 조사한 결과 전재수 민주당 후보 40%, 박형준 현 시장 34%로 오차범위 내 접전 양상에 돌입했다. 대구시장도 한국리서치가 지난 20∼22일 조사한 결과 김 후보 36%, 추경호 국민의힘 후보 15%로 집계됐다. 이는 지난 11~13일 같은 기관 조사 결과(김부겸 39%·추경호 11%)보다 격차가 좁혀진 것이다(자세한 사항은 중앙선거여론조사심의위원회 홈페이지 참조).",국민일보,정치,https://n.news.naver.com/mnews/article/005/0001845484?sid=100
[선택 2026 강원] 동해시 도의원 1·2선거구 여야 맞대결 성사,"1선거구 이동호·안성준 격돌 2선거구 김형원·정동수 경쟁 '집권 여당 vs 보수 우위' 접전 ▲ 1·2선거구 민주·국힘 순 6·3 지방선거를 30여일 앞두고 있는 가운데 동해시 도의원 선거는 모두 여·야 맞대결로 치러진다. 특히 현직 시의원 3명과 전직 도의원 1명 등 정치적 중량감과 높은 인지도를 갖춘 후보들이 출마하면서 치열한 접전이 예상된다. 도의원 제1·2선거구는 모두 1대1 대결 구도로 짜여졌다. 1선거구(송정동, 북삼동, 북평동, 삼화동)는 더불어민주당 이동호(59) 시의원이, 국민의힘은 안성준(57) 시의원이 체급을 올려 격돌한다. 2선거구(천곡동, 부곡동, 동호동, 발한동, 묵호동, 망상동)는 더불어민주당 김형원(63) 전 도의원이, 국민의힘 정동수(55) 시의원이 각각 공천을 받았다. 1·2선거구 여·야 후보 모두 단수 공천이 확정되면서 일찌감치 표심몰이에 나섰다. 지난 선거에서는 1(최재석)·2(김기하) 선거구 모두 국민의힘이 가져갔다. 1회부터 8회까지 역대 지방선거에서는 보수정당이 우위를 점했다. 당선자 17명 중 보수에서 11명이, 진보에서 1명이, 무소속에서 5명이 각각 당선됐다. 하지만 진보진영의 표심이 지난 21대 대선을 기점으로 40%를 넘은데다 집권여당의 프리미엄이 작용하면서 역대 최고의 접전이 예상된다. 3명을 뽑았던 제1회 지방선거를 제외하고 2명을 선출한 2회부터 8회까지 당선자 평균 득표율을 보면 1선거구는 52.78%, 2선거구는 50.67%로 나타났다. 김우열 기자 #도의원 #2선거구 #동해시 #맞대결 #강원",강원도민일보,정치,https://n.news.naver.com/mnews/article/654/0000177664?sid=102
텃밭 사수 시동건 추경호,"유영하 꺾은 秋 “대구 지면 보수도 고사” 이진숙 불출마로 힘겹게 막판 단일대오 추경호(오른쪽) 국민의힘 대구시장 후보가 26일 수성구 대구시당 사무실에서 후보 수락 기자회견 뒤 이인선 대구시당위원장과 손을 잡고 파이팅을 외치며 사진 촬영을 하고 있다. 추 후보는 “이번 선거에서 무너지면 보수는 풀뿌리까지 무너진다”며 필승을 다짐했다. 연합뉴스 국민의힘 대구시장 후보로 26일 최종 선출된 추경호 전 부총리 겸 기획재정부 장관은 “이 순간부터 원팀”이라며 “작은 차이는 내려놓고 보수 대통합, 대구 대통합으로 더 큰 우리를 만들겠다”고 밝혔다. 컷오프(공천배제) 이후 무소속 출마를 시사했던 이진숙 전 방송통신위원장의 불출마 선언으로 추 후보는 지지층 분열 우려도 상당 부분 불식시킬 수 있게 됐다. 추 후보는 후보 수락 기자회견에서 “대구시민과 당원동지 여러분께선 제게 ‘보수의 심장, 대구를 반드시 지키라’는 중요한 임무를 주셨다”며 “이번 선거에서 무너지면 보수는 풀뿌리까지 무너진다. 이 흐름을 막는 마지막 균형추가 되겠다”고 말했다. 이어 “대구의 자부심을 반드시 지키겠다”며 “대구에서 승리의 돌풍을 일으켜 보수 재건의 출발점을 만들겠다”고 했다. 최종 경선 경쟁자인 유영하 의원은 “반드시 승리해 보수의 마지막 보루를 지켜주시길 바란다”며 결과에 승복했다. 대구를 더불어민주당에 넘겨주면 당의 존립 여부마저 불투명해질 수 있다는 우려가 본선 직전 가까스로 보수 교통정리를 이뤄냈다는 평가다. 컷오프 결정에 반발해 왔던 이 전 위원장은 전날 최종 불출마를 선언하며 “대구까지 좌파에게 넘어가면 대한민국이 어떻게 될 것인가라는 한 가지 우려가 무소속 출마로 가는 선택을 가로막았다”고 눈물을 흘리며 말했다. 함께 컷오프됐던 주호영 국회부의장은 효력정지 가처분 신청에 나서며 불복했지만 가처분 신청이 1·2심 모두에서 기각되자 지난 23일 먼저 불출마를 선언했다. 당초 현역 의원 5명 포함 9명 후보가 출사표를 던지며 텃밭에서만 후보가 난립한다는 비판을 받았던 국민의힘은 6·3 지방선거를 불과 38일 앞두고 가까스로 대구시장 보수 단일 후보 정리를 매듭지었다. 지도부는 한숨을 돌리는 분위기다. 지도부는 이 전 위원장의 추 후보 지역구(대구 달성) 공천 가능성도 시사했다. 장동혁 대표는 페이스북에 “이 전 위원장의 큰 결단에 감사드린다. 당의 훌륭한 정치적 자산”이라고 치켜세웠다. 박성훈 수석대변인은 기자들에게 “이번 (예비후보) 사퇴 과정에서 이 전 위원장의 당을 사랑하는 마음을 당원들이 잘 보셨기 때문에 공천관리위원회에서 이런 부분을 합리적으로 반영해 현명히 판단하실 것”이라고 말했다. 이 전 위원장 재배치를 통해 보수 지지층의 화학적 결합을 이뤄내겠다는 것이다. 한 지도부 인사는 “보수 정치의 중심에서 단일대오가 형성된 만큼 이제 지지층 결집도 본격화될 것”이라고 말했다.",국민일보,정치,https://n.news.naver.com/mnews/article/005/0001845482?sid=100
[선택 2026 강원] '양자 대결' 춘천시장 선거 지지세 경쟁,"윤후덕 의원, 육동한 후보 격려 중앙정부·정치권 네트워크 강조 정광열 후보 선거사무소 개소식 김진태·한기호·노용호 등 참석 ▲ 더불어민주당 소속 윤후덕 국회의원은 24일 육동한 예비후보의 선거사무실을 방문해 육 후보를 격려했다. 육동한 예비후보 캠프 제공 민선 9기 춘천시장 자리를 놓고 사실상 양자 대결을 펼치게 된 육동한 더불어민주당 예비후보와 정광열 국민의힘 예비후보가 지난 주말 국회의원 간담회, 선거사무소 개소식 등을 통해 자신의 지지세 과시에 집중했다. 더불어민주당 육동한 예비후보는 중앙정부, 정치권과의 네트워크를 강조하고 나섰다. 같은 당 소속 윤후덕 국회의원(파주 갑)은 지난 24일 육동한 예비후보의 선거사무실을 방문, 육 후보를 격려했다. 두 사람은 지난 2003년 노무현 대통령의 참여 정부 시절 함께 청와대에서 근무한 사이다. 육동한 후보는 당시 대통령비서실 정책수석실 선임행정관으로, 윤후덕 의원은 대통령비서실 정무비서관으로 근무하며 주요 국정 현안에 대해 협력했다. 윤후덕 의원은 육동한 후보를 만나 선거 상황을 점검하고 지역 발전 방향에 대해 의견을 나누며 힘을 보탰다. 윤 의원은 ""오랜 기간 국정 경험을 함께 쌓아 온 육동한 후보는 춘천 발전을 이끌 준비된 후보""라며 ""반드시 승리해 지역 발전과 더불어민주당의 힘을 보여 주길 바란다""라고 지지의 뜻을 전했다. 이에 육동한 후보는 ""춘천 시민과 함께 반드시 승리로 보답하겠다""라고 답했다. ▲ 정광열 국민의힘 춘천시장 예비후보는 25일 춘천시 퇴계로에 위치한 선거사무소에서 개소식을 열었다. 정광열 예비후보 캠프 제공 정광열 국민의힘 춘천시장 예비후보는 25일 선거사무소 개소식을 열고 춘천시장직 탈환을 다짐했다. 현장에는 같은 당 소속 김진태 강원도지사 예비후보, 한기호 국회의원, 노용호 전 국회의원을 비롯해 국민의힘 소속 예비후보들과 지지자 등이 총출동했다. 한기호 국회의원은 ""공무원 출신이 시장을 하면 걸음이 아장아장 거려 큰 진척이 없다""라면서 상대 진영의 후보이자 민선 8기 춘천시장인 행정가 출신의 육동한 예비후보를 우회 저격했다. 김진태 강원도지사 예비후보는 춘천시와 강원도의 갈등을 언급, 육동한 후보에 대한 비판을 이어갔다. 그는 ""지난 4년간 도지사와 시장의 당이 각각 다르니 보통 피곤한 일이 아니었다. 캠프페이지는 십여 년 동안 토론을 거쳐서 해왔는데 어디 이상한 기업체 몇 개를 불러들인다고 기존 계획을 다 뒤집는가""라면서 ""정광열 후보가 춘천시장이 되고, 내가 다시 도에 들어가면 춘천은 지금보다 세 배는 빠른 속도로 발전할 것이다""라고 말했다. 정광열 예비후보는 ""경선이 스포츠라면, 본선은 전쟁""이라며 ""전쟁에서 지면 아무것도 없다. 춘천이 중심이 돼 국민의힘이 이번 선거에서 승리해야 한다. 반드시 잃어버린 땅을 회복하고, 춘천을 우리의 땅으로 만들겠다""라고 했다.  정민엽 기자 #예비후보 #육동 #춘천시장 #선거 #춘천",강원도민일보,정치,https://n.news.naver.com/mnews/article/654/0000177651?sid=102
[단독] AI 조작 막는다더니…선관위 딥페이크 예산 '전무',"'허위사실 유포' 단속 예산에 기대는 실정 현장서 ""유료 버전 쓰는데…단속기관은 빈손"" 후보자도 혼란…""무대책 일관"" 비판 딥페이크를 이용한 선거 조작 엄단 방침에도 불구하고, 중앙선관위의 관련 사업 예산은 전무한 상태인 것으로 나타났다. 사진은 제21대 대통령 선거 날인 2025년 6월3일 오전 서울 강남구 국민연금공단 서울남부지역본부에 마련된 논현1동 제3투표소를 찾은 시민이 투표를 하고 있는 모습. /박헌우 기자 [더팩트ㅣ김수민·서다빈 기자] 정치권이 선거철마다 '딥페이크(AI 기반 가짜 영상)와의 전쟁’을 선포하며 엄중 처벌을 외치고 있지만, 정작 실무를 담당하는 중앙선거관리위원회(이하 선관위)의 관련 예산은 전무한 것으로 나타났다. 법만 만들고 장비와 예산 지원은 외면하는 정치권의 이중성이 선거 공정성을 위협하고 있다는 지적이 나온다. <더팩트>가 중앙선관위원회를 통해 입수한 '딥페이크 등 이용 선거운동 조치현황'에 따르면, 2026년 4월 23일 기준 딥페이크를 이용한 위법 게시물에 대한 삭제 요청 건수는 5355건에 달한다. 고발 1건, 경고 21건 등 사법·행정 조치도 잇따르고 있다. 현행 공직선거법에 따라, 선거일 90일 전인 지난 3월 5일을 기점으로 인공지능(AI) 기술을 이용한 영상·사진 등 딥페이크 콘텐츠를 선거운동에 활용하는 행위가 전면 금지됐다. 규정 위반 시 7년 이하의 징역 또는 1000만 원 이상 5000만 원 이하의 벌금에 처할 수 있다. 늘어나는 위반 사례와 달리 대응 인프라는 처참한 수준이다. 취재 결과 2024년 1월 딥페이크 금지 규정이 시행된 이후 현재까지 선관위에 편성된 '딥페이크 전용 예산'은 사실상 제로(0)인 것으로 확인됐다. 중앙선관위 관계자는 <더팩트>와의 통화에서 ""2024년은 규정 개정 직후라 편성 내역이 없다. 2025년은 원래 선거가 없는 해라 정규 예산에서 편성된 게 없다""며 ""2026년도 역시 딥페이크 단속만을 위한 독립적인 예산은 사실상 없는 상황""이라고 밝혔다. 현재 선관위는 한국전자기술연구원(KETI)과 국립과학수사연구원(국과수)이 공동 개발한 프로그램을 업무 협의를 통해 무상 지원받아 사용 중이다. 문제는 이 '무상 지원'이 영구적이지 않다는 점이다. 현재는 국가 사업으로 개발된 프로그램을 협의하에 무료로 사용하고 있지만, 라이선스 계약이 만료되면 유료로 전환될 예정이기 때문이다. 딥페이크 엄벌을 외쳐온 정치권이 정작 단속 예산 편성에는 소홀하다는 지적이다. 사진은 AI를 이용한 합성 의혹이 제기된 이재명 대통령과 박병규 광주 광산구청장(오른쪽)의 사진. 박 구청장은 지난해 12월31일 해당 사진이 2025년 5월 금호타이어 광주공장 화재 이재민 대피소에서 찍힌 실제 사진이라고 밝힌 바 있다. /광산구 제공 선관위는 현재 '허위사실·비방 검토자문단 운영' 용도 예산에 기대 버티고 있다. 제22대 국회의원 선거(1억2600만 원)와 제21대 대통령 선거(5400만 원), 제9회 전국동시지방선거(9000만 원) 등 주요 선거에서 ‘검토 자문단’ 명목으로 편성된 예산 중 일부를 딥페이크 관련 자문비로 사용하는 셈이다. 이마저도 '딥페이크 전용'이 아닌 일반 허위사실 유포 단속 예산에 포함된 금액이다. 정치권은 선거철만 되면 ‘AI 조작 방지법’을 통과시켰다며 치적 홍보에 열을 올린다. 그러나 정작 법을 집행할 선관위의 손발이 묶여 있는 상황에는 침묵하고 있다. 현장에서는 모호한 판단 기준에 무력감을 호소하고 있다. 한 선관위 관계자는 <더팩트>에 ""가장 힘든 건 기준이 매번 바뀐다는 점이다. 전에는 위법으로 단속했던 사례가 나중에는 중앙에서 '괜찮다'는 상반된 판단이 내려오기도 한다""라며 ""판례가 충분히 쌓이지 않은 상태에서 내부 기준에만 의존하다 보니 현장 대응에 혼선이 잦다""고 토로했다. 기술이 정교해지면서 단속 난이도는 점차 높아지고 있다. 해당 관계자는 ""요즘 딥페이크도 돈을 들인 만큼 정교해지는 시대다. 위반자들은 고성능 유료 버전을 써서 실물과 분간이 안 될 정도로 교묘한 영상을 만든다""라며 ""위반자들은 돈을 써서 도망가는데, 단속 기관은 빈손인 상황에서 규제가 무슨 의미가 있겠느냐""고 반문했다. 특히 후보자가 대거 출마하는 지방선거를 앞두고 캠프 내 불안감도 커지고 있다. 한 수도권 캠프 관계자는 <더팩트>와의 통화에서 ""선관위로부터 명확한 지침을 별도로 전달받은 바 없다. 말로만 처벌한다고 그러는데 실질적으로 잡아내는 게 쉽지 않을 것""이라면서 ""사실상 무대책으로 일관하고 있는 것 아니냐""고 비판했다. 발로 뛰는 더팩트는 24시간 여러분의 제보를 기다립니다. ▶카카오톡: '더팩트제보' 검색 ▶이메일: jebo@tf.co.kr ▶뉴스 홈페이지: http://talk.tf.co.kr/bbs/report/write",더팩트,정치,https://n.news.naver.com/mnews/article/629/0000494733?sid=162
